std,ptp,roughness,p5,p95,skewness,kurtosis,tic_id,sector,cache_file,anomaly_score
0.4331092537450173,8.286255901343706,0.3312374705649409,0.42533221657334663,1.6126054570471338,1.550754919740991,29.453233030591292,350297825,64,TIC350297825_sector64.npy,0.8237880695775885
0.24444128301481075,3.1322307885580756,0.2638835799568997,0.6471690809806518,1.4188747010379883,1.6460769691171453,10.097018906726953,350297825,32,TIC350297825_sector32.npy,0.8121661903165055
0.18459320698385615,2.2390271805708677,0.19679050652190294,0.7139237974352337,1.3038154460030527,0.9860439297840462,5.756459260041375,350297825,31,TIC350297825_sector31.npy,0.8050540073159349
0.2109685685900573,1.9945603193938783,0.16439005940140636,0.6224472838820602,1.361637891418473,0.3822276148549315,2.3071667002103107,350297825,28,TIC350297825_sector28.npy,0.8009791907470395
0.18349673585066964,1.4120700720162525,0.2021347154400114,0.686949354292553,1.3049145689418522,-0.02860806359070662,0.2874140009232655,382303117,39,TIC382303117_sector39.npy,0.782763833443506
0.16218802093886475,1.286837811092827,0.1703789437097105,0.6896495078315068,1.2478287220061577,-0.1119389901643529,0.26965862056060574,382303117,68,TIC382303117_sector68.npy,0.7788018395784211
0.14973895764368395,1.7087108518908711,0.13177313575180666,0.786492844784258,1.2211114201374476,0.5909976128035003,4.519136888547321,350765919,68,TIC350765919_sector68.npy,0.7772226627942619
0.15045323331921742,1.263352141002175,0.11455642070671983,0.778976380426234,1.275883329084016,0.7591450655047561,2.1802208533591623,350297825,2,TIC350297825_sector2.npy,0.7714055710419486
0.14435408855416318,1.4087554364150932,0.09918016684338782,0.7731770669292762,1.2365878653133493,0.5320298566614476,2.401821775418176,350297825,12,TIC350297825_sector12.npy,0.7714055710419486
0.15097053553985018,1.2232482758594865,0.1553555399326657,0.7560691366513018,1.2420142721171779,-0.012017533225725106,0.37659571497201005,382303117,38,TIC382303117_sector38.npy,0.7668148169708704
0.16098401084060496,1.0678483521823439,0.16675051218815723,0.7472624851573649,1.271726056662135,0.02908784409284702,0.19234101666027392,382303117,90,TIC382303117_sector90.npy,0.7663346326445037
0.1501430600720901,1.2479297225060835,0.14478399494607336,0.7380456202993009,1.2325329898195716,-0.04937555853303632,0.4497661043251382,382303117,65,TIC382303117_sector65.npy,0.7659448053214416
0.14600292816019378,1.2425213020873365,0.11424405361561812,0.7801176248066034,1.2687899098662745,0.49911453988246246,1.4599723251617007,350297825,1,TIC350297825_sector1.npy,0.7641331540035602
0.14412046430818193,1.1555809611506263,0.1473785038596465,0.7680473650041723,1.2521845359117578,0.12480756552041775,0.48647505174920713,348841203,61,TIC348841203_sector61.npy,0.762841741414338
0.1446125175155614,1.101176772891349,0.1611652738338007,0.7689060218116074,1.2379857013121416,0.09763910219764078,0.20138236892446493,382303117,63,TIC382303117_sector63.npy,0.7580454670444993
0.13743783494648804,1.2435480024150425,0.0968049611652877,0.8060599790973016,1.2468690578874606,0.8270304289226164,2.6759572139539936,350297825,3,TIC350297825_sector3.npy,0.758029471171706
0.14918143243623352,1.0436785971657994,0.15648112761659977,0.7727167623149818,1.2504176371644098,-0.03117224328499276,0.10288378315939406,382303117,66,TIC382303117_sector66.npy,0.7567186017376907
0.14194709264318514,1.1184498420526998,0.14387142299540537,0.7800192793475763,1.2525787688894847,0.2804311266411545,0.37022403227827727,382303117,96,TIC382303117_sector96.npy,0.7531887020663561
0.13671178460582661,1.1359852907794492,0.09652089378811736,0.794168993412604,1.2429844020510037,0.5448075072527954,1.9728687664528568,350297825,6,TIC350297825_sector6.npy,0.7508831571590867
0.11735597844450647,1.4197081171548356,0.1053810013872454,0.8417145232682037,1.1785117200578021,0.9394656169147949,7.354882680774926,350297825,65,TIC350297825_sector65.npy,0.7488194724482617
0.10675615446283782,1.8656040420594402,0.09798162824468198,0.8571134417081797,1.1384147697076639,0.5909105165369489,16.416553092637976,350297825,29,TIC350297825_sector29.npy,0.7461645153837455
0.12212916328240839,1.33624873393219,0.08261082797368173,0.8295958544494937,1.2017731126583444,0.7567311493321263,3.8521240374016026,350297825,11,TIC350297825_sector11.npy,0.7429975961257876
0.11876235058508983,1.419018479832243,0.07856364902058882,0.8281363055613685,1.1928995553705828,0.6281666860396672,4.632542453396705,350297825,13,TIC350297825_sector13.npy,0.7418640757881562
0.14300358971153954,0.9076599603956335,0.14559080724558363,0.7838067274920165,1.2594300145924913,-0.11219788019852392,-0.05537913363331315,382303117,93,TIC382303117_sector93.npy,0.7410423302981873
0.139912539867279,0.9881389917113056,0.1481595245408773,0.7766218236473583,1.2280500316640823,0.016506295251902316,0.19504949460893029,382303117,69,TIC382303117_sector69.npy,0.7389577708435644
0.0991343654422635,1.4927250500646312,0.09282675560994937,0.86015777150044,1.1280433348122756,1.4262012934091755,16.21060118334257,350297825,37,TIC350297825_sector37.npy,0.7358568608001251
0.13672460706390588,0.9024631660121041,0.14016036479661145,0.7913579110474823,1.2590865757253105,0.2200279809717244,-0.2929796444563868,348841203,68,TIC348841203_sector68.npy,0.7342961689697615
0.134924949613135,0.8720650148011561,0.1488149525892163,0.7731758885904468,1.2234598810212132,0.06711281541034138,0.02613778448530457,382303117,30,TIC382303117_sector30.npy,0.7329746334770717
0.11922148448295175,1.1011254456336474,0.08313668530656375,0.8268516849675244,1.2049206533365957,0.365919212282544,2.5028350562950177,350297825,4,TIC350297825_sector4.npy,0.7320714143822782
0.12730884367742318,1.2473209271366765,0.13317262524412252,0.793907902886944,1.2072207701985358,0.11845457370487684,0.9449643014104456,348841203,64,TIC348841203_sector64.npy,0.7314953435878394
0.10836305272110651,1.078255392088031,0.07219091221419427,0.8570839774866842,1.2078000017456447,1.1484956801026385,3.593305055481401,350297825,8,TIC350297825_sector8.npy,0.7307652504323371
0.11374588537497526,1.1245872228054483,0.07489247913396144,0.8458037610173034,1.1986741305954458,0.6801123055283577,2.998841659098993,350297825,7,TIC350297825_sector7.npy,0.7299361398481345
0.1250130807625994,0.8409007678445136,0.11904256276227641,0.8204634022711936,1.2236464012337516,0.6060348104227273,1.3676719267130526,348841203,87,TIC348841203_sector87.npy,0.7288149172208496
0.1349811132601044,0.7941296816496636,0.13595598353505672,0.7598749351750111,1.2066239203383002,-0.15137800379016322,-0.06000511099525774,382303117,98,TIC382303117_sector98.npy,0.7281979322528571
0.13282733197899213,0.8864713459122652,0.14516288299910082,0.7815887987368152,1.2178006460731852,-0.18045827131663097,0.038551157325427354,382303117,62,TIC382303117_sector62.npy,0.7266440526583604
0.13007696294395782,0.9713457789995262,0.13338785488655377,0.771188605702871,1.1990151265487878,-0.06582557441301279,0.045058622624868594,382303117,97,TIC382303117_sector97.npy,0.725991932735748
0.13050806276974536,1.0760879108764563,0.14595744644160347,0.7931521849981606,1.2111804218350355,-0.03953679477049255,0.4223633183539395,348841203,63,TIC348841203_sector63.npy,0.7246210688981585
0.12426360057311249,1.153384790362987,0.08507532334422085,0.8240716591825111,1.210295809980166,0.22213856176858815,1.7126255386460345,350297825,5,TIC350297825_sector5.npy,0.7235685681465062
0.1336282906532855,0.8868592096747652,0.14065903291340037,0.7779076862054064,1.2140623065009433,-0.07535674453402173,-0.10138745393407556,348841203,65,TIC348841203_sector65.npy,0.7233753955762162
0.10269189545431376,0.9681214250894137,0.1031623183573592,0.8557399510459934,1.1608895953440963,0.9368418579554519,4.214372423508337,350297825,35,TIC350297825_sector35.npy,0.7212642344339013
0.11872815702993143,0.9712188536853456,0.07795034807548311,0.8472263586474801,1.2294813457030827,0.7661164219996045,1.5889225336312371,350297825,27,TIC350297825_sector27.npy,0.7205186546781228
0.13493258136089287,0.9672266558898643,0.13304287327001912,0.7924633885260279,1.2120418581235595,-0.09482127627422751,-0.27654961165684133,382303117,64,TIC382303117_sector64.npy,0.7202725897313922
0.08675685635554503,1.1789250722804825,0.09323309655390835,0.8740004275194693,1.1455958244072546,0.6084095761579024,4.577646595236191,350297825,33,TIC350297825_sector33.npy,0.7190309240144849
0.12991279708287992,1.0294940215091155,0.13850562363348604,0.7909629973970879,1.2136888067450562,0.05772320711679037,0.09781191700776803,382303117,88,TIC382303117_sector88.npy,0.7177897122089499
0.11763234531449958,0.9750596338573727,0.07594161318344562,0.8060777594809149,1.195975652166308,0.454134170514476,1.649527559490335,350297825,9,TIC350297825_sector9.npy,0.7169004639133131
0.1298565258508124,0.8647034870094032,0.14064941842532494,0.7832489605069856,1.2155236776565836,0.029980096369912976,-0.014685910188018791,348841203,62,TIC348841203_sector62.npy,0.7164186230898578
0.12691954676767397,0.755372535662485,0.13021800475452003,0.7693752472074449,1.2049181805731035,0.019439353486538996,0.056182068634708315,382303117,37,TIC382303117_sector37.npy,0.7161330166972144
0.128722435671611,0.8294725832464367,0.13601783796365444,0.7850930475019259,1.2146481577786206,0.062384498897375365,-0.06415213848288559,348841203,88,TIC348841203_sector88.npy,0.7132748672432403
0.12508974513523277,0.9996693574777988,0.13675182099331554,0.7935819808906988,1.198683676848077,0.025285756216689385,0.17585845250534282,382303117,36,TIC382303117_sector36.npy,0.7131119691596819
0.1260534399552066,0.8978324735666405,0.1401843815394342,0.7928421735442084,1.207995981774018,-0.030322468058361314,0.15869825576129193,382303117,34,TIC382303117_sector34.npy,0.7126296505437212
0.08901705056524938,1.05379898544183,0.09572347215570791,0.8743832396157367,1.1484850974062757,0.5381411197824267,3.590030488205219,350297825,63,TIC350297825_sector63.npy,0.7124790268251295
0.1273109213741402,0.8625015567436625,0.14384207787373732,0.7942478897703863,1.2088290303706644,0.08695146009444056,0.09297199785063404,382303117,89,TIC382303117_sector89.npy,0.7122188647972065
0.12548664592170256,0.9555268542924371,0.1342889510976394,0.7900967795654101,1.204294226437552,0.05515199083334886,0.3673550045552427,382303117,35,TIC382303117_sector35.npy,0.7103015216995651
0.12850744578333811,0.8363650501120655,0.1347674867506542,0.8027615491900341,1.2141781445258344,0.013818888523010006,-0.049187432223819716,382303117,94,TIC382303117_sector94.npy,0.70984682223527
0.12622372461040118,0.8368791586860099,0.13717864610823816,0.7976930836188425,1.206932053357713,-0.06115613365786844,0.03514128319948684,382303117,29,TIC382303117_sector29.npy,0.709304754613531
0.12763787421343506,0.862485142314631,0.1190894253967418,0.7925675797572221,1.1865888881894726,-0.4912097607244062,0.8409246388932083,141976247,93,TIC141976247_sector93.npy,0.7062680090601225
0.11813117706713365,0.897683211044928,0.11841972996360103,0.7829554260399094,1.184847326490384,-0.14695515099268064,0.013290241239977352,348841203,69,TIC348841203_sector69.npy,0.7043861867908724
0.12301304133306067,0.8827915399983156,0.13145580648028568,0.7938995103746415,1.1959776956935075,-0.018976050851556594,0.3029533825022037,141976247,65,TIC141976247_sector65.npy,0.7042416856695081
0.12360619726447448,0.8752331790327813,0.131995342469119,0.808439158464166,1.2105856541238607,0.05767599870113228,0.051902844199450904,348841203,67,TIC348841203_sector67.npy,0.7025266870941383
0.11856095378006122,1.0483359796052938,0.12409063011000293,0.810899380286286,1.1934785627580977,0.04066041545145016,0.27777578806351544,382303117,95,TIC382303117_sector95.npy,0.7021099059308051
0.12030240329332983,0.7801847012990764,0.12945003465141336,0.8038418724896643,1.1980127224781267,0.11275870886025587,0.003622984923767003,382303117,67,TIC382303117_sector67.npy,0.7017149450993747
0.12435309558954222,0.8501033902557968,0.12314808407093587,0.7974028734758114,1.1924517631042157,-0.03121435254758477,-0.04383228232839009,348841203,66,TIC348841203_sector66.npy,0.7013319259088405
0.0022566411123490352,0.07576886990783804,0.0011985134870355298,0.9977016102209174,1.0018905727905163,18.722393260747715,566.373254959734,260162387,4,TIC260162387_sector4.npy,0.7005834317748374
0.11888446641632718,0.8153638051487734,0.12273069505511051,0.7836378223373025,1.1885322275580639,0.0790884694773077,0.05541627936651494,382303117,31,TIC382303117_sector31.npy,0.7003491861687526
0.11559365723097725,0.7295028252299078,0.11493520816362994,0.8299995611020331,1.2149609682570586,0.2013035745091487,0.09502453374558684,382303117,61,TIC382303117_sector61.npy,0.6975522179608205
0.09094942631787288,0.9888833686608183,0.09031773950965169,0.8735819404592725,1.1412676247439508,-0.31263726990482316,3.698012284236004,350297825,67,TIC350297825_sector67.npy,0.6960490495508648
0.11371362234377295,0.880184912691507,0.12190929464292401,0.8229430888231504,1.1998654487309306,0.08227237468623715,0.309736453914351,141976247,38,TIC141976247_sector38.npy,0.6931700019539979
0.1162589208111766,0.8700516118602366,0.12442679064497057,0.808366865236426,1.1899083536070643,0.053808510868181614,0.08880096511891233,382303117,33,TIC382303117_sector33.npy,0.6919146035275335
0.11518161015810742,0.8045741855552677,0.12277426078342868,0.8096722174044008,1.1862679213342902,0.04584522760377319,0.29284724755070846,141976247,66,TIC141976247_sector66.npy,0.6907799079783311
0.08170443988480172,0.9578596132241095,0.07981635691698365,0.8872561509616022,1.1334965489289717,-0.6097858555256389,4.604093110539243,350297825,69,TIC350297825_sector69.npy,0.6895479173183142
0.08357365187261424,1.0136475428831293,0.08766365657904378,0.8763189196062425,1.1273977363194005,-0.24250263584705922,3.931975922252602,350297825,62,TIC350297825_sector62.npy,0.6876815422068977
0.0023610444574536566,0.056257380597796613,0.0012066055206818322,0.9981053677425231,1.0023515411292807,13.89686280400562,279.10507206314145,260162387,11,TIC260162387_sector11.npy,0.6875486849382703
0.07727750312315519,0.9227532594226938,0.08178496665042335,0.8854491321592973,1.1220609562664148,-0.7678738405994762,6.591607896446103,350297825,89,TIC350297825_sector89.npy,0.6863442693825196
0.10215086973394065,0.9662485397275257,0.07471713697566665,0.8589354594647225,1.177535043403769,0.22840012843998148,1.4103114627369004,350297825,10,TIC350297825_sector10.npy,0.6862886403098105
0.10720853529224392,0.8249498722932033,0.11566360929615972,0.8217160806611793,1.1767990184056278,-0.024840365961822587,0.19150370573947928,141976247,37,TIC141976247_sector37.npy,0.6834499208262277
0.11094104141892336,0.7393166929212932,0.11792673123405807,0.819752178519706,1.1788591188184117,-0.025250366774770966,0.06918944067858579,141976247,96,TIC141976247_sector96.npy,0.6834193901916059
0.10573505638900704,0.8549246361768561,0.11347737211250136,0.823287991851637,1.1739073762878467,-0.07351404721544429,0.21314846902359097,141976247,69,TIC141976247_sector69.npy,0.683218753497861
0.10274931820712575,0.7761798007330104,0.10372208991663426,0.837663571099083,1.1789544405290693,0.1719417294170255,0.5853167727451445,141976247,36,TIC141976247_sector36.npy,0.6812395732851471
0.10467384774023546,0.7149715097901562,0.11284845806971451,0.8217513842108038,1.1649039081045802,-0.1556338790391646,0.1742343400429962,141976247,90,TIC141976247_sector90.npy,0.6801029509723295
0.1051782661938271,0.7868796838529073,0.11017071810381704,0.8304080903258566,1.1628990439539486,0.14884841174511032,0.38555435491928325,141976247,87,TIC141976247_sector87.npy,0.6799369954326845
0.09900094519455896,0.8682841838007388,0.11008441254532288,0.8387621156038377,1.156504707520184,0.05832132547998956,0.7464568400336016,382303117,87,TIC382303117_sector87.npy,0.6768799670345997
0.08332721360969553,0.8968452578898134,0.0816002832028042,0.8841324339952448,1.1457502403897386,-0.008080647961027481,3.0975429676297095,350297825,97,TIC350297825_sector97.npy,0.6751232212357379
0.07478732615070152,0.8340956756470213,0.07974218981212657,0.8826215820347996,1.1205543722843518,-0.5565757642367969,4.246253120537002,350297825,90,TIC350297825_sector90.npy,0.6728871012093782
0.0019227442409207754,0.05455085059421383,0.001338837928909318,0.9979454237066295,1.0020759336411658,10.9469921372854,245.19512825412102,260162387,13,TIC260162387_sector13.npy,0.6726278494226443
0.1007435238606386,0.6976368528581294,0.10943103569827482,0.839660092999654,1.1679959956379529,0.05519943621784886,0.22670276301724046,141976247,64,TIC141976247_sector64.npy,0.671729112786409
0.10156432278715165,0.7277799980039017,0.11146164281801786,0.8346910107150133,1.168862665313641,0.041146395054620664,0.09006629510076625,141976247,63,TIC141976247_sector63.npy,0.6717214637629739
0.003075928003518564,0.08472038443439345,0.0020480177652586573,0.9966330012081247,1.003709979957239,7.369587388437996,142.7669717625359,141975926,95,TIC141975926_sector95.npy,0.6710856317464986
0.08556375172984637,0.8517148136716697,0.08451687096494404,0.8743918329028375,1.1627342372273468,0.09881461964818891,1.6576652222284443,350297825,36,TIC350297825_sector36.npy,0.6709952973884323
0.09631060529442612,0.6878410026717993,0.09759970464354864,0.8318694105343518,1.1544553821729269,0.09120028277712519,-0.05725188852271579,141976247,61,TIC141976247_sector61.npy,0.6693027853186924
0.08002634701757397,0.8582191749393911,0.08684032619692751,0.8595697554875124,1.1260861202750148,0.20067395195744703,1.1212043352117789,350297825,39,TIC350297825_sector39.npy,0.6690136446622501
0.021196491562840893,0.2811861396893265,0.00331763718799675,0.9705345545404931,1.0233690217386806,3.343850104035864,26.16070768815176,260131665,38,TIC260131665_sector38.npy,0.6672333916313524
0.000929238115382223,0.019514894864442578,0.00024762499461518465,0.9996017124242806,1.000325394724156,-14.182670497105542,229.73131566134185,350765991,87,TIC350765991_sector87.npy,0.6662240422454749
0.07698299654555522,0.8285133609101617,0.08446636207321678,0.8792885498069442,1.125887505624437,-0.10814981093815565,2.373491316365808,350297825,30,TIC350297825_sector30.npy,0.6661565884524783
0.051200944416582864,0.5847727146224646,0.01924914653499052,0.9414864839830345,1.0554480036508822,-2.47793957529607,11.711747827631433,350765919,12,TIC350765919_sector12.npy,0.6652988133249972
0.09219476050851777,0.6365041726987952,0.10030589259858984,0.8416045345328256,1.1517362200761119,-0.04416460106243481,0.3005341445677474,141976247,62,TIC141976247_sector62.npy,0.6652980623749036
0.0017781504845124742,0.041695119998234054,0.0012351671771800253,0.9980442812559521,1.0020441216544633,10.264896702185977,203.119778069081,260162387,64,TIC260162387_sector64.npy,0.6651960873111488
0.09618019996353161,0.6162733010755979,0.10292829464372763,0.8421836956888021,1.1586142532040433,0.04997523691557539,0.08173536734710796,141976247,88,TIC141976247_sector88.npy,0.6649679355193389
0.09291733359683715,0.7170782780931181,0.10043031012434564,0.8510296686695158,1.153794014093075,-0.0022005230939765824,0.4630902396279697,141976247,68,TIC141976247_sector68.npy,0.6648427605948369
0.09138268788480623,0.7317108863611729,0.09886022621062479,0.8546686287311577,1.1504817331695905,-0.06779364594843042,0.2155918260346028,141976247,94,TIC141976247_sector94.npy,0.6638369108803994
0.0912470626171689,0.7063448062440791,0.09746766312005523,0.8547684261654032,1.148401131910979,-0.05305101461585011,0.2900918939425785,141976247,35,TIC141976247_sector35.npy,0.6631310056843982
0.00036295997942124066,0.00905582147779227,7.111422023216925e-05,0.9998309986633028,1.0001181963802435,-12.59701407637329,211.51351197614756,149988523,93,TIC149988523_sector93.npy,0.6630361318204486
0.084350431175425,0.7546677507102674,0.07958968628760928,0.8790056253666373,1.1639307620577832,-0.08037254091960382,1.6363410729611383,350297825,66,TIC350297825_sector66.npy,0.6603887127908665
0.08757678644010113,0.6648629279052736,0.09399498479841596,0.8562120794368592,1.140488848559224,-0.09137886607777893,0.10551592881945249,141976247,67,TIC141976247_sector67.npy,0.6582718610477994
0.0004539280294181482,0.0101617555773863,0.00018143977954837763,0.9997117838853284,1.0002792426432183,-12.332025471344974,192.47424825703584,150392584,13,TIC150392584_sector13.npy,0.6561922056163008
0.07178475999008335,0.8148545419470203,0.07522875826573361,0.8905630293691156,1.1151825496909016,-0.27549970102731863,3.084964466872276,350297825,87,TIC350297825_sector87.npy,0.6560993944861676
0.07701241459454308,0.7792577191197112,0.08129700294701506,0.8808861823031762,1.1316586940423863,-0.07048699963597488,1.8655477562212228,350297825,94,TIC350297825_sector94.npy,0.6552944387078855
0.0006761781923912373,0.01978694376951129,0.000204944941589281,0.9992970780469616,1.000726994977158,-8.265298789368726,198.0842703095202,142108949,65,TIC142108949_sector65.npy,0.6537520224096697
0.07140695286133975,0.7626859912282389,0.07752984716675568,0.8947576861802332,1.122048402624583,0.40078130324429584,1.4960994089814053,350297825,88,TIC350297825_sector88.npy,0.6534931667220308
0.08763912088581326,0.6028449695698145,0.09470181591740504,0.8588705171798662,1.1466845988485763,-0.01250942569974494,0.10276311724011178,141976247,89,TIC141976247_sector89.npy,0.6532901594413968
0.077950411978689,0.7474671768275518,0.07756738263773708,0.8834765634627054,1.1194984770241712,-0.129746335593642,2.3149366495430828,350297825,68,TIC350297825_sector68.npy,0.6508873194514836
0.08212332890538876,0.7005910424679257,0.08555748304272653,0.8704912725953587,1.1297516646188452,-0.04987602885554128,0.9864785074352582,350297825,95,TIC350297825_sector95.npy,0.6488511283644945
0.08389155723594088,0.6051371361090226,0.07643125104674982,0.8772347434668626,1.139540092752083,0.23292493351016685,0.754059517702498,348841203,27,TIC348841203_sector27.npy,0.6468597596743103
0.003765654264927069,0.08134602381571299,0.002152801505343202,0.9956450121010378,1.0038748455124622,6.791373153247481,95.73897974998411,141975926,96,TIC141975926_sector96.npy,0.6468341930607842
0.0022649224212009022,0.04741821274519431,0.0012427430357786575,0.9977754156038342,1.0024777170955645,8.367270273432355,127.85055603830634,260162387,2,TIC260162387_sector2.npy,0.6460439949368066
0.08344900874440032,0.5733548200820998,0.08656099563043523,0.8666113735302561,1.1348604977799082,-0.172835174619875,0.07864674017382756,141976247,95,TIC141976247_sector95.npy,0.6452381533193875
0.0014027155157769456,0.03726598747685361,0.0011486464766597483,0.9982262626131213,1.0018315344634443,7.279070685363779,162.12730043700626,260162387,5,TIC260162387_sector5.npy,0.6447344393797368
0.0005007649551603177,0.01409078602603131,0.00017739051298801438,0.9995384393237894,1.0004482392588507,-8.789814320625181,186.54959630261007,150392584,5,TIC150392584_sector5.npy,0.6440315986198684
0.07689052695522182,0.4089956729517741,0.04559808405770278,0.8953331528109407,1.1468687716270067,0.4663748313078813,-0.07497870773104198,382256692,13,TIC382256692_sector13.npy,0.6424343533231219
0.07154256475632297,0.528142861537905,0.07898076166272984,0.894980109564881,1.1224899937016484,0.43394940919072506,0.9402474142312585,350297825,34,TIC350297825_sector34.npy,0.6383431547260096
0.0023793037398087257,0.04091487264648852,0.0010786929783246173,0.9976272236526615,1.0020612105059112,8.692825341305204,113.65191171575158,260162387,66,TIC260162387_sector66.npy,0.636185121439287
0.08361510873317948,0.5094095910644595,0.05769243706587383,0.8546170631239617,1.1317434397787387,0.05565709548479674,-0.46865080015236904,382256692,9,TIC382256692_sector9.npy,0.6351310686355095
0.07429397323305129,0.6879978870850451,0.07844692370284728,0.8781580725313408,1.118364664252484,0.22159867018245175,0.4673565180882906,350297825,96,TIC350297825_sector96.npy,0.6348773057929478
0.07731165239236415,0.579006929592275,0.05888316348284169,0.8805580336103264,1.1339412944496143,0.25886698765185084,0.27690507785566654,382256692,90,TIC382256692_sector90.npy,0.6344140941986173
0.0016984867946928878,0.042835373682694744,0.0011320260567478702,0.9975695603125785,1.002046989079478,6.11379011432258,120.67727762171096,260162387,95,TIC260162387_sector95.npy,0.6324165553974744
0.07831429900213596,0.5548099493844102,0.05577031749799943,0.875895468562183,1.1294839874542841,0.2890336497722924,0.049582732590848,382256692,87,TIC382256692_sector87.npy,0.6321483587684052
0.07658774998067093,0.5833554705166922,0.07276810062952137,0.8796872118758885,1.1249324350699186,0.04521603677261796,0.8549714749153123,382256692,98,TIC382256692_sector98.npy,0.6319839464782852
0.07398042568511592,0.6280998997354079,0.08042525870510787,0.875033285372957,1.1186920168416907,-0.027284002755222924,0.8043840527480945,348841203,39,TIC348841203_sector39.npy,0.6311598490416782
0.04327789979588623,0.3506043256381056,0.038368390989069454,0.9294145066745805,1.0663902233651348,0.7588190215192436,3.199859958766324,350765919,64,TIC350765919_sector64.npy,0.6310915224319579
0.06990799811791196,0.7115517230576572,0.07326890869369922,0.8924476115173389,1.1177110657561733,0.06533201650607164,1.0497139736576528,350297825,98,TIC350297825_sector98.npy,0.6308597076943018
0.07061436890323444,0.5148983433411028,0.07704689275589578,0.890105454604986,1.1228387048197725,0.3186847449042134,0.47327966126561094,350297825,61,TIC350297825_sector61.npy,0.6297763561522767
0.0778929726442368,0.47950184746569,0.05410035739833825,0.8785967343492017,1.1361645756948628,0.19064476555159132,-0.19817326512931555,382256692,88,TIC382256692_sector88.npy,0.6296454182357987
0.06825571575254782,0.23837932157651787,0.07184131276963897,0.8804931909920749,1.0878205132150855,-0.39492317894506584,-1.0954005826507698,309659126,97,TIC309659126_sector97.npy,0.6282373703106665
0.027180753383563842,0.24794571789954023,0.004235405959632649,0.9551560641953356,1.035000853606018,1.4663868104343947,8.881458052725138,260131665,34,TIC260131665_sector34.npy,0.6280922021562593
0.000521132221106456,0.011033901230763421,0.000250246485350959,0.9996076286448171,1.0003422776191875,-10.019731269034228,134.24035050481308,350765991,89,TIC350765991_sector89.npy,0.6278558727975201
0.0798359856316598,0.596421963839899,0.06029432370156943,0.8750919432508302,1.131983935010029,0.16888598347647762,0.24564483368618495,382256692,89,TIC382256692_sector89.npy,0.6260497577406535
0.06621887393425338,0.22384904258834826,0.07195953629221762,0.8864171255049873,1.084294304468056,-0.3541739245261858,-1.1811280196059455,309659126,98,TIC309659126_sector98.npy,0.624883530447112
0.06397456061230619,0.5227833536897881,0.06835133810295935,0.8913658107040453,1.1060270996971622,0.15461880258897123,1.1280020160942419,348841203,12,TIC348841203_sector12.npy,0.6235334697854378
0.0021298095236964108,0.08020582343351546,0.00039051565980264256,0.998317282125457,1.002014977872583,1.3368562817972671,184.02366820057824,370227780,5,TIC370227780_sector5.npy,0.6230242929133949
0.001898896142789108,0.023764087813173296,0.0001679767292025529,0.9992581139412077,1.0005995080054204,-8.114858163433663,72.65031266517471,142108949,31,TIC142108949_sector31.npy,0.622919683856754
0.02455745949206201,0.2975118217945887,0.004281396564266645,0.9584797879320659,1.0311090643520429,1.0778660724656388,12.412879729608305,260131665,39,TIC260131665_sector39.npy,0.6224983977624536
0.005045781650191246,0.07533936219403814,0.0033239542800116446,0.9951615478494379,1.0084633148816131,5.000411241981581,50.94919708989103,141975926,3,TIC141975926_sector3.npy,0.6215899569706128
0.06999067973238209,0.5886988293974735,0.07668482733979805,0.8932556317980228,1.1193646721167967,0.03882852980968427,0.74508032696489,382303117,12,TIC382303117_sector12.npy,0.6210936777234133
0.004895566589004137,0.08768732073471941,0.0033784522084233048,0.9946861809723296,1.0075074254849308,4.588648677275044,53.061742437733244,141975926,5,TIC141975926_sector5.npy,0.6201126820620522
0.07640076091624369,0.4382690752572419,0.05262328637168424,0.8744675651104603,1.120412686665318,0.03102379884673729,-0.48304273006943577,382256692,11,TIC382256692_sector11.npy,0.6196685265819621
0.06067058935311428,0.44372864374560983,0.06623904296191489,0.9064906891521386,1.1013970398155026,0.3194995322432924,0.2890605418455814,382256692,95,TIC382256692_sector95.npy,0.6195895478265827
0.05562318966842567,0.4234553621444812,0.05371014268131532,0.9191269362119521,1.092714556391409,0.489213811964882,1.475070270077052,348841203,7,TIC348841203_sector7.npy,0.6192042208178391
0.07220498669966201,0.5343477333792358,0.07976457032940211,0.8827366367982576,1.1136935180604302,-0.1080592489910049,0.46638149439084264,348841203,13,TIC348841203_sector13.npy,0.6185028793362494
0.0005182268424680348,0.019107817670192206,0.0001515922611640137,0.9995438982090867,1.00040475375512,-3.789445069241633,190.21038068906893,142108949,32,TIC142108949_sector32.npy,0.6183335957925825
0.00046438749660712405,0.012347382248624195,0.00041409956157894146,0.9993285149982931,1.0006266093380183,6.723198058198608,156.97036533898037,176873028,90,TIC176873028_sector90.npy,0.6170899067263815
0.07169040087897066,0.5415973116461643,0.07361179003600753,0.8931767682553929,1.1293691860086332,0.013698375463071864,0.36298990053827396,382303117,28,TIC382303117_sector28.npy,0.6170388292539621
0.04222162843823919,0.42114013152918883,0.0412337322251951,0.929888605148125,1.0639581030644687,0.11682267206079631,1.6586094398531657,350765919,63,TIC350765919_sector63.npy,0.6166864991837822
0.0005353852489270002,0.015342428044896717,0.0002946023013268769,0.9995650182148114,1.0004556545194836,-6.457019786374913,121.07377436247123,370227780,89,TIC370227780_sector89.npy,0.6166415879625404
0.07100247979826947,0.27128315049953056,0.03602213481027293,0.8798565033088275,1.0883163712735704,-0.2809441388158319,-1.2784645647989357,309659126,95,TIC309659126_sector95.npy,0.6164424241007063
0.06859009607422713,0.2349011330021452,0.03642673077415145,0.8800279894435669,1.0886130084398966,-0.40474466158514394,-1.1275811583533546,309659126,96,TIC309659126_sector96.npy,0.6163614751939765
0.07338253381956406,0.5647551646659017,0.07681437779288554,0.888612682059635,1.11527835103303,0.1191022394342707,0.4260816754435015,350297825,93,TIC350297825_sector93.npy,0.6163395557558884
0.06862043667737601,0.23729410000734963,0.038962781992660865,0.8786681346955798,1.0897945935030264,-0.34259299219679595,-1.1571310316458014,309659126,31,TIC309659126_sector31.npy,0.616180018986208
0.07529963310176471,0.5088564927971727,0.056460019918020216,0.8812783313778522,1.1252905701029587,0.11126536981097657,-0.2201058217557068,382256692,6,TIC382256692_sector6.npy,0.6161241462628869
0.05525165030000171,0.44343569904526803,0.05687174619864745,0.9081608042325624,1.083890444929172,-0.4167334592626149,1.4832750608451848,350765919,39,TIC350765919_sector39.npy,0.6160638446659439
0.06801644920721255,0.5458333994256137,0.07356838005200823,0.8849242461452433,1.1118248111531972,-0.026098834998207737,0.6606194760880242,382303117,27,TIC382303117_sector27.npy,0.6160148376668307
0.01937820457341958,0.26776155485072317,0.014677746295196362,0.9714552109950639,1.029206387682442,0.6195498622088741,5.603871509408698,350765919,89,TIC350765919_sector89.npy,0.6151629012759805
0.06427633118149204,0.46992260325210644,0.06836171258238098,0.8955075704032032,1.1076563283687233,0.13609793271321521,0.5047567743727193,382303117,1,TIC382303117_sector1.npy,0.615004018932527
0.06074784542213384,0.21675501778691653,0.03695131081233821,0.8957234558559906,1.081166219049291,-0.3785483511527572,-1.0805080031733585,309659126,13,TIC309659126_sector13.npy,0.6146823597388645
0.07523013854107624,0.5467300152573416,0.06032899389319529,0.8641362015978199,1.1171883626943653,0.07994608345835587,0.11496211382394517,382256692,62,TIC382256692_sector62.npy,0.614651427077091
0.07318030998158073,0.4376668979006354,0.054206814588322084,0.879518790342377,1.1216063549609112,0.1735855590699701,-0.25890818443334274,382256692,12,TIC382256692_sector12.npy,0.6145894449204223
0.063774330493914,0.4187495503649118,0.0683024362792991,0.8960367812327185,1.105101900965086,0.19810771216883447,0.06295344018705196,382256692,94,TIC382256692_sector94.npy,0.6145132529276146
0.06782061611420999,0.5159844395560962,0.07243407162692708,0.8893110351575432,1.1082164937573968,-0.1323887939310635,0.3628816782404587,382303117,13,TIC382303117_sector13.npy,0.614513165847856
0.07512804951694549,0.4342458959430828,0.049339764852522984,0.8800748500220027,1.1202337861866691,0.05582496241729354,-0.4165390429473512,382256692,69,TIC382256692_sector69.npy,0.6144417408158153
0.03340292722705426,0.34990661484467345,0.03623390938007594,0.9466210035650605,1.0537809416824027,-0.14647839388374886,1.1519902861232136,350765919,32,TIC350765919_sector32.npy,0.614065905392767
0.06653314050514463,0.4389432192064858,0.07133209387038222,0.899897081369017,1.1097050727192912,0.09040293933703664,-0.11544101027599707,382256692,93,TIC382256692_sector93.npy,0.6134424158350666
0.03309149006767356,0.21964829845503153,0.031099741614984674,0.9526071547137986,1.0584544287798623,0.5069235363245372,0.9898776246578143,350765919,29,TIC350765919_sector29.npy,0.6133610609437461
0.07212887056158912,0.5650032356268572,0.07786347613446233,0.8866159386426976,1.1148701010870972,0.006340220667596431,0.3002589251983392,350297825,38,TIC350297825_sector38.npy,0.612513084973562
0.0015867587090699123,0.03732968057490027,0.0012196572552313253,0.9978081591763485,1.002088631975289,-4.621935412209642,83.05045821825973,141809220,97,TIC141809220_sector97.npy,0.6125102230360348
0.06475413951242617,0.5273560828130939,0.06960491476340705,0.8918241647872207,1.1024876293096368,0.07690050229899192,0.4078330573272413,348841203,8,TIC348841203_sector8.npy,0.6115067687102085
0.06306709629241895,0.2218481409803187,0.028878934818842253,0.8945579194672723,1.0854480870605836,-0.3736756078508732,-1.1377147468233502,309659126,3,TIC309659126_sector3.npy,0.6114717546442276
0.06498975960593847,0.46525484738136136,0.06817510871980285,0.8936458027852101,1.109508338680762,-0.11324772265365984,0.0813972293239229,348841203,1,TIC348841203_sector1.npy,0.6113127753680384
0.027746787866040595,0.1891490272737627,0.004417240224893227,0.9482391909974179,1.0301182141078247,-1.9439967285254094,6.049376113512324,260131665,2,TIC260131665_sector2.npy,0.6109247600931464
0.06590241397022482,0.22052853722427423,0.03616903383387905,0.8870678103154176,1.0834430034059641,-0.43185023978000747,-1.1229003002986582,309659126,27,TIC309659126_sector27.npy,0.6107866332323961
0.07052149496390117,0.3964464460067998,0.07146436690042263,0.8820247114190136,1.112913908529144,0.030824561426848297,-0.13856507018341846,382256692,96,TIC382256692_sector96.npy,0.6106439421893796
0.06908460164692333,0.23213153177214796,0.03586417793615599,0.8896312392566657,1.0917210633657857,-0.4007490823377967,-1.1725964747461317,309659126,94,TIC309659126_sector94.npy,0.6105988217157504
0.07354552783021927,0.4358354142467411,0.05390483386885388,0.8835944552141595,1.1257867469888858,0.030320682794703246,-0.45590907391604096,382256692,28,TIC382256692_sector28.npy,0.6102633406967193
0.0694997875149489,0.23903995122760557,0.04538594582607828,0.8844853833740806,1.0966985048118978,-0.29941165754392524,-1.2132074241927135,309659126,89,TIC309659126_sector89.npy,0.6101807217136342
0.06897891348882622,0.2376816999740068,0.03815188975987735,0.8848647696011619,1.095451792411648,-0.3874111197345466,-1.1595576017959373,309659126,90,TIC309659126_sector90.npy,0.6099189195700516
0.06229657149838888,0.48050840870217837,0.06154402628699685,0.9066595649725664,1.110718417203914,0.16206689747372213,0.5809818698636731,348841203,10,TIC348841203_sector10.npy,0.6098317656014118
0.06859695347916366,0.23463651942872443,0.039412601958749564,0.8824266788895692,1.0886658250422996,-0.438791040981679,-1.1371826011669854,309659126,30,TIC309659126_sector30.npy,0.6097188563552706
0.06267169006420682,0.2207643475544122,0.03878119793709113,0.8941245185021519,1.086182224181135,-0.3480983459282382,-1.1561257536237843,309659126,2,TIC309659126_sector2.npy,0.6096399182195623
0.0042985503569804495,0.06079745244596069,0.002022641096052411,0.995186242344839,1.0041765651549515,5.85930891017101,55.150498660351765,141975926,88,TIC141975926_sector88.npy,0.6096218130977408
0.0662382944790204,0.22224429064266316,0.03511646676631949,0.8898967864778224,1.0853053555121563,-0.44164277090304,-1.1531939132057496,309659126,68,TIC309659126_sector68.npy,0.6095227871362977
0.06930394685512357,0.23372816471446656,0.039032078884377513,0.8823834549237621,1.0898017468767778,-0.27761422113442297,-1.2891237708579515,309659126,32,TIC309659126_sector32.npy,0.6095015951787629
0.06670138363357407,0.23127215222150466,0.03884702347808452,0.8821201248652941,1.0889750605961042,-0.3848639518932323,-1.0966794854506574,309659126,33,TIC309659126_sector33.npy,0.6094340470892614
0.0717310718605231,0.40728695247347435,0.04781891626757057,0.8876468760472291,1.1144371358929441,0.18602014074404336,-0.5715321255092825,382256692,68,TIC382256692_sector68.npy,0.6092148404770088
0.06416931120955516,0.24079940006977973,0.031548663962436344,0.8921731551182378,1.0890467677933064,-0.35270945425398487,-1.1266666837717028,309659126,6,TIC309659126_sector6.npy,0.6091852182358714
0.06675923768766161,0.22262244345244342,0.033583607385036615,0.8900931881002186,1.0838782744280189,-0.33222574323530474,-1.270924364612636,309659126,67,TIC309659126_sector67.npy,0.6091608753606133
0.06708135033521467,0.22400219775519115,0.03299254880593255,0.8897465199173192,1.0850767472109244,-0.33449289568478635,-1.2659577903042023,309659126,66,TIC309659126_sector66.npy,0.6091303061252545
0.06493709781901805,0.2290099008858596,0.03120226738138766,0.891381312403775,1.0881392398184468,-0.4610019586104251,-1.0880878930261118,309659126,12,TIC309659126_sector12.npy,0.6090379197517959
0.06674584996431855,0.2197250118464955,0.035519160307673804,0.8846456473938016,1.083774512472915,-0.29517257452188705,-1.2415998357122129,309659126,28,TIC309659126_sector28.npy,0.6089010461661551
0.061297147013794906,0.22316544785584214,0.033982763896771684,0.897502236648833,1.0854690735032086,-0.33769727292935725,-1.125734594458347,309659126,4,TIC309659126_sector4.npy,0.6088687077939835
0.0005924104289333468,0.020919233805181014,0.00019772402593975193,0.9995390310044684,1.000521539202484,-3.0913167010942946,166.6924796715578,350765991,67,TIC350765991_sector67.npy,0.6088117165403656
0.06481238537482527,0.22292034118505966,0.036520154622557574,0.8933241960204262,1.0898395296624506,-0.2580005399239844,-1.2337402208171275,309659126,5,TIC309659126_sector5.npy,0.6086452116914923
0.02088097385683683,0.14192030227580787,0.0029348100588461076,0.9695116868915232,1.0277680669794031,1.4437270267342026,5.749141022279325,260131665,35,TIC260131665_sector35.npy,0.6084691430513187
0.06691613289058275,0.23761862111335275,0.035636123091229,0.8892973780345791,1.0972439746165383,-0.3123965676431992,-1.1256010594327583,309659126,87,TIC309659126_sector87.npy,0.6084642772671139
0.06597186907512619,0.22652329268337168,0.035402204644061894,0.8915338805292291,1.0893505033796402,-0.4011936812638495,-1.1603704914080744,309659126,7,TIC309659126_sector7.npy,0.6083062504931074
0.017968938908539837,0.16205011754837062,0.002436420663689525,0.974822813129864,1.0225137824154529,1.6105327455393408,8.562446943529702,260131665,66,TIC260131665_sector66.npy,0.608292487104316
0.06595020614002971,0.22979560512323416,0.0342194632895185,0.8894637222870552,1.0920762366127112,-0.39859018493649934,-1.1433278140465768,309659126,9,TIC309659126_sector9.npy,0.6082635735792403
0.06528845349762093,0.22944873157854762,0.034184283118774084,0.887578518805756,1.09242002829251,-0.319593653318148,-1.1200612840240505,309659126,37,TIC309659126_sector37.npy,0.6082291744634366
0.06510173424579661,0.23257963574152407,0.034184887693823045,0.8894399550671448,1.0926361361422738,-0.3473236553758181,-1.1007113043072445,309659126,10,TIC309659126_sector10.npy,0.6081733599477468
0.06477771548552932,0.22618013116406077,0.03458843519076057,0.8865041424055184,1.0875927480472145,-0.41862376137247964,-1.0777516451308151,309659126,61,TIC309659126_sector61.npy,0.6080568199579127
0.06589976825671316,0.23440478944930754,0.034532139813478795,0.8915534165705035,1.0832638181663583,-0.3405656208748685,-1.2521579370556173,309659126,69,TIC309659126_sector69.npy,0.6080162165914981
0.06968174180756165,0.4099309389993655,0.049349227238741536,0.893469875801532,1.126197781017356,0.11481263963720614,-0.4555436606402221,382256692,66,TIC382256692_sector66.npy,0.6079988019319095
0.051097060768844065,0.4042347329254695,0.05763619173876806,0.9227947798999829,1.0909615285905923,0.3377155068061418,0.3151913948834264,382256692,33,TIC382256692_sector33.npy,0.6079462708194462
0.06860358253761378,0.23937533357666296,0.04065370938768623,0.8858225211698557,1.0958631870051905,-0.22332385046255807,-1.228358985814553,309659126,88,TIC309659126_sector88.npy,0.6078880869271791
0.06761312733965436,0.23138395025467584,0.037493220026244306,0.8852124399449912,1.0890716070126376,-0.41856574051261025,-1.1482076477713634,309659126,34,TIC309659126_sector34.npy,0.6077197030458951
0.06814826226012867,0.22809500283570117,0.03666149547869508,0.8835359419203574,1.0854806047880414,-0.27500624724628,-1.2903393504613176,309659126,29,TIC309659126_sector29.npy,0.6075991556948028
0.02222494192880504,0.19422931351880235,0.0036455122397454592,0.9582099230043674,1.0282342799872382,-1.8053057933205046,7.087025967482484,260131665,4,TIC260131665_sector4.npy,0.6075332371050643
0.0695027358613922,0.469626523840887,0.04903571742053701,0.8881218350361343,1.1118162379299994,0.18301487927202922,-0.18223822202513018,382256692,10,TIC382256692_sector10.npy,0.6072152803099237
0.06595202333159488,0.23255316469974985,0.03449183546970924,0.889036032844945,1.0942487914198493,-0.3657443977782039,-1.0844374446298155,309659126,38,TIC309659126_sector38.npy,0.6071759946642885
0.06601563994945231,0.22972749021414085,0.038050797303796305,0.8928148540542844,1.0897776187908381,-0.4360258239612279,-1.1277934554424516,309659126,39,TIC309659126_sector39.npy,0.6071399510348504
0.06587735756468988,0.22453803263395755,0.040562514482298376,0.8893690059444264,1.086013042154566,-0.28408379821184016,-1.2296899930309848,309659126,65,TIC309659126_sector65.npy,0.6067529698539065
0.058211081009887575,0.4182203230528567,0.06636242050904868,0.9074173607913409,1.0977698087185466,0.11861310992114626,0.12826909619270754,382256692,39,TIC382256692_sector39.npy,0.6065858095041374
0.028322435535206608,0.313350693284162,0.02791845972997468,0.9482194480692744,1.0431416755268244,0.18082295018108674,2.1642211950665073,350765919,62,TIC350765919_sector62.npy,0.6065341549747439
0.04287473218473114,0.3653635279601648,0.047061327615925984,0.9302696339816349,1.0743260299286583,0.2531588512431091,0.6204981640161535,382303117,11,TIC382303117_sector11.npy,0.6063343286613888
0.06961302630476147,0.23537761197702944,0.03572008602165089,0.8868141367652295,1.0924606136151092,-0.2604562291332954,-1.2845056442674678,309659126,35,TIC309659126_sector35.npy,0.6061977257730177
0.06775518991753472,0.2288321553760636,0.034654040991647116,0.8897678711235614,1.0929102111384028,-0.30470958872055875,-1.2465182131753205,309659126,36,TIC309659126_sector36.npy,0.606197349699751
0.016819679634355714,0.2724240914123688,0.005588802224165333,0.966918063507293,1.0228829973172968,-0.5815915137352143,9.536175285806406,260131665,97,TIC260131665_sector97.npy,0.6061430616796539
0.06961234490240954,0.5084513467647258,0.046981279036213276,0.8881365595255502,1.1122319715368352,0.122850555200504,-0.25624779440742707,382256692,67,TIC382256692_sector67.npy,0.6060873751059287
0.06738302202680978,0.230384308258628,0.041343313564490676,0.8844553471953341,1.087324953237736,-0.35363680120998353,-1.1897306916421124,309659126,64,TIC309659126_sector64.npy,0.6058849999882779
0.02701984073334499,0.17611847624353272,0.022314104521617712,0.9587838013977725,1.0461969697683275,0.6079490952339961,1.5329061382239653,350765919,98,TIC350765919_sector98.npy,0.6057998006012789
0.04195736695020755,0.3628759442968731,0.04502214220211003,0.9295785331633252,1.065006634274776,-0.1965101931767786,0.4926162849225473,141976247,28,TIC141976247_sector28.npy,0.6057953720953634
0.002378435572982373,0.02842638131239561,0.0005539711380407109,0.9989267548686724,1.0011523782584737,-7.0984988372177,58.021486956185406,350765991,35,TIC350765991_sector35.npy,0.605689751617001
0.06574706114388984,0.23103623191269373,0.034703868461293065,0.8911054628425438,1.0906203160285204,-0.2586008100260756,-1.2057146601009079,309659126,8,TIC309659126_sector8.npy,0.6052806458659385
0.06914623289088101,0.2314874046182065,0.03593204101541708,0.8862395509513329,1.091102225185647,-0.2333019695241214,-1.3123711679995689,309659126,93,TIC309659126_sector93.npy,0.605106283961685
0.06610923898678527,0.24560338244510782,0.0395566378393715,0.8853137940046923,1.0878678809042084,-0.3390724574990908,-1.129053168452227,309659126,63,TIC309659126_sector63.npy,0.6047941212308505
0.051295699186666474,0.460529678279223,0.05830208790887432,0.9181850683984374,1.0860115055925021,-0.08055185371083405,0.7172213774428293,348841203,33,TIC348841203_sector33.npy,0.6045182287269858
0.033404562698219446,0.29443803272996827,0.034656730819800856,0.9399817629199605,1.052921430283492,0.009242420888437177,0.9524852827357977,350765919,31,TIC350765919_sector31.npy,0.604396554578785
0.07092542909306872,0.45610633560817393,0.05411984952113267,0.8843289954775471,1.1129697481146277,0.09687931682049221,-0.26571896398599915,382256692,5,TIC382256692_sector5.npy,0.6042022427433501
0.06828625467330167,0.443463773374587,0.05412413914833182,0.8967327023601172,1.118526389718095,0.18320612689098056,-0.05541682887504873,382256692,61,TIC382256692_sector61.npy,0.6041986927578592
0.03204343262665566,0.2344870651615778,0.034533495840234754,0.9501865451251152,1.0528465603615633,0.02338035165819797,0.4066563118400395,350765919,61,TIC350765919_sector61.npy,0.6041066569609673
0.0020071239083477646,0.03735855307790048,0.0011402096857527145,0.9980001039273695,1.0022978084978655,6.323622383761703,78.59080306824723,260162387,65,TIC260162387_sector65.npy,0.6038966200630498
0.031936123841191794,0.3299631712169141,0.02914234615162662,0.9448842087209377,1.0462206512244623,-0.02820085881109063,1.310469805852967,350765919,38,TIC350765919_sector38.npy,0.603673533988229
0.07245122326972027,0.4173725142479011,0.05224674296713216,0.884871737277177,1.1222404198684284,0.060562195766308974,-0.41261697533809416,382256692,27,TIC382256692_sector27.npy,0.6036257791635787
0.06775638916251901,0.22628537950101213,0.03523274553367781,0.8857031938556077,1.0873506384144764,-0.2518348205386347,-1.299000106636261,309659126,62,TIC309659126_sector62.npy,0.6032598864545021
0.0017165925030051042,0.03409087565393121,0.0011296787995918956,0.9979816894850789,1.0021678813848807,6.604265423762033,97.32875528411111,260162387,88,TIC260162387_sector88.npy,0.6032448905767843
0.07153529956573476,0.4724642717576565,0.051167968718913895,0.8852242870738408,1.1121662281002018,0.06783989896902044,-0.3751671751623098,382256692,7,TIC382256692_sector7.npy,0.6030528549977031
0.04350401251248719,0.37451477225949736,0.0466022341380591,0.9297405314170912,1.0692126975029905,0.029921978820399403,0.6371428298079489,141976247,11,TIC141976247_sector11.npy,0.6026394959943686
0.05507883250814815,0.3686020796443662,0.06273519759189085,0.9130882692793676,1.0944996262259143,0.19795189271791414,0.3079879494345241,382256692,37,TIC382256692_sector37.npy,0.6025763719039656
0.056732172705030205,0.4718856795859735,0.0624791433067528,0.9064876106905132,1.093202765245607,-0.014479156328911672,0.4723428220076431,348841203,34,TIC348841203_sector34.npy,0.6024094535789882
0.07055235803332617,0.40481115565129966,0.05525326073091393,0.8869073747010745,1.115379067522956,0.11151899378856811,-0.29406185450812705,382256692,2,TIC382256692_sector2.npy,0.6021144322400719
0.0007066777026111871,0.01462169746971631,0.00011666820830778705,0.9996612421579971,1.000658297219102,8.042495683321588,105.26189737675534,149988523,5,TIC149988523_sector5.npy,0.6020490209462501
0.06978931471121252,0.4922516807346575,0.05364802350292096,0.8868839247460589,1.1146073294729177,-0.02833533336118008,-0.12790677287888208,382256692,65,TIC382256692_sector65.npy,0.6018128093234818
0.038709070084085175,0.2725785886062204,0.04061642674079814,0.9404803905678225,1.0693746808792552,0.05839339622925139,0.2670163474979881,350765919,66,TIC350765919_sector66.npy,0.6017530760376416
0.041278374038851,0.2718260916545562,0.04297285803830368,0.9344297412069084,1.065848277056639,0.037277752659765254,-0.14758123498848574,141976247,4,TIC141976247_sector4.npy,0.6012119311986585
0.06836921789849956,0.44547203106898203,0.04950757576792,0.8879218632283273,1.1108702729170683,0.030199325892960354,-0.28490482650246385,382256692,8,TIC382256692_sector8.npy,0.6011488807052235
0.054223269984906945,0.3677877697113612,0.06224643192463357,0.9151385934118303,1.0918899080624422,0.2136364375316877,0.19832222916203257,382256692,34,TIC382256692_sector34.npy,0.600938116801913
0.03791970584045388,0.26656918522838235,0.041070897638147384,0.9388369221175258,1.0637245806551145,-0.10418803277281574,0.2648104742203241,141976247,27,TIC141976247_sector27.npy,0.6005636158955923
0.07080318544788788,0.5017120876248924,0.058632164076670115,0.8829367571250438,1.1201785159193325,0.09288044416052023,0.2697997809662236,382256692,63,TIC382256692_sector63.npy,0.6005462401482885
0.03882160250184971,0.26521324089732345,0.04245289954976721,0.9367286229253813,1.0630577387639908,-0.03139035452994533,0.0419255820829032,141976247,1,TIC141976247_sector1.npy,0.6004223237281173
0.04807521556235208,0.41567317993352004,0.04931805608567519,0.9213606308606465,1.0842553777125343,-0.10412792244548695,0.5260330122763688,141976247,5,TIC141976247_sector5.npy,0.6001025505813182
0.057175726593227165,0.48234106202502147,0.06275204128801332,0.9097943769928135,1.096659595463683,0.11020560925431246,0.25317023980045006,348841203,32,TIC348841203_sector32.npy,0.5997969368464727
0.05218854777765239,0.35505777690806506,0.058644441318658806,0.9189932060184572,1.088158410238639,0.28846580253048903,0.3539857783017326,382256692,29,TIC382256692_sector29.npy,0.5997388640416467
0.00041369878778641986,0.010174715672562451,0.00037949694214001417,0.999481788409663,1.0005972452962175,6.060955174777101,117.032951137855,350522196,27,TIC350522196_sector27.npy,0.599318611098814
0.06735672923661812,0.3951655117216929,0.0489559998212471,0.886077806179405,1.111676318237786,0.03513650346759459,-0.2803011619994469,382256692,1,TIC382256692_sector1.npy,0.5992807767958047
0.05152975485054195,0.3875698224890175,0.057690918800427045,0.9140591637541025,1.0830543573562694,-0.0506825450226252,0.5084087287834178,348841203,89,TIC348841203_sector89.npy,0.5992771269439812
0.03982283863644159,0.27869682224629333,0.04286310131695383,0.9354602032388714,1.064421724791899,0.16080292354240122,0.18710125112124798,141976247,3,TIC141976247_sector3.npy,0.5992313399002347
0.06795607913502978,0.4390499922457932,0.05430475723821745,0.8906693242452458,1.1122112808571651,-0.04837234293025674,0.03325369592509908,382256692,64,TIC382256692_sector64.npy,0.599060575142047
0.04041135990616374,0.3157213923464324,0.04242649659324623,0.9337592671242517,1.0642243774083135,0.025318692946670912,0.49299378287200923,348841203,4,TIC348841203_sector4.npy,0.5989280874219032
0.051402215027468,0.4258640387381426,0.05786238910450763,0.9217840289356453,1.0901443729178473,0.16898830027185352,0.39848490730912056,382256692,30,TIC382256692_sector30.npy,0.5989211689426718
0.03897222665341806,0.31347669948459644,0.04278940620579799,0.9371430455059003,1.0644000461045697,-0.01772454637332819,0.2403711661151764,141976247,2,TIC141976247_sector2.npy,0.5987767769794137
0.06457845159499849,0.40759974528028453,0.049258273834480525,0.8942061253132948,1.105045674836879,-0.0016916570875167211,-0.14565932315284869,382256692,4,TIC382256692_sector4.npy,0.5986272944242909
0.05550617312116171,0.4809229543433031,0.06112488406105153,0.9090410794031771,1.089178423006692,0.14466070240906354,0.3079037954428303,382303117,9,TIC382303117_sector9.npy,0.5981689492912485
0.004676627565502815,0.0855258698586836,0.003192262365347297,0.9948211764829961,1.0082987173806224,3.5164384282979024,40.28148196874176,141975926,11,TIC141975926_sector11.npy,0.5980038172752753
0.025897255895185375,0.2199737554736625,0.014588087619544053,0.9544207930733584,1.0342695721083834,-0.6956469274545571,1.2311664604351256,350765919,6,TIC350765919_sector6.npy,0.5979594310204158
0.004247787058084913,0.09738285010629089,0.0016876441464096375,0.9970617135978909,1.0019510770391515,2.7034341729471554,63.42271278087189,260131665,88,TIC260131665_sector88.npy,0.5979195207167504
0.057141128230218975,0.3688008613711452,0.06358060585192765,0.9074153473900383,1.0946324534602647,0.06946613859296195,0.12829370165540155,348841203,38,TIC348841203_sector38.npy,0.5979105842298406
0.03064224754463776,0.2540165474052696,0.029602631377176218,0.9499421502147923,1.048592055336103,0.0663929790360318,0.5052619459187095,350765919,97,TIC350765919_sector97.npy,0.5978586493487645
0.04745810970442688,0.38959580420466844,0.0505664628884028,0.9230300071080009,1.0800843058243155,-0.126692171209074,0.3000466892791529,348841203,90,TIC348841203_sector90.npy,0.5977587012581159
0.02786788741460214,0.22559413682829588,0.02953264842146117,0.9550238186283861,1.0427706236534493,-0.15875104353400615,0.6804124138595755,350765919,37,TIC350765919_sector37.npy,0.5976876674440377
0.04304062750158743,0.3024947305223017,0.04758921789300566,0.928665500965701,1.0728994538036354,-0.10783325489588605,0.11528698283888872,141976247,31,TIC141976247_sector31.npy,0.597508182356788
0.04154447371530237,0.3026903893934715,0.04307545984033207,0.931586884350181,1.0656451467828658,-0.008541162047762712,0.02849288999951094,141976247,8,TIC141976247_sector8.npy,0.5974704176308354
0.05593895071896134,0.39601161849437083,0.059688852851918064,0.9170310281177836,1.0947084050662135,0.18484758339628823,0.25864449619386365,382256692,97,TIC382256692_sector97.npy,0.5969104555220105
0.04477239612253431,0.3220589237389945,0.0465954569141888,0.9206512585309253,1.0715871722183037,-0.025313701357478492,0.3100153183998491,382303117,4,TIC382303117_sector4.npy,0.5966003659155
0.04780718584200256,0.3483621069692814,0.052586842259398914,0.9190253970539528,1.0738296511207772,-0.051949583957910814,0.01908986315028427,141976247,12,TIC141976247_sector12.npy,0.5965910648370363
0.042573011162399865,0.2917007102165772,0.046525143602885795,0.9289360312321137,1.0668832877677947,0.013714570667066567,0.048127651285196915,141976247,29,TIC141976247_sector29.npy,0.5965624805008394
0.05871996500565895,0.35942459372645774,0.05991504567014723,0.8997150742622773,1.0925962700321747,0.021091495964373645,0.38483738157281966,382256692,38,TIC382256692_sector38.npy,0.5964306804328479
0.043209357272269176,0.3240807375973773,0.04445751295646482,0.932107015704957,1.0775664343619706,0.1543811238961632,0.4595083485672862,141976247,7,TIC141976247_sector7.npy,0.5964108957812772
0.027029704687962158,0.21650500196643063,0.02941172529063015,0.9558493924071936,1.0429389396418565,-0.1352326515556353,0.6191306465932329,350765919,33,TIC350765919_sector33.npy,0.5960723051081692
0.042800559337695665,0.30733721307538775,0.04620013259281929,0.9254787812245561,1.0678550544576768,-0.00699549031413627,-0.06722177458874246,141976247,34,TIC141976247_sector34.npy,0.5960718215157769
0.06569019195826287,0.43353064052279233,0.04760808699811749,0.8924608786238232,1.1063863472183024,0.0552348135087492,-0.11886181854078082,382256692,3,TIC382256692_sector3.npy,0.5960048877803986
0.046356966675246296,0.2845142300921004,0.05113790467893046,0.92520333671266,1.0762199260399643,0.022917546560141586,0.006429434776337839,141976247,32,TIC141976247_sector32.npy,0.5956544991655593
0.05116144343483495,0.3928624113921434,0.05557761792072042,0.9184466730958026,1.0804341578426788,0.18665503508795864,-0.054506689777686024,141976247,6,TIC141976247_sector6.npy,0.5956534284212257
0.0432116697671363,0.2914818159114725,0.047119245445012,0.9307057904267838,1.0699032049709283,0.054668502324008696,0.028891612878107154,382303117,6,TIC382303117_sector6.npy,0.5955243819720176
0.018499863021343762,0.14592159719402953,0.003046737757843284,0.9640241074955749,1.024279556879831,-1.4932213239637182,4.798343607797391,260131665,8,TIC260131665_sector8.npy,0.5953134305378845
0.0002373365671478891,0.00747067635969334,0.00011580270906231812,0.9997649544396844,1.00024421231348,4.375385928168417,139.3671967172643,149988523,33,TIC149988523_sector33.npy,0.5952282514292795
0.04942945631539253,0.38769002365017513,0.053643909094515954,0.9189844257943046,1.081789344958223,-0.05386184449568567,0.42345187987178834,348841203,9,TIC348841203_sector9.npy,0.5952060717556071
0.05314404546962007,0.39718972897864957,0.05887616972478546,0.911402142901529,1.0854794869757416,-0.1167476347176155,0.16454002764655717,382303117,2,TIC382303117_sector2.npy,0.5951199365955798
0.04339043505353157,0.3417267524327343,0.047144460080486936,0.9309477416720116,1.0725663723573546,0.05138360402035195,0.32999386940571673,141976247,30,TIC141976247_sector30.npy,0.5950127019792013
0.02072971337447783,0.17998239650530812,0.0035191655250664203,0.958338543659574,1.0334164262210557,-0.9705300905239707,3.0281603841336286,260131665,10,TIC260131665_sector10.npy,0.594583974231722
0.04582179000975744,0.3214864767060074,0.04526137870480752,0.9281230793387765,1.0741356949125944,0.15041234543363707,0.04902355340834719,141976247,97,TIC141976247_sector97.npy,0.5941054717803128
0.04576506967062902,0.2962392068871139,0.04249143968614986,0.9217158042156848,1.0822177757353997,0.12651389855519182,0.4878089000457142,350765919,35,TIC350765919_sector35.npy,0.5940958891525476
0.0535539998483503,0.40517668142983754,0.06086547516062192,0.9152305349968641,1.0879880048577595,0.04750405633409685,0.014865519620788525,382256692,32,TIC382256692_sector32.npy,0.5940862559697893
0.056110507878358556,0.40468555055006605,0.060440091812613395,0.9066588334987005,1.0939358902322904,0.019835852383569448,0.1684928296225885,382303117,3,TIC382303117_sector3.npy,0.5940529812718154
0.048062496461402,0.36000504460214,0.052679648554695806,0.9243510967628015,1.079548485880555,-0.06068376553311417,0.2913398457261125,141976247,10,TIC141976247_sector10.npy,0.5940109213666259
0.04884392707949914,0.3982822709042716,0.04753598120819028,0.9207235014451319,1.0800085763643388,0.103531551707278,0.33258181054430924,348841203,97,TIC348841203_sector97.npy,0.5939583547083035
0.002110830326100502,0.043032255236438166,0.001265728158161358,0.9979094168338872,1.0037972320438207,5.1212886368481545,66.23180651560976,260162387,97,TIC260162387_sector97.npy,0.5939522228286814
0.05385914777002667,0.3724680795719001,0.05748369953864676,0.9103494457205553,1.0882016926912672,-0.1382730462887382,0.2593123145398364,348841203,28,TIC348841203_sector28.npy,0.5939068004670915
0.022035197404516278,0.18586787243303948,0.0035386065533225598,0.9558820165427564,1.0306094183304086,-0.9481388805460542,2.6601921568053966,260131665,6,TIC260131665_sector6.npy,0.5935970370791938
0.046407772942581346,0.3382932177821919,0.050402604686781226,0.9242747795660382,1.076550014158484,-0.12086402973521204,0.32125651364860364,382303117,8,TIC382303117_sector8.npy,0.5932808731949484
0.051528723082258074,0.3948440998005196,0.05596805981207273,0.915039301817851,1.0840463208031275,-0.0699438731091891,0.37578380952421675,348841203,36,TIC348841203_sector36.npy,0.5930615603749572
0.025600337647996015,0.20078640470994336,0.02817770702803651,0.9564028504250438,1.042222853529614,0.06022325030921635,0.3766740164022395,350765919,30,TIC350765919_sector30.npy,0.5929042326157586
0.0540620612513717,0.3517430848184466,0.05725776679469704,0.9086370123302405,1.0837740830485756,-0.09847049476281042,0.0021255025158253282,348841203,29,TIC348841203_sector29.npy,0.5926129860945949
0.04818518882643723,0.3688717352092449,0.052510725203180675,0.9182194033181885,1.076220423766755,0.02877764079877193,0.2550691610507356,348841203,94,TIC348841203_sector94.npy,0.5925628735745228
0.05247728749832434,0.3970818302027529,0.0534457510735553,0.9194641710928495,1.0861174151777795,-0.011375216212419442,-0.1417672000484309,348841203,98,TIC348841203_sector98.npy,0.5924936262690772
0.05321017643668431,0.41467572829042876,0.053823538841520566,0.9099580317445157,1.084321297447853,-0.0004178916199022651,0.08916677421104957,348841203,2,TIC348841203_sector2.npy,0.592488015187996
0.051507423077890406,0.37008112647539615,0.05656921376967368,0.9156590431413264,1.0818791311063947,-0.2170063572986906,0.22176460137061182,348841203,37,TIC348841203_sector37.npy,0.5924847267709543
0.05555010122706228,0.34492453035245785,0.05872993307272009,0.9115255809276511,1.102815004859999,0.06081550172136131,-0.06057443656732797,348841203,30,TIC348841203_sector30.npy,0.5924409979544553
0.049016669511308585,0.322412659050477,0.05214025396480416,0.919672346127237,1.0789406085066569,-0.016813200473016304,-0.01292651683748991,348841203,5,TIC348841203_sector5.npy,0.5922952118197421
0.021521137071899527,0.1634885919465322,0.004123741551051625,0.9592139754558006,1.0305771217017463,-1.0093943812563824,3.1137161816263346,260131665,13,TIC260131665_sector13.npy,0.5922016129343733
0.052700871958315645,0.37564152634224357,0.06032559040829405,0.9162080583596675,1.088032073621595,0.11512381427726684,0.037908423347144726,382256692,31,TIC382256692_sector31.npy,0.5921265159073331
0.0027167017347794194,0.03689556412409112,0.00047645461353561675,0.9984887204338256,1.0006573855004337,-6.015814672834854,40.91470720137639,150392584,97,TIC150392584_sector97.npy,0.59209566142254
0.04580666380376897,0.3336867277747435,0.04909162537002234,0.9239278002411659,1.0738330728622751,0.012005342037755166,0.26372737332366203,141976247,13,TIC141976247_sector13.npy,0.5917973055424127
0.050003132648569315,0.3483090292744204,0.05249130903328249,0.9191862375241343,1.082497416887082,-0.03294899927448945,0.04090001569749857,348841203,95,TIC348841203_sector95.npy,0.5915644517888224
0.026166175029361294,0.20135828961118574,0.02806587066881186,0.9588424025943609,1.0445005766461457,0.13179365380105007,0.15471914167881096,350765919,67,TIC350765919_sector67.npy,0.5912410095884045
0.020707135417173807,0.17366654160222872,0.003770265220106574,0.9585418059995667,1.0286864976018757,-0.8917462320432783,2.287897689704258,260131665,9,TIC260131665_sector9.npy,0.5910436394588884
0.049737541366564116,0.3737303093311246,0.05397090643443246,0.922238484525463,1.0849776438994811,0.007144863793635038,0.030268643891238955,382303117,5,TIC382303117_sector5.npy,0.5908417686983993
0.04908744474419833,0.35011369218319977,0.0539118892063252,0.9192614923671293,1.0810623069973873,-0.05900019873984351,0.1677703875461134,348841203,6,TIC348841203_sector6.npy,0.5907307504690964
0.0199620656052514,0.2210613581011811,0.003624941765094674,0.9597963480571393,1.0286665633748882,0.15223502740121272,4.684416355356364,260131665,27,TIC260131665_sector27.npy,0.5906910613910715
0.0489970694428498,0.35213556080598163,0.05102149430304838,0.9161289715233629,1.0798891918900966,0.11630153810802149,0.021825539131995253,348841203,93,TIC348841203_sector93.npy,0.5906195196498205
0.049942354049632924,0.3881322689072405,0.05382774162710148,0.9192935900080966,1.0853333567095356,0.0733172021510404,0.37545124700210586,382303117,10,TIC382303117_sector10.npy,0.5902874796076869
0.04771593688018213,0.34489716909521473,0.052041724802639466,0.9229972106516795,1.0751558609088605,0.059449440763877245,-0.004575717009395852,382303117,7,TIC382303117_sector7.npy,0.5901440033549789
0.0524167119395218,0.33704748882162183,0.05813689148566156,0.9187945212569721,1.0900355516932043,0.10849474389522971,0.04963464249480953,382256692,36,TIC382256692_sector36.npy,0.589993808252111
0.050144668737237434,0.3854072366272151,0.0543265584454866,0.916967228464972,1.0807846490805983,0.02664660257830971,0.24577068596383977,348841203,35,TIC348841203_sector35.npy,0.5897573342018838
0.048328720699150944,0.35188686799738145,0.053688719704490774,0.9213215568152188,1.081500028310732,-0.01718333192764503,0.02828415989562938,141976247,33,TIC141976247_sector33.npy,0.5895983396127702
0.0029339878498032467,0.06963450584678521,0.0018326576047621632,0.9973123945093891,1.0026725568189012,4.058994718600487,59.45268263914275,260131665,89,TIC260131665_sector89.npy,0.5895013792347652
0.05053702013437277,0.35538370053758905,0.053275250835908325,0.9206529681636609,1.0891405666917742,0.09359158936926106,0.01839959177388506,348841203,31,TIC348841203_sector31.npy,0.5891501427181701
0.02335060378730597,0.19510435614559496,0.025527524626158375,0.9611754700437204,1.0367764413396765,-0.07486446703282555,0.30781440462677523,350765919,34,TIC350765919_sector34.npy,0.5888686851548804
0.026621215481028842,0.16362953653422896,0.026703006465680648,0.9602205846348899,1.0454748231307853,-0.017474518854612292,-0.10190148034877078,350765919,65,TIC350765919_sector65.npy,0.5884983621322396
0.05453936157103273,0.3630814350673923,0.05134990998082157,0.9079067473487394,1.0889857489104167,0.0710384930721936,0.26952685455750514,141976247,98,TIC141976247_sector98.npy,0.5884230585776045
0.022992202824714914,0.12669160105293054,0.014487148251248388,0.9666608598367117,1.0407437413017384,0.039384990128399695,-0.8257316754621082,350765919,9,TIC350765919_sector9.npy,0.588250763924734
0.02533962213711461,0.1922710684438792,0.019341029018293963,0.9608204682052892,1.0403970062138326,0.0037275595865022713,-0.10253964736672883,350765919,13,TIC350765919_sector13.npy,0.5877343248074374
0.011707284695647652,0.11478240728777223,0.010380693923477806,0.9847569750939841,1.0199588284523287,1.386038198777881,6.586872571580651,370227780,88,TIC370227780_sector88.npy,0.5874785846784129
0.051010654681162095,0.3569415422833032,0.05492053275283206,0.9186802840209815,1.0846035229049789,0.11868278221298836,-0.010125065749435613,348841203,3,TIC348841203_sector3.npy,0.5873901027485181
0.015051018867449865,0.2088076995525242,0.0037448730922098037,0.9694761750680692,1.0234755877306458,0.06797283273214605,7.683793055995865,260131665,1,TIC260131665_sector1.npy,0.5866960040137089
0.048191719840140215,0.33129439260010574,0.052749438448711904,0.9227141253820127,1.0796191964536754,0.08403471586610871,0.09721126685166492,348841203,96,TIC348841203_sector96.npy,0.5863857193855825
0.05165783328350543,0.3989542192666182,0.05576236072365426,0.9177416402288334,1.0844388647961856,0.05695930447294545,0.2386934758132564,348841203,11,TIC348841203_sector11.npy,0.5860365933623888
0.01685208131249754,0.15844063285683307,0.013013974434627257,0.9710856232157616,1.023824804133455,-0.5043573047399089,2.255774926439706,350765919,96,TIC350765919_sector96.npy,0.5847323760408827
0.00492039756329034,0.0659633547759586,0.0012898277516476457,0.998206866352429,1.003094750275638,5.129982726551234,32.13018053095832,260131665,93,TIC260131665_sector93.npy,0.5833340558272083
0.022115466751789492,0.12696528931258322,0.01656975663617074,0.9663095303437552,1.0361492585324463,0.0616258155795825,-0.6483359159382847,350765919,5,TIC350765919_sector5.npy,0.5828791002880804
0.0008676736331016554,0.019134564350230976,0.0006670456648733954,0.9988977112717904,1.0010794233697398,-5.272303092086031,75.63856392618425,167523976,87,TIC167523976_sector87.npy,0.5816173480981206
0.02331942859740441,0.2199768897853399,0.013512683797853932,0.965857834578059,1.0387515705920338,-0.11435141386555298,0.3396848118159408,350765919,3,TIC350765919_sector3.npy,0.5808678694991294
0.02207257884104182,0.1215027559219557,0.014666746308386118,0.9644121720865686,1.0343310683992335,0.01654916886829672,-0.776103228435602,350765919,11,TIC350765919_sector11.npy,0.5795591035300853
0.0022199878710081633,0.021944683575606083,0.00021792052910313937,0.9987975691072393,1.0006430969672535,-5.968293124319684,38.22177461106475,370227780,2,TIC370227780_sector2.npy,0.578874558042459
0.021297439232841657,0.1305485051266374,0.0030965878208154096,0.9654180594036778,1.0343689500528253,0.582947629377772,1.8682841118182827,260131665,65,TIC260131665_sector65.npy,0.5788244214003624
0.02240685947286433,0.14574048205452994,0.016647399168229035,0.9658021196261644,1.0381145273570618,-0.07721777563608538,-0.31938762015100775,350765919,1,TIC350765919_sector1.npy,0.5787905579996139
0.02243554980899919,0.1389628705051087,0.019405277930754323,0.9652570202037798,1.0384465851156255,0.016174031301481585,-0.16255440265178756,350765919,27,TIC350765919_sector27.npy,0.5783541223532482
0.017429899906318835,0.12271978898248015,0.0026318618842264903,0.9641361011078032,1.0240378372437688,-0.9198216866826286,1.9118640202046118,260131665,3,TIC260131665_sector3.npy,0.5777880871238665
0.0007653976397350404,0.019199644286246542,0.0004913370451928782,0.9989591402741494,1.0008190373480317,4.446193046152795,100.76511896820026,176873028,1,TIC176873028_sector1.npy,0.5764023850740545
0.016726835307037204,0.17372267074598058,0.00333716648428176,0.9666865735697058,1.0237768575243607,-0.4637345958381089,1.6701773941860028,260131665,7,TIC260131665_sector7.npy,0.5758224277193645
0.017689343168056728,0.1255213298897675,0.002913781538418612,0.9626502276780668,1.026924162498747,-0.7283474516315587,1.1757939232595742,260131665,37,TIC260131665_sector37.npy,0.5755247984673171
0.020036600917680628,0.12945176489519072,0.01424275784171911,0.9675052151690526,1.0319372339978745,0.13665679669433084,-0.4395886997583638,350765919,10,TIC350765919_sector10.npy,0.5752260002092765
0.014417596633477414,0.1486343762002229,0.005471298806202714,0.9707169454548422,1.0219714191618927,-0.7476587132309442,2.631641196794848,260131665,98,TIC260131665_sector98.npy,0.5746473742047933
0.020544558548573334,0.12040733358833144,0.013313477929628264,0.9679975171456076,1.0339463850940647,0.06238379288340098,-0.43146364419057415,350765919,7,TIC350765919_sector7.npy,0.5741098097951622
0.003738909370469309,0.06822801751188867,0.0010633581694900456,0.9983999607390319,1.0039744357685807,3.379324882232461,44.34405707999508,260131665,87,TIC260131665_sector87.npy,0.5741050920145374
0.020807711467524963,0.14275126901140622,0.013342818049662223,0.9675256424226699,1.033969951753658,0.11608046175023715,-0.2793175322793182,350765919,8,TIC350765919_sector8.npy,0.573983544950555
0.0015256728995150103,0.028810439290940515,0.0011161118185928796,0.99836383751438,1.0018533969419223,5.487668264802726,71.4537260313943,260162387,67,TIC260162387_sector67.npy,0.5735461000141552
0.019210428328746334,0.12655725598282697,0.0035663923174418803,0.9593547288962972,1.029529205612735,-0.5937903598508667,1.0069649326144283,260131665,69,TIC260131665_sector69.npy,0.5733191972655259
0.01778476588195308,0.14438378111861294,0.0029986751964142895,0.9683508549773918,1.0242909140433656,0.18623354339293738,3.1675700729041107,260131665,5,TIC260131665_sector5.npy,0.5732705678547786
0.01946907003197794,0.12658087408291596,0.015054960711280548,0.9687743603495235,1.0325382581407632,0.06419946499984257,-0.19674769193162822,350765919,28,TIC350765919_sector28.npy,0.5726184715655716
0.019713304017507087,0.160909991644826,0.01416504288777329,0.9686832114991766,1.0327076329771803,0.03851019911682368,-0.19507854753464748,350765919,2,TIC350765919_sector2.npy,0.572604897761622
0.020116582695647554,0.1563725122309877,0.014602630951470822,0.9670272062156348,1.031608275217952,0.01028598592445192,0.19108701408938833,350765919,93,TIC350765919_sector93.npy,0.572508643062821
0.018220336012127306,0.13368586624667356,0.0036839594473749883,0.9626981926656115,1.0283461577119979,-0.5705772282951952,0.811049672097512,260131665,33,TIC260131665_sector33.npy,0.5717337510991004
0.015423142897887553,0.11568953638508439,0.0027913796899939865,0.9681716565228703,1.0242764596110423,-0.6858404237763062,1.9017170509515706,260131665,67,TIC260131665_sector67.npy,0.5717141045237097
0.02002782895233259,0.1359830148476202,0.013215093630658158,0.9687612750758315,1.0336437846419697,0.14222604252607401,-0.2758536948412438,350765919,4,TIC350765919_sector4.npy,0.5713487549677551
0.019076679259663873,0.14817091284091333,0.013810108100068713,0.9682062787727042,1.0301718110480833,-0.06864559714057414,0.3061487969814838,350765919,87,TIC350765919_sector87.npy,0.5708270535563023
0.015445650825543113,0.12568910558389024,0.003018659627257195,0.9687737071452102,1.024110402267697,-0.6569493307291872,2.0234323611278455,260131665,31,TIC260131665_sector31.npy,0.5705948708164328
0.0030412394304062938,0.05171343905238235,0.002224454759585479,0.996062840723681,1.004640347701371,3.901235737675216,45.17467960320701,141975926,97,TIC141975926_sector97.npy,0.5705507906476894
0.016500891543132803,0.10575229569005418,0.0032502209781195258,0.9644368414497995,1.0238495701515473,-0.8855659054492001,1.5762695849770427,260131665,12,TIC260131665_sector12.npy,0.5703973680307994
0.020747088672163936,0.144316703277113,0.004344018624858365,0.9613106141029445,1.0333796771628387,-0.24933557148469213,0.9417910377873517,260131665,30,TIC260131665_sector30.npy,0.570181975917453
0.0005593141944226836,0.013678099930196641,0.0001929838339928373,0.999341380090118,1.0009173249333128,5.175517385032984,93.5355472174701,370227780,32,TIC370227780_sector32.npy,0.570178669975309
0.01974565383750652,0.10978800761402063,0.00360959666772943,0.9588228233663728,1.029798818223811,-0.4939776367239825,0.41717549596942005,260131665,62,TIC260131665_sector62.npy,0.5701110658437415
0.01958525383133643,0.1111977517014705,0.0033237208484653727,0.9601507282727968,1.0325084840680157,-0.5174254958826932,0.5907357445048138,260131665,11,TIC260131665_sector11.npy,0.5697884984021636
0.02064233497189818,0.14052944140892032,0.0036423016477826137,0.9570184626463205,1.0293321216770268,-0.24302462661780244,0.7324190510207598,260131665,36,TIC260131665_sector36.npy,0.5692865073230495
0.006593125849059117,0.04165228433731716,0.0008973391910466848,0.9881478554143116,1.0014622732858363,-4.169708938588255,16.619668061279402,278683641,4,TIC278683641_sector4.npy,0.5689442031331825
0.016804835887728777,0.11739145814182972,0.013819340327564437,0.9712211961150997,1.0262154991167711,-0.20758445227207303,-0.010825903075562415,350765919,90,TIC350765919_sector90.npy,0.5685200846429858
0.018845257789577574,0.1262187227180025,0.013858575448562574,0.9718933110386755,1.0346599639113208,0.11163070126080694,0.17640774829671413,350765919,94,TIC350765919_sector94.npy,0.5676562811443792
0.018159041791478037,0.12986795025380393,0.01406084442377929,0.9707991039842941,1.0309189587453538,-0.07190746336948543,0.26276420612838924,350765919,88,TIC350765919_sector88.npy,0.5667769910302317
0.017922798034731933,0.14146328453702872,0.00321994607414299,0.9657288862146438,1.0267935629674971,-0.12363016689449965,1.031438166942011,260131665,28,TIC260131665_sector28.npy,0.5657427834018076
0.015481829133304627,0.11412971364158431,0.013573221730781333,0.9738842363811818,1.0237971619592319,-0.17954180915594573,0.2042835118917501,350765919,95,TIC350765919_sector95.npy,0.5649472432394655
0.01559161025630196,0.09924854431431207,0.00287849081331703,0.967068766974372,1.024518499004929,-0.5920924795598217,1.0399925246839965,260131665,29,TIC260131665_sector29.npy,0.5634944293984899
0.014754473218539258,0.09768350762017464,0.015273099978946303,0.9754837093503023,1.0250332691969866,0.03622309271697652,0.003079769384834563,350559457,97,TIC350559457_sector97.npy,0.563465407998411
0.004520678023956461,0.0852533078286899,0.003356852300457601,0.9932672156689781,1.0059444501206043,2.184871778290488,33.007454236513254,141975926,13,TIC141975926_sector13.npy,0.5627817647467009
0.005014278158515191,0.03246993142271237,0.0009327512371687765,0.9943621677802936,1.0013778144432008,-4.583548473597661,20.82882482268605,278683641,65,TIC278683641_sector65.npy,0.5617540176015098
0.00025365935737174823,0.00320832472766186,0.00011769360560790923,0.9997692021416699,1.0001996512876736,-5.69730693087864,44.117633584906045,149988523,38,TIC149988523_sector38.npy,0.5616754477306238
0.014967987509125744,0.1178280008147945,0.002394290403112803,0.9712576646668343,1.022006010161732,-0.20521305468857648,2.538377537877679,260131665,68,TIC260131665_sector68.npy,0.5613337241595681
0.004368640678275938,0.07821966066496977,0.003665248744824119,0.99425328678015,1.0060995621294526,2.6248412749961916,28.52058616063899,141975926,27,TIC141975926_sector27.npy,0.5610865324219492
0.01464013017344303,0.09822269516048565,0.0024961742798574656,0.9682567986267949,1.0215757499653892,-0.8719674139764266,1.6733846387588596,260131665,61,TIC260131665_sector61.npy,0.5593827694668129
0.0004036915912007872,0.005526136844302032,0.00013293552593954402,0.9996851824744759,1.0002161392635214,-5.658270146555292,40.2968159404093,150392584,89,TIC150392584_sector89.npy,0.5585017110449573
0.0016199391859013262,0.028286295493287983,0.0012472364194391335,0.9982496564632759,1.002162624419175,4.789872739543165,56.91258964868122,260162387,1,TIC260162387_sector1.npy,0.5582410867372222
0.01508650840964,0.0896676209878482,0.0030108236249054977,0.968144621922379,1.023047363502703,-0.5659143406804472,0.5889196488568356,260131665,32,TIC260131665_sector32.npy,0.5580099757003217
0.013834792159797746,0.10366482990597425,0.002862712445380421,0.9712574883364734,1.0211581931239315,-0.8690128240845728,2.0460625609074965,260131665,64,TIC260131665_sector64.npy,0.5571227259379736
0.0049651705805950005,0.033111004275555356,0.001054337485797178,0.9927864635396058,1.00119178240991,-4.355634364451814,18.553702639782646,278683641,97,TIC278683641_sector97.npy,0.5558350646149413
0.007457341256979014,0.09241562979999962,0.005084950956029679,0.9912156384933822,1.0107972652263164,-2.719784980689409,19.242770587603193,150392584,6,TIC150392584_sector6.npy,0.5553217678591125
0.004524525260964816,0.06474084584356499,0.003515737937426535,0.9944087759471363,1.0060649794833458,3.192196100597631,25.851816026500543,141975926,7,TIC141975926_sector7.npy,0.5541569185252874
0.01273885056369519,0.09301174392237865,0.013829696057860026,0.9780438347241625,1.0207706798533291,0.13776581157412957,0.09200339899762122,142052608,37,TIC142052608_sector37.npy,0.5535398445630573
0.0007625830761549,0.01319107511184614,0.00018311471286090638,0.9991517625872778,1.000744789332521,-4.935220075578678,49.05708598748638,142108949,2,TIC142108949_sector2.npy,0.5527641305767662
0.004901602976043571,0.031572958628610204,0.0008028852559314739,0.9943900729239121,1.0011301431711863,-4.392718487834559,18.54850907016058,278683641,88,TIC278683641_sector88.npy,0.5523910254057254
0.005147317045670541,0.033413761063618486,0.000843985404670939,0.9936548885081594,1.0010711296291657,-4.387243705472778,18.518349222830505,278683641,28,TIC278683641_sector28.npy,0.5523540020138035
0.004345723695761234,0.05663750840562698,0.003324564345452512,0.994941547832798,1.0061520430781425,3.315796404005132,26.509157763720125,141975926,30,TIC141975926_sector30.npy,0.5516650973134108
0.01269612488142215,0.092281287307735,0.012851869122873593,0.9794367378208662,1.0205368861790876,0.2288816179517904,0.018830910951268987,350559457,98,TIC350559457_sector98.npy,0.5495477554677527
0.00498288582344649,0.04043858067484796,0.0008207557504305524,0.9913217844695124,1.0011711717725176,-4.039265448153743,15.837830137595162,278683641,62,TIC278683641_sector62.npy,0.549373943287106
0.0002812362690410571,0.008396550976967121,7.765100195981239e-05,0.9994414892730189,1.0002056158169843,3.1963068370359426,96.26918993637449,149988523,66,TIC149988523_sector66.npy,0.5483433570176307
0.0006508167711814498,0.011464825483515573,0.0004962014858622587,0.9991736944767974,1.000797097480636,-4.5346819034399335,51.92946451771754,176873028,63,TIC176873028_sector63.npy,0.5481215239192277
0.006408903540167977,0.044509013018334764,0.0008650229768001406,0.9801906034649188,1.0017624187389433,-3.1656862905385523,10.04749198606713,278683641,69,TIC278683641_sector69.npy,0.5480493274795848
0.0006935530236241103,0.010181952824711904,0.0004592096313046729,0.9991616871628908,1.0006804769631397,-4.932585383071158,44.80109239188737,150392584,94,TIC150392584_sector94.npy,0.5464750017754944
0.0031043786596897777,0.02709251833565607,0.0013407999193396356,0.9974359272723456,1.0023893364582246,-4.797316690565521,27.469310002809728,141941708,98,TIC141941708_sector98.npy,0.5461485635741614
0.012330651106952716,0.07911506474893837,0.012380823312030382,0.9808683509270856,1.0222326695834631,0.09149538042497772,-0.28001013369421823,260127241,66,TIC260127241_sector66.npy,0.54577518522023
0.004666826326436046,0.029654591194723467,0.000822573196680211,0.9880949486261432,1.0011163645364736,-4.047462501475566,16.274965421486158,278683641,95,TIC278683641_sector95.npy,0.5453079713136233
0.011906852601169339,0.07951151758079966,0.013605414660128842,0.980155796619422,1.0200820576504146,-0.06544479648686194,0.12483201948436173,142052608,38,TIC142052608_sector38.npy,0.5452223307042097
0.0015025200410109653,0.025575238864447125,0.0004633969762668442,0.9990964953746752,1.0007558739127933,-4.827836134707591,28.98288389430818,370227780,90,TIC370227780_sector90.npy,0.5441520243577157
0.012287008421797415,0.08240339348768866,0.012958134258413107,0.9794622932321516,1.0198065434428065,-0.009381498327764144,0.014790451943358818,142052608,35,TIC142052608_sector35.npy,0.543966725741904
0.00044142370094691773,0.008051887895840104,0.00015153047125594131,0.9994964477082489,1.0004434745683448,4.781912646853919,53.53578721429585,142108949,37,TIC142108949_sector37.npy,0.5434001603840086
0.004537728267431841,0.02881831437474769,0.0007969960136257198,0.9943835429633381,1.0010729566732104,-4.396890803111826,18.820894422171214,278683641,67,TIC278683641_sector67.npy,0.5425758876282104
0.00019164902971569934,0.0037089595738408754,8.072126657889125e-05,0.99976970306047,1.0002451926608558,4.772043509944421,58.83915879572681,149988523,8,TIC149988523_sector8.npy,0.5409053206283325
0.005174347051712779,0.02934344108557474,0.0010225795799605067,0.9869542930590012,1.001274147308236,-3.6941954148425515,12.829785887688129,278683641,39,TIC278683641_sector39.npy,0.540275282485803
0.004656548345414754,0.02829306995358294,0.0008329759486743563,0.9890371401991344,1.001089057556789,-4.011264229131598,15.341711228013047,278683641,87,TIC278683641_sector87.npy,0.5400781632105974
0.0014264836843834634,0.028208681194205165,0.0012007350237034752,0.9982360619452175,1.0022287498119862,4.024886772043598,53.845440925077305,260162387,96,TIC260162387_sector96.npy,0.5397445544940852
0.004124793586922236,0.027583878539331197,0.0008055110116077711,0.9955085538433917,1.0012046133828711,-4.479977911671413,19.72796103896842,278683641,27,TIC278683641_sector27.npy,0.5381339378637536
0.005323377715933941,0.029624876233457553,0.0008739539255898579,0.98653487055854,1.0011037063944597,-3.5547317679062305,11.983643502697896,278683641,66,TIC278683641_sector66.npy,0.5375739043418133
0.004418594164643659,0.026667690274793432,0.0008092190832874593,0.9887918825096658,1.0010417826627551,-3.944681430819566,15.30655163668996,278683641,96,TIC278683641_sector96.npy,0.5369660763174844
0.0004959853234786354,0.006415305460137799,0.00015800802911284658,0.999466047545065,1.0004779983588568,-4.850737408827808,37.385223308141796,370227780,37,TIC370227780_sector37.npy,0.5358932315820719
0.003517198210001123,0.04055597702262703,0.002087431208904115,0.9964714365859244,1.004011985191379,4.042882089355386,26.983484524232207,141975926,69,TIC141975926_sector69.npy,0.5357732921842882
0.007718599899101381,0.0765500621939158,0.00709872475588901,0.989754466926228,1.0135180650700901,1.292760020001406,6.0696356063182915,141975926,31,TIC141975926_sector31.npy,0.5349552693418306
0.0009575643060561858,0.012421397132394318,0.00010589046253427622,0.9996750310712935,1.0003799892741023,5.8472949380947545,39.526516657491214,142108949,6,TIC142108949_sector6.npy,0.5349386833481916
0.0007127595445659704,0.01077182764451301,0.00013425146620212898,0.9991477792138733,1.0004943232332355,-4.443133877924625,37.42614471711222,142108949,7,TIC142108949_sector7.npy,0.5342461889849365
0.004375255036322759,0.028302534804589774,0.0008198442188405331,0.9874907816210146,1.001187451423418,-3.741481305015038,13.57095129090122,278683641,6,TIC278683641_sector6.npy,0.5340812877393537
0.004738817380136111,0.027063710370791694,0.0008617645118658703,0.9875167359519872,1.0011218696555122,-3.732733718453974,13.162662878380704,278683641,5,TIC278683641_sector5.npy,0.5335474914742399
0.004614894746567006,0.026987041050394178,0.0009167637708204209,0.9875220599998138,1.0011545411907388,-3.70315966604646,13.052086268917527,278683641,38,TIC278683641_sector38.npy,0.5328332070137869
0.00039866318222179646,0.012521267976792871,0.00012675157283146337,0.9996948935430136,1.0005644623819747,-0.6876411536236279,123.36455056665675,350765991,9,TIC350765991_sector9.npy,0.5324075753223243
0.00047257160810208336,0.006914370679454662,0.00012887491290311024,0.999637281696761,1.0003428417117408,-4.461709171608212,35.78808188910948,370227780,64,TIC370227780_sector64.npy,0.5313516085234873
0.004927630026941558,0.026851437201604877,0.0007846445198387242,0.9863572691828505,1.0009816485425849,-3.4787999865714547,11.144845855649535,278683641,3,TIC278683641_sector3.npy,0.5301726697387557
0.0006013352049838485,0.008953717199694733,8.645455194846669e-05,0.9995617865452563,1.0004909749640365,-4.616588560975201,30.854259515012167,149988523,87,TIC149988523_sector87.npy,0.5284567168920424
0.0006798655419214069,0.008162611862438274,0.00017532407695252836,0.9995000611877702,1.0007218991760711,-4.717571479525095,34.45308701252229,142108949,10,TIC142108949_sector10.npy,0.5283374370316073
0.00026552283576015766,0.008141487036035788,0.00010875143632755246,0.9997407318079882,1.0002589455477973,1.3587238204734646,106.95185288051248,149988523,7,TIC149988523_sector7.npy,0.5281335557904295
0.004512401207619643,0.034192291982353296,0.0008918252103366968,0.9868093106987834,1.001436569496045,-3.32796811387476,10.507460186575823,278683641,30,TIC278683641_sector30.npy,0.5276630269909683
0.00017372474054618678,0.003669680580600132,0.0001509790023575239,0.9997549997323877,1.0002317244413557,-3.5074484215881205,49.47379768497583,142108949,34,TIC142108949_sector34.npy,0.527363051835983
0.004223600678201897,0.026664191657014724,0.0008953259416192933,0.987375500706856,1.001275022255178,-3.518162755798,12.03093009866921,278683641,29,TIC278683641_sector29.npy,0.5272843557515675
0.004596449280674063,0.028071268916521563,0.0008238868987340729,0.992471465584048,1.001184854818305,-4.050048218346447,15.541824730394389,278683641,68,TIC278683641_sector68.npy,0.5265196981347763
0.0041537812508316875,0.041698944927861414,0.0024665708720961674,0.9961235470798881,1.00428068712171,3.7467845475743795,21.658052471117024,309702035,2,TIC309702035_sector2.npy,0.5254679872171677
0.010937815308598688,0.07396503490748496,0.010505005921587148,0.9789749999934798,1.0158591636508163,-0.14385476832911115,0.45278657630503494,260127241,65,TIC260127241_sector65.npy,0.5243981693554227
0.010679726322487417,0.07390716823529331,0.01177093633007077,0.9825667822040819,1.017430916052678,-0.016133546680462126,0.2512382675607281,260127241,64,TIC260127241_sector64.npy,0.5232915461845312
0.0032392398498696283,0.051030295822225624,0.0011272090010049588,0.998288621534488,1.0017898960627845,1.806592484123598,39.99040643837944,260131665,95,TIC260131665_sector95.npy,0.5216927897988366
0.004481563849240862,0.02553879679064086,0.0008547668217130952,0.984970605083512,1.0010955228789302,-3.0488733397369305,8.202872830143152,278683641,2,TIC278683641_sector2.npy,0.5213228609380363
0.0038925508044109864,0.022578662514012415,0.0008504271802071627,0.9893278791846724,1.0010874279817192,-3.6944565095872486,13.161239243974254,278683641,94,TIC278683641_sector94.npy,0.520814595416048
0.01057798716902664,0.08070762975715118,0.011149699353879328,0.9833419401527211,1.0176508595156406,0.0891282368610882,0.09419659485487841,260127241,67,TIC260127241_sector67.npy,0.5207145049558213
0.010353930649575191,0.08246327457223879,0.011351530315882546,0.9827279582046751,1.0164489320468988,-0.05003877174741688,0.28491257797707004,260127241,63,TIC260127241_sector63.npy,0.5203902658533647
0.009204445266548357,0.09361268052165084,0.009391056044454145,0.985935190562312,1.016438706073644,0.37871853117339077,2.0534940710565444,142108949,98,TIC142108949_sector98.npy,0.5191451796921668
0.010175097778174469,0.07618547543652165,0.010529495518941633,0.9838770541471886,1.0161599343928915,-0.04063412930661885,0.07867720097317088,260127241,68,TIC260127241_sector68.npy,0.5175443622638941
0.003865349130018599,0.02267578157175576,0.000819472140875082,0.9872627166709509,1.0010664507100853,-3.4124755792902026,10.775224911195597,278683641,34,TIC278683641_sector34.npy,0.5159550404270026
0.01012085240829262,0.08229911799492218,0.010173281411830458,0.9838822711456425,1.0179826881553395,0.11741066991623164,0.20331734012036096,260127241,62,TIC260127241_sector62.npy,0.5155756311309434
0.004582526836387362,0.07675653391974568,0.0014824240702523282,0.9963414613357334,1.003422747664342,0.6020596596842613,30.105888013088666,260131665,96,TIC260131665_sector96.npy,0.515447868085564
0.0038344544829215393,0.022961935652725973,0.0007944394375168576,0.9865942692409335,1.0010800702744334,-3.3606685968056795,10.470126888015184,278683641,61,TIC278683641_sector61.npy,0.5153989517341536
0.0038373742867354437,0.023573463830343533,0.0009813910912456927,0.9914518640341432,1.001167436567565,-3.777747763171357,13.892785149635088,278683641,98,TIC278683641_sector98.npy,0.5153877290945148
0.004119163494964252,0.022052181165759133,0.0007886993401054624,0.9867980765256779,1.001055514658349,-3.3150161975582466,9.941126068764925,278683641,93,TIC278683641_sector93.npy,0.5153080838826261
0.00376118414596212,0.02326262789274769,0.0009149139416005384,0.9874681699649813,1.0012125389078623,-3.4522071021552727,11.470054147599148,278683641,12,TIC278683641_sector12.npy,0.5152665554204146
0.004833387612601266,0.0540826278723231,0.0031942405137916218,0.994729812055262,1.0120583149133857,1.8334752873940912,8.595386427866526,141975926,4,TIC141975926_sector4.npy,0.5145125981736925
0.009981984325878797,0.07914221132006982,0.010643333412723248,0.9835125065014146,1.0158991977700904,0.030568436296462102,0.2496799822243534,260127241,69,TIC260127241_sector69.npy,0.5140644080553005
0.004250178931557187,0.05245175044124617,0.0032883275747992895,0.994881847752667,1.006560776676322,2.510176522583205,17.011887419934617,141975926,9,TIC141975926_sector9.npy,0.5136493007001619
0.004007049719775316,0.021384478849545974,0.0008125685168864431,0.9870407643958136,1.001066471492295,-3.3284475406350817,9.960470288370276,278683641,31,TIC278683641_sector31.npy,0.5132671378925742
0.004206606325919512,0.02610179385467759,0.0008295549719238804,0.98880876729154,1.001103329527085,-3.2226116349452174,9.905650766092833,278683641,11,TIC278683641_sector11.npy,0.5126834661361485
0.004217014768843597,0.06984137507980748,0.0019889680508357833,0.9946234883846539,1.0037005194381339,0.664777533625447,28.587089946334725,141975926,90,TIC141975926_sector90.npy,0.5117697378396837
0.0009194010540580077,0.009644407450316028,0.00021189351140633113,0.9993539146339016,1.0005373309944756,-4.615937809965496,23.640901110818,370227780,8,TIC370227780_sector8.npy,0.51149469540952
0.009700264914451633,0.08041490271852236,0.010274507944899744,0.9843117859433683,1.015539578503999,0.024939801439198127,0.393792524001348,260127241,61,TIC260127241_sector61.npy,0.5114178781799443
0.0014987431727838273,0.026070168070640998,0.0011636299660862585,0.9980908799891258,1.002149165632715,3.4594970128472546,38.4416497640581,260162387,8,TIC260162387_sector8.npy,0.5113879928983553
0.00018580203180744944,0.0032278887124266298,0.00014190176871896727,0.9997815712205764,1.0002321553587539,4.149454877240405,46.79269442909394,350298145,8,TIC350298145_sector8.npy,0.5112376561714446
0.003578581542389141,0.020196936729524495,0.0008516286300534496,0.9878558556228413,1.0011512082769762,-2.8889054562003262,7.460494250921492,278683641,1,TIC278683641_sector1.npy,0.5086053718659459
0.0033764205218483052,0.0203543948765339,0.0008023866759478955,0.9884758953217796,1.0010590098699501,-3.2846699688864556,10.012048015441378,278683641,33,TIC278683641_sector33.npy,0.5079636926025133
0.00025517850356143425,0.002743981764047998,7.570901685152605e-05,0.9998425632428946,1.000143463780146,-4.224251753143868,21.64008853523275,149988523,11,TIC149988523_sector11.npy,0.5069774580374331
0.0033288511026661337,0.019989815690999113,0.0008219473003190188,0.9891025564302379,1.0011181786393517,-3.3807120181895103,10.626015252401578,278683641,10,TIC278683641_sector10.npy,0.5068499615915416
0.003709746654798954,0.052921704083857546,0.0031967783397739854,0.99517122490827,1.005566272297264,1.9679465116138117,16.584593792473484,141975926,28,TIC141975926_sector28.npy,0.5067185842432035
0.003721667361331086,0.023228137350757128,0.0007942580936780502,0.9934637275401521,1.0012991935832483,-3.7256535013506573,13.316744435506155,278683641,8,TIC278683641_sector8.npy,0.5067033395243098
0.0009924673396223983,0.013451294392589519,0.00018835358121878834,0.9991199032221386,1.00061660928558,3.90276186232084,35.01545625538674,350765991,1,TIC350765991_sector1.npy,0.5066540635144068
0.003764703017012583,0.07256885032785976,0.0007593484890404073,0.9952634997284656,1.0040195534353535,-1.0630203549072625,22.161832426654026,370227780,30,TIC370227780_sector30.npy,0.5062121377025638
0.0004995917228317958,0.009253548812632184,0.00022791567009611624,0.9995196901659334,1.001179808709528,3.8753911124956586,38.69460541930014,150392584,32,TIC150392584_sector32.npy,0.5054647740453493
0.00027263094721272194,0.004146487735371185,0.0001746486568618272,0.9997160816538493,1.000396097146524,4.326733452281852,37.536515902379975,149988523,94,TIC149988523_sector94.npy,0.5044728129011523
0.002522067671354338,0.034482588350636445,0.00042971104517333485,0.9970651098087268,1.0029938571069712,3.1454412316067666,19.226857944169925,370227780,31,TIC370227780_sector31.npy,0.5041476578436317
0.0033696843784991907,0.018020684329962622,0.0007751997951178599,0.988186955050832,1.0011265697940397,-3.098992394375233,8.446608340487474,278683641,90,TIC278683641_sector90.npy,0.5040717385088106
0.0033068094160551126,0.018488746814061097,0.0008354667793431954,0.9888658717155203,1.0011133392644609,-3.210680902834438,9.421953022251204,278683641,64,TIC278683641_sector64.npy,0.5036002223921363
0.0033895276210713157,0.01806403748881813,0.0007978136302941441,0.9879325467826742,1.001037179197597,-3.012140458086694,7.845107409819635,278683641,37,TIC278683641_sector37.npy,0.5030416530705507
0.0033128792781337724,0.018515630987408604,0.0007771254883514073,0.989392734938275,1.0010492536689821,-3.168279948441587,9.031647884210171,278683641,35,TIC278683641_sector35.npy,0.5020625100656163
0.00019391893903515186,0.002752931219841992,0.00016399434271648878,0.9997425685903001,1.0002492346078653,-3.4660623742991326,31.54515951644688,260507093,96,TIC260507093_sector96.npy,0.5017402786944413
0.0023499007754469426,0.030900266125502007,0.00032915367790018314,0.9938008574883316,1.0009310171887602,-3.3651182014992482,16.107906059754875,370227780,6,TIC370227780_sector6.npy,0.500793943590937
0.003079429689385597,0.017926768033102447,0.0008344500548778206,0.9895536520829403,1.0010733927521824,-3.3803783001770227,10.63766763040423,278683641,89,TIC278683641_sector89.npy,0.49974369313412353
0.0013840125268582229,0.01292635547727905,0.0005105744879101802,0.9990380698971612,1.0009604994341155,-4.304990742800927,22.169824336937697,176873028,30,TIC176873028_sector30.npy,0.49926912987412336
0.005074803785918814,0.060572154990777616,0.004859969151652453,0.992912139357627,1.0081461006653,1.3177900924894899,9.424888114732422,142082942,33,TIC142082942_sector33.npy,0.4989635531653481
0.003711413505605758,0.033803307416852224,0.0021205144011456033,0.9968187526789937,1.0058103201258635,2.6919907916889705,10.99537481644918,141975926,68,TIC141975926_sector68.npy,0.4985113116599114
0.005037990450854982,0.06459241383838221,0.0011086820288737783,0.9970388309173417,1.0017983358931353,1.2428157972101292,20.43563207822939,260131665,94,TIC260131665_sector94.npy,0.4980303479537738
0.0007063960619399038,0.010755556314345549,0.00017198204234396367,0.999506350371111,1.0005688604221086,3.7556576532153474,35.5274334299542,142108949,64,TIC142108949_sector64.npy,0.49698128713174333
0.0005531112037446453,0.008003166269404005,0.00015425463827523094,0.9995446248880435,1.0004664872622642,3.8224380742344257,33.441991968018286,370227780,65,TIC370227780_sector65.npy,0.49657874612939273
0.002785851476111343,0.01813466109123707,0.0007617377251416038,0.9918934770758133,1.0010837932630277,-3.560955200019353,12.465310349037638,278683641,9,TIC278683641_sector9.npy,0.49561728015500794
0.0014564226428445029,0.025078754471904552,0.000582534205145368,0.9987103009251652,1.0010301479512809,-3.3069989070027774,26.482933947751217,176873028,2,TIC176873028_sector2.npy,0.49555027379888283
0.0012869521018580396,0.022010835096658576,0.0011520947296516793,0.9983018988542964,1.0018953452949944,3.1860177495047495,35.934686246977094,260162387,89,TIC260162387_sector89.npy,0.4954985058556833
0.002867674342240972,0.016984501123844975,0.0007958647746870806,0.9905926444694543,1.001119082394126,-3.3200516408358087,10.612422531044242,278683641,32,TIC278683641_sector32.npy,0.4950133911819957
0.0003556083058872516,0.006782957582947224,0.00012502177487732412,0.9994464975690509,1.0003217386438021,3.028228892243092,51.109699682867465,142108949,11,TIC142108949_sector11.npy,0.49445248063808467
0.0009367102732836801,0.01620173081879528,0.0004075861712214912,0.9994182488574441,1.0009067480330722,2.950920256961684,44.10166806616223,370227780,96,TIC370227780_sector96.npy,0.49443716073382443
0.00034721779930930655,0.006381871579274057,0.00018606692924148617,0.9995944331693833,1.0004360557736682,3.5175983307021177,34.805223015678244,142108949,67,TIC142108949_sector67.npy,0.49140443771672654
0.000970281973300131,0.011517630707592041,0.00016423800300574437,0.999303163995986,1.0007000072904588,4.343708608829703,23.484981369948148,142108949,8,TIC142108949_sector8.npy,0.4912968295481443
0.00025331836092702545,0.004179221655596699,8.767445361932533e-05,0.9998349588948702,1.0002716565935361,4.117702168764275,26.55653560208621,149988523,39,TIC149988523_sector39.npy,0.4905090122398444
0.0001317180180003456,0.002734587151605017,0.00013504818353535393,0.9998106099284564,1.0001944878850033,-2.383903097520403,39.73595463453946,260605873,95,TIC260605873_sector95.npy,0.48819784499038993
0.0027284476249305133,0.018232243767125955,0.0008160925710388675,0.9924508862880999,1.0011415991095576,-3.5150771044847917,12.538230756913656,278683641,63,TIC278683641_sector63.npy,0.4872391077064866
0.002773617344435866,0.01820839031471566,0.0008453635157003167,0.9926978667396059,1.001147542506412,-3.5132605117785864,12.255644328471531,278683641,13,TIC278683641_sector13.npy,0.4868611216005993
0.0029067953673985354,0.03273098862446755,0.002180709062484513,0.996454532987407,1.0042972670040953,2.5893407611412633,16.898468952469365,141975926,65,TIC141975926_sector65.npy,0.48673529968058354
0.002654919780829196,0.016862211746391575,0.0007618585199827778,0.9912958829279276,1.00112153073435,-3.02329615461032,8.599428037765387,278683641,36,TIC278683641_sector36.npy,0.48629803165835034
0.002824265950070576,0.044854743411300246,0.0020681446476622603,0.9958312734347593,1.0034584659766335,1.6143771540185938,23.83009461662495,141975926,87,TIC141975926_sector87.npy,0.4850167739611416
0.0004451252398509699,0.00831953398424179,0.00023046899481718252,0.9993264080836539,1.0004778130251484,2.8647236889469325,44.91561542152763,150392584,8,TIC150392584_sector8.npy,0.4842127580454668
0.0001889174067513018,0.0037177992443813146,0.00013480895829261712,0.9997056180499442,1.0002412903390259,2.758732004024163,45.949405459339125,260041674,5,TIC260041674_sector5.npy,0.4833337074382557
0.008859435935066873,0.061745342491991595,0.006509527885604869,0.98611681708194,1.0145427090239254,0.07297988193770331,-0.28185895791605553,260127241,39,TIC260127241_sector39.npy,0.4830507336461949
0.008006788617809865,0.056659993202908154,0.007944300244728992,0.9872343951814448,1.0131586186309312,0.09388178275415568,0.47036961697835844,350559457,13,TIC350559457_sector13.npy,0.48296538083085144
0.0014768913994159783,0.016768686305730696,0.00035301464653452624,0.9986991935088172,1.0011735135770767,-3.6246927021151993,21.1544429467694,370227780,39,TIC370227780_sector39.npy,0.4829639076310942
0.0005370209785097789,0.0111583405134279,0.00017323251102145765,0.9994407707249696,1.0008208505520042,-1.9548247005753452,49.433095500910454,350765991,30,TIC350765991_sector30.npy,0.4825434183481546
0.0005463749844933867,0.01378493883185583,0.00035474050255163126,0.9993774280657096,1.0005016683867176,-0.7208245458542012,59.66901393510764,370227780,93,TIC370227780_sector93.npy,0.48200712504497345
0.0015161997574150705,0.028866602379884698,0.0002337273698772204,0.9991970182382313,1.0014777135881232,1.6260001279699823,32.94726161398033,350765991,5,TIC350765991_sector5.npy,0.47930019933898055
0.001118670113919566,0.02234721668154993,0.00020930183937984062,0.9988469926514467,1.0012998215763231,1.7730905323905477,39.22371046837003,142108949,5,TIC142108949_sector5.npy,0.47922581456532
0.007595162921554572,0.07379019776590834,0.005848628232751198,0.9885841573308498,1.013574585101701,0.3347487239733884,1.2755541536248227,350559457,87,TIC350559457_sector87.npy,0.47919468151873845
0.004623219078955422,0.060580211021724284,0.0032611617131770533,0.9930834296370965,1.0058395330909273,1.149277138710995,11.085603073805318,141975926,2,TIC141975926_sector2.npy,0.47915027790527626
0.0013021417734464678,0.017181817635718244,0.001104873728413774,0.9983095817178014,1.0017864153895861,3.1707555157234677,28.56613407448454,260162387,68,TIC260162387_sector68.npy,0.4788227267310892
0.00019822870371877783,0.0027514996121302815,0.0001329860229440292,0.9997629141778811,1.000238574023833,3.528887203670591,27.039727566735667,350298145,89,TIC350298145_sector89.npy,0.47825072561543625
0.0018400896908286853,0.020922463522643264,0.0004993214731480981,0.9986142698802906,1.0009353116232735,2.6482727218106157,26.544442075688476,176873028,98,TIC176873028_sector98.npy,0.4778243966165046
0.001459074019998227,0.02702624380866603,0.0011346494875238062,0.9978998033548837,1.0019728638211227,2.096908738006753,30.508416536669948,260162387,61,TIC260162387_sector61.npy,0.4768374815556353
0.0004887306217279846,0.009852445736193816,0.00046782809350213723,0.9993082112701104,1.0007097548787733,2.81775425381363,41.439340753227214,176873028,89,TIC176873028_sector89.npy,0.4763610443527512
0.0073467109350356455,0.055505647283344395,0.007701317937303125,0.9875585650730818,1.0121924856904378,0.09816389801316107,0.39820777543471575,141975926,32,TIC141975926_sector32.npy,0.4759392939965782
0.007629728952276114,0.047652587930749224,0.007369136695100362,0.986612076045899,1.0120391700334626,-0.05561046965034425,-0.18565304013756467,350559457,12,TIC350559457_sector12.npy,0.4755419088466678
0.007233921528765962,0.05222066235002032,0.007553892070841485,0.9883727204488189,1.0117549893294528,0.15545101594471197,0.1474616484390916,350559457,27,TIC350559457_sector27.npy,0.4725752014733083
0.0028161656205582097,0.02756640210703043,0.0020564710592251845,0.9967850049587721,1.0050820968479606,2.011967586113209,8.967809777908203,141975926,63,TIC141975926_sector63.npy,0.47206225432113813
0.007858024771135553,0.053063609686522684,0.006333258750328251,0.9871127925413914,1.0130465699883457,0.04976199641677938,-0.08093766017355364,260127241,27,TIC260127241_sector27.npy,0.47084018647352077
0.006511960269908406,0.06781521740174834,0.006702858815450133,0.9904098287076789,1.0103649847183023,0.34698626634882057,2.51424353595014,141975926,35,TIC141975926_sector35.npy,0.47071141569900105
0.004375838695090342,0.053755162600137574,0.0033103675929076503,0.9935219825067418,1.0073234852424133,1.0073849714695393,7.336398594906861,141975926,12,TIC141975926_sector12.npy,0.4703775599177669
0.006428369564939359,0.061597895905280975,0.006979532655157434,0.9894934702932681,1.0101152320863236,0.3832249083187133,1.705277400720047,141975926,36,TIC141975926_sector36.npy,0.4701902352127038
0.0076529336894898175,0.06509907841218487,0.005529925235378147,0.9878556594812375,1.0124452641316537,0.17117454354851858,0.41696130049470614,260127241,38,TIC260127241_sector38.npy,0.46927781935323754
0.004689408009572425,0.05184848749608362,0.004493442678043589,0.9935176063821093,1.007096859187082,1.1771704209652607,5.882379705221675,141975926,38,TIC141975926_sector38.npy,0.46927337723635815
0.0014126503590905118,0.02100344036087387,0.0011587383556616322,0.9982321722326329,1.0025118154690045,2.708160453544913,24.282758947571647,260162387,10,TIC260162387_sector10.npy,0.4684927786452584
0.0027802022904364694,0.02900210603832043,0.0020065816249359354,0.9967639146486825,1.0045514191216736,2.138226407280673,11.223176619327875,141975926,67,TIC141975926_sector67.npy,0.46795879224346804
0.006373398664972879,0.057516675445952625,0.006926968674551251,0.990329996903975,1.0105680229085496,0.5121281315607971,1.6604368372780582,141975926,37,TIC141975926_sector37.npy,0.46792031447593496
0.007757733947991361,0.05234989603802731,0.004943722347877417,0.9866194840250522,1.0118667350000916,0.007998643730017045,-0.44196140907777526,260127241,33,TIC260127241_sector33.npy,0.4673628714248174
0.007708672553432676,0.058907534358864644,0.005516538101289632,0.987941155562341,1.012303051303455,0.0011674976030536857,-0.035698395603501076,260127241,28,TIC260127241_sector28.npy,0.46651961498240424
0.0036913617366560367,0.05017462018982255,0.0031698570706099314,0.9947773092916079,1.0054009778576005,1.168137194927771,8.777670037439828,141975926,1,TIC141975926_sector1.npy,0.46640018768920605
0.0077600531101714824,0.048628708382802754,0.004694040797561091,0.9878146919325235,1.012224887025797,-0.07572339924648559,-0.655134973482725,260127241,36,TIC260127241_sector36.npy,0.46464040907791926
0.0020478600675283643,0.04201132311748157,0.0017045352379979435,0.9971863841566878,1.0028487874914218,-0.6832279677626046,25.923873250415138,350765991,97,TIC350765991_sector97.npy,0.46463870896628073
0.001371237875881525,0.0216582954817488,0.0011196002314657156,0.9981466936522875,1.0019340208635723,2.4967228233258743,27.378021021567314,260162387,93,TIC260162387_sector93.npy,0.4643858981547413
0.0025066773275167122,0.040729264070494375,0.002665254049136429,0.9963140538877258,1.00394769602187,1.3626823290890715,15.218715855315345,260162387,36,TIC260162387_sector36.npy,0.4630733020902649
0.0002126936399053164,0.00545834493931574,0.00012884709619234776,0.9997231680306996,1.000270790358034,1.6735228575164662,46.48821567277704,150392584,61,TIC150392584_sector61.npy,0.46233855285516956
0.0068844640397396125,0.05346254242222359,0.006649069277087255,0.9883200235900499,1.0112634910029787,-0.02833053289809997,0.19223045295366825,350559457,89,TIC350559457_sector89.npy,0.4617012876737767
0.0005613861947085177,0.005089498539190718,0.00013202184430079154,0.9997473297929246,1.0012282380705444,3.8675874808165003,17.3581876483787,350765991,37,TIC350765991_sector37.npy,0.4615209902387061
0.006894080272816047,0.04630609420631959,0.007117643343029868,0.9874346174783626,1.0108288898650661,0.006175373526590565,-0.04379020198832695,350559457,28,TIC350559457_sector28.npy,0.46058928021005
0.0002539004502042173,0.0026690259464462462,0.00011792204906103461,0.9997878980959415,1.0004741141227482,3.3356686487103775,17.64450661316517,142108949,87,TIC142108949_sector87.npy,0.460534308579605
0.001860890008686875,0.027884258043999965,0.000365672897047903,0.9977828021847629,1.0021240535040299,-2.123722872638235,16.52861555140346,370227780,13,TIC370227780_sector13.npy,0.46025112117785455
0.0023137399785339973,0.026624389730650178,0.0004185871823688076,0.9977701180141473,1.0013874944909842,2.1417095605518393,16.545489570651142,150392584,36,TIC150392584_sector36.npy,0.46013620046269044
0.007337608306664784,0.045337041592724,0.006571196288003977,0.9889478825434098,1.0132759476563393,0.04644507112790634,-0.35277806347164287,350559457,11,TIC350559457_sector11.npy,0.46001005302444853
0.006864197067600641,0.050413350668499946,0.00701342569173605,0.9890489047620423,1.0111592775723397,0.04464826032479048,0.43754500356026815,278897257,27,TIC278897257_sector27.npy,0.4597789866584728
0.0016019770351785847,0.030731777849718922,0.0011434916898981212,0.9973470138392037,1.0019338765158083,1.5080871457845664,26.81130640075052,260162387,94,TIC260162387_sector94.npy,0.45956255345434005
0.0006968821058117363,0.007363547953481708,0.00025846947543996257,0.9991437059038788,1.0006708419415293,-3.4859244378426575,19.519434874348416,150392584,39,TIC150392584_sector39.npy,0.45947963400378866
0.0009704078976014445,0.008538758803204982,0.0005163036826392938,0.9992063060642573,1.0010689733460336,3.4996875000960066,16.265623911981127,176873028,11,TIC176873028_sector11.npy,0.4590147302622663
0.0009072502994342784,0.012803049549578005,0.0005189219972692367,0.9984161113757307,1.000847789242923,-3.1618952455048164,19.42672245724505,350765991,27,TIC350765991_sector27.npy,0.4577584177846235
0.00029368766166954413,0.005514885348886445,0.00011600956724623972,0.9996862862899172,1.0002864103393518,2.287960999833481,31.26285836708726,142108949,93,TIC142108949_sector93.npy,0.45762161351321884
0.006405217231103327,0.05589569947870732,0.006609064872621688,0.9905756851580645,1.0104676421067005,0.3605724169516324,0.8519044626145655,350559457,29,TIC350559457_sector29.npy,0.45760509458298837
0.00021432375966060654,0.0015574643162303836,7.483243412810692e-05,0.999711316349774,1.0001732244400736,-3.138349568241793,12.288313337653472,149988523,30,TIC149988523_sector30.npy,0.4570549777177706
0.007359181583466576,0.05372647416729859,0.004918714712930712,0.9888036094029595,1.0119420712640133,0.20866542630977875,0.01836322643607824,260127241,32,TIC260127241_sector32.npy,0.456332576435255
0.007268252697174455,0.0461178436735773,0.004790388706603441,0.9883857880961223,1.0114957755995737,0.0023287115623799276,-0.6110865343189329,260127241,31,TIC260127241_sector31.npy,0.4562235996928082
0.006338200033599507,0.05526831281399114,0.005991785510479469,0.9898091623909,1.0111166224570787,-0.26771771645894415,1.3721516059250742,179201107,97,TIC179201107_sector97.npy,0.4561140806279591
0.00247339341951015,0.022062884873617183,0.0020017959864746266,0.9968815637506283,1.0032288856125762,2.3634829508696833,13.102807267493024,309792357,98,TIC309792357_sector98.npy,0.45571894397912877
0.006855578719988639,0.04936524004219511,0.006324210175955576,0.9887046384387068,1.0123335350693456,-0.023803477224567278,0.3444191694449894,350559457,65,TIC350559457_sector65.npy,0.45553405119483786
0.0074439660757534476,0.048319566876841136,0.004785587599647646,0.9884655405926909,1.0124338556020236,0.04363115937070458,-0.41414882357856664,260127241,37,TIC260127241_sector37.npy,0.45546405811377716
0.0011536221473947043,0.019979799725139413,0.001085942654353615,0.9983434214793234,1.0018302619354116,2.0229664846376507,24.305020010799808,260162387,90,TIC260162387_sector90.npy,0.4550951583006153
0.007255122140756801,0.040757428832861486,0.004724096180416028,0.9879428414619812,1.0119180224729982,0.07341125191589067,-0.48228362728188623,260127241,34,TIC260127241_sector34.npy,0.4548561959144754
0.006778719122933308,0.05874720744482598,0.00626234154146214,0.9891114293266461,1.0109508660352724,0.13743403478830615,0.7620658296628169,350559457,90,TIC350559457_sector90.npy,0.4546765222042824
0.0025310743808286025,0.02714959438084741,0.002127812730728344,0.9967757409720491,1.0036833771792966,1.8640403782833561,9.801458253594175,141975926,64,TIC141975926_sector64.npy,0.4541794874498027
0.0007478172568915316,0.01420924541915014,0.00016663435633312168,0.9992532616571652,1.0007931212949446,-1.0559633269247346,37.97211925286962,350765991,7,TIC350765991_sector7.npy,0.45393740647460756
0.00025160228933910245,0.0019101350901550296,0.0001163271278137518,0.9997051520497553,1.0001773703063122,-3.3361056533878948,13.146806861378153,350298145,3,TIC350298145_sector3.npy,0.45376150820962086
0.007331107525092329,0.05092776864705506,0.004997428597495993,0.9881943314421975,1.0117957266825446,0.04547811518004288,-0.2282374663974145,260127241,30,TIC260127241_sector30.npy,0.45372804819696483
0.006696811060305414,0.052996840279830315,0.005809167747860282,0.9888318033371217,1.0104421487566078,-0.17639533805839402,0.40515032407600327,350559457,88,TIC350559457_sector88.npy,0.45349417755990823
0.0066361902182806845,0.04794204529314805,0.005875089025063079,0.9881715588970695,1.0095423481900312,-0.5370303054924831,0.841080037342941,350559457,64,TIC350559457_sector64.npy,0.45314681069979873
0.0024875472420522932,0.032159425272159536,0.0024962357804914747,0.9962741584163968,1.003778933790163,1.5182508760242688,12.265071408112012,260162387,32,TIC260162387_sector32.npy,0.4529703222289472
0.0071975066408013514,0.045145111879888455,0.004588458052442409,0.988675420343228,1.0116769836646806,0.01524340621720738,-0.4521781117482164,260127241,35,TIC260127241_sector35.npy,0.45266426918912406
0.00018605410093246465,0.0017370983156965725,0.00011610146564173774,0.9997876310982589,1.0001904136536865,-2.9255776162656386,14.103697208892903,350298145,6,TIC350298145_sector6.npy,0.45244608206803977
0.007257665205333213,0.04833271787957749,0.005726502490823858,0.9878842795300055,1.0114312921051514,-0.07129943132621588,-0.17434195288138632,260127241,13,TIC260127241_sector13.npy,0.45239520665514366
0.007092924125263788,0.05061519341848042,0.005381221618154055,0.9886584275683059,1.0113841902002245,-0.010843714352436582,0.19639761781063614,260127241,12,TIC260127241_sector12.npy,0.45232311711573653
0.00706963083037123,0.044044194203108455,0.006165205060401152,0.9886319513105605,1.0120615148690106,0.21432279944337573,0.042123471835447734,350559457,38,TIC350559457_sector38.npy,0.4520591458476271
0.0050615244853854414,0.061350092833408754,0.005288174394147649,0.9917876804889526,1.007735686804796,0.3337506530324191,2.699792876468601,278897257,7,TIC278897257_sector7.npy,0.4511953245438663
0.005161942991308585,0.030473036848262858,0.004363815116190418,0.9885454771491133,1.0070408475939068,-0.727257981427098,1.0375759754590543,179201107,93,TIC179201107_sector93.npy,0.4511192588244159
0.005489752781081675,0.06259750598686631,0.005685587578206265,0.991747709395928,1.0086433047506502,0.30933020932315436,2.6397728145758528,142052608,69,TIC142052608_sector69.npy,0.45067176346738436
0.0011726484763358827,0.017131154754933986,0.0002876166511356364,0.9990072519469589,1.0009233741457664,1.7171578977973934,28.055305208982414,150392584,1,TIC150392584_sector1.npy,0.45057542064418543
0.006572456195624944,0.052578635652776096,0.006359697646143971,0.9895818244350825,1.0108562270895103,0.09587016766856105,0.11762290368676975,350559457,1,TIC350559457_sector1.npy,0.44982635005607025
0.0064869255615711404,0.05058228245394447,0.006792417938366027,0.9898350420767518,1.0108000077788954,0.08416379207753462,0.2933724005136429,350559457,63,TIC350559457_sector63.npy,0.4497336664391759
0.006550382784377678,0.04319216594434638,0.005749638301408279,0.990477900343627,1.0123139206091119,0.5292083443415068,0.9230638483082436,350559457,8,TIC350559457_sector8.npy,0.449409776533506
0.005036903243497817,0.050574617170744296,0.0051637868852679545,0.9921553326734442,1.0084924200856489,0.6246722666710739,3.1102787599903436,142082942,93,TIC142082942_sector93.npy,0.4490444174312616
0.00683592072683679,0.039551857892768494,0.004482298459112351,0.9887945063099456,1.0108190473977734,0.0974340984379801,-0.5577321534653894,260127241,29,TIC260127241_sector29.npy,0.4490404361384442
0.0071174910752128066,0.04559602527658846,0.005778209267119985,0.9885241665081578,1.0119896721986021,0.10568455675151456,0.637866820574922,350559457,94,TIC350559457_sector94.npy,0.4488108522983391
0.0044182895568760806,0.053282972691073516,0.0036117217495587324,0.9932750725490078,1.006334264704625,0.060254528985941615,5.469040974796874,370227780,66,TIC370227780_sector66.npy,0.448365702587677
0.006080533654332925,0.05595245563055362,0.0067621451168661684,0.9903646684012819,1.0098917401326701,0.1610691207079747,1.0557185537063614,142052876,32,TIC142052876_sector32.npy,0.44802687669035285
0.0025487688080992623,0.03995491535873075,0.0002484872160866428,0.9975434499703641,1.0020808972814736,0.1895001632828283,21.20222995275326,350765991,65,TIC350765991_sector65.npy,0.44765806113634987
0.006278032030766419,0.05054348316571089,0.006942065797980815,0.9900388010435253,1.0102510668103797,0.07575066311805817,0.49330473480228765,141975926,33,TIC141975926_sector33.npy,0.4468780526477147
0.006064473901593547,0.055072264648649005,0.006345129328358845,0.9904790311390165,1.0103961394952305,-2.7154786152816712e-05,0.7935983388621803,278897257,39,TIC278897257_sector39.npy,0.44502284784669827
0.006497746394153298,0.0469985622208563,0.006565808962830341,0.9894184325750186,1.010778410743992,0.15536555698900112,-0.06703432197616488,350559457,9,TIC350559457_sector9.npy,0.44486390416687505
0.0004833374618565806,0.009880270192915597,0.00021337964141275326,0.9995208030928556,1.000415771738099,-0.6454578616278767,40.40090236926943,150392584,90,TIC150392584_sector90.npy,0.44455603542095046
0.0035116756505690467,0.03685584500430161,0.0030091804192017594,0.9953166183672894,1.0059255528011892,1.215016501192959,4.421972447540785,141975926,8,TIC141975926_sector8.npy,0.44429818122411363
0.006180797297288378,0.057745789990328644,0.006307606476063847,0.9902752569605939,1.0101342493962941,0.19746656041469804,0.7807077944390461,350559457,36,TIC350559457_sector36.npy,0.44428472054225765
0.0004284058265728929,0.00818330396386735,0.0001393714973538515,0.9991578269280265,1.000423237013713,1.2113603291072845,37.60893350448872,149988523,36,TIC149988523_sector36.npy,0.4442056250685571
0.00030812984801841355,0.004055072617418998,0.00015846429454997686,0.9997368381083253,1.0004618638697582,2.9613434636328475,18.92589443936158,142108949,94,TIC142108949_sector94.npy,0.4441056196124234
0.006012439370176844,0.05449874204655469,0.006546237486232933,0.9902901633636534,1.0097826293840004,0.08118085444141693,0.7869214934393085,142052608,5,TIC142052608_sector5.npy,0.4434894982231715
0.0062854601181629045,0.05179581874580741,0.006360390714974432,0.989937193141223,1.0097428241163662,-0.043516201597912224,0.2870409057787646,278897257,28,TIC278897257_sector28.npy,0.4433773513413019
0.000520273554995768,0.008844335957575389,0.0002447069851356,0.999344629423696,1.0006263861784352,-2.5236729389128367,23.032413844154476,350765991,64,TIC350765991_sector64.npy,0.44326249200470424
0.00048313985511231006,0.009878943444036281,0.0001473705341289268,0.9994544620031623,1.0007477856463616,2.2201746222243135,23.423320235036947,142108949,3,TIC142108949_sector3.npy,0.4432198680227088
0.006192252417167669,0.05386201719681072,0.00618584045825826,0.9897422728105527,1.0093781427570327,-0.1097562574464462,0.36712463093289793,142052608,98,TIC142052608_sector98.npy,0.4429280154516426
0.005879134256801797,0.05529060709278999,0.0064916122660977175,0.9902821164161533,1.0095116102770842,0.07436152349847197,0.7034159559179107,142052608,30,TIC142052608_sector30.npy,0.4425466383701315
0.006499141407960437,0.05075540936576284,0.0050147900275255486,0.9891385158577873,1.0103422722685775,0.08127080429559183,-0.0666133514710876,260127241,11,TIC260127241_sector11.npy,0.44233159043797354
0.006324523685537085,0.0495362995605384,0.006729441325160115,0.9895693846626163,1.009923958646535,0.0643206171823454,0.2586285715678711,141527579,27,TIC141527579_sector27.npy,0.442183875716288
0.0001370053622196931,0.0024977233838247015,7.871097269775375e-05,0.9998061939260819,1.000200313857311,-1.668563100447773,23.43974022036467,149988523,4,TIC149988523_sector4.npy,0.4421455153800257
0.006239870276506844,0.04563772215832418,0.005974489612127609,0.9887920225755613,1.0092272756036822,-0.27468260884746576,0.4037219164383825,350559457,68,TIC350559457_sector68.npy,0.4420920590774527
0.006776522021866815,0.04734341141741383,0.006127719155279269,0.990277269130755,1.0122899781181949,0.20902224002384517,0.2237408127225149,350559457,95,TIC350559457_sector95.npy,0.44198180642592466
0.002480010741750171,0.020116696028059655,0.0002409924654148556,0.9994632293062581,1.0059023139200551,1.0942001306902023,9.04494621113871,260605873,4,TIC260605873_sector4.npy,0.44141162887558627
0.0008468877067423328,0.012010365352347008,0.000626914643426487,0.998942199077738,1.0009653224816966,-2.6455198470841723,19.962287134123322,260655847,66,TIC260655847_sector66.npy,0.441069027063257
0.006247480663090754,0.044419641943434396,0.006803846229700128,0.989218647384448,1.0097420353919069,0.099447592298702,0.18592071847513925,141975926,34,TIC141975926_sector34.npy,0.44089402311030296
0.0064942995123650395,0.04468394863247083,0.0062096666437078145,0.9893030507610064,1.010329977096456,0.09773429736663126,-0.20022994568025876,350559457,10,TIC350559457_sector10.npy,0.440314056158118
0.0011534837458481392,0.011168803812778294,0.0004773491132678407,0.9987363669139041,1.001194562017137,-2.7067392863209006,16.144996097939806,370227780,29,TIC370227780_sector29.npy,0.43977138774144797
0.005551015278472372,0.05421585485984626,0.005882845670910626,0.9913923875545255,1.0086525939881454,0.35617054600283593,1.1353462426370928,142052876,29,TIC142052876_sector29.npy,0.439580931315951
0.006241497855329727,0.0435303131002065,0.006696713373152708,0.9899980080698753,1.0104062879542957,0.03218345625010791,0.07111530439735292,141527579,28,TIC141527579_sector28.npy,0.439450291306683
0.00256801222074866,0.03628380153854105,0.0026469906710228364,0.9962310702346068,1.0040462709875833,0.9671966891537934,8.704225348204655,260162387,31,TIC260162387_sector31.npy,0.4392122579326112
0.00019718390343099744,0.0025980367338123145,0.0001626053329920462,0.99977465275475,1.0003040042715163,2.686046118454476,18.60332508970447,260041674,94,TIC260041674_sector94.npy,0.4391444435395779
0.006553340431081981,0.04697569833327886,0.005225874088621672,0.9896397894222965,1.0104170564509718,0.05015548936682975,-0.14836270614294067,260127241,10,TIC260127241_sector10.npy,0.43814411892016947
0.004641595293755257,0.05195202447954461,0.004897120386421718,0.9928973884553638,1.007336797924163,0.33304269555531524,2.2463723736269685,142082942,9,TIC142082942_sector9.npy,0.43808197766240253
0.005511854573641471,0.03825346583016742,0.004629632165770697,0.9922765934893589,1.0085917470256864,0.7421256468123113,1.9970985596585695,179201107,3,TIC179201107_sector3.npy,0.4379658940655365
0.005783863350523989,0.04378629807912038,0.005489338994687258,0.9919342389222466,1.012358109517889,0.35105689642688886,0.26902396259869965,278897257,37,TIC278897257_sector37.npy,0.43754400999647053
0.006231007371641965,0.04751172811375215,0.0047236133367574255,0.9891485813727627,1.0099939104091835,-0.06828111951050356,-0.04278283684444828,260127241,7,TIC260127241_sector7.npy,0.43753784238345494
0.006171340770405151,0.050505716800879896,0.00601476840046602,0.989330996329823,1.0097257885746476,-0.04814631969035326,0.03601411338385274,350559457,61,TIC350559457_sector61.npy,0.43727585310711065
0.006050472542926102,0.04726318728322132,0.0058820930611777995,0.9915212597955944,1.0110136169737098,0.4475897392844171,0.6406472058484352,142052876,27,TIC142052876_sector27.npy,0.4372593951406037
0.005964021094775473,0.05151835938029248,0.005617290492530088,0.9912100774518612,1.0104272536487209,0.19903723000718704,0.46477023848569043,179201107,98,TIC179201107_sector98.npy,0.43693689824642873
0.0005607652370860292,0.010108517569294873,0.0005011231749767626,0.9992344888240837,1.00080743900145,2.051080595963809,23.395837949704234,176873028,27,TIC176873028_sector27.npy,0.43662524869481334
0.00596079407016804,0.04072918815533899,0.006204729141931927,0.9889562457864696,1.0093280154694362,-0.013567475148714023,0.15442757576907074,142052608,66,TIC142052608_sector66.npy,0.43643189795904325
0.006207295616486257,0.048043023256616135,0.0062243563716257435,0.9896504383883638,1.0101572102413146,-0.02276866778133378,0.13293480173219763,350559457,3,TIC350559457_sector3.npy,0.43599653736536187
0.004286879035908873,0.03225275169787312,0.0037728110318693635,0.994398873475575,1.0081346181845456,0.9008084365944677,2.031723299556723,142108949,38,TIC142108949_sector38.npy,0.43543688562326943
0.0024211647217247793,0.03522072169784385,0.0026209902501334865,0.9963780763337813,1.0038581882278443,0.8972852320063279,8.385918986150278,260162387,34,TIC260162387_sector34.npy,0.4353996587830437
0.00019751236961097708,0.0027980021221046814,8.808672574120527e-05,0.9998132932186012,1.000234453309246,2.505668385920403,17.051416234377704,260507093,1,TIC260507093_sector1.npy,0.4350872628508383
0.006311253360572273,0.04468107103403274,0.006179798551623057,0.9899390843857655,1.010556771977685,-0.023102154012828776,-0.03068876619283456,350559457,37,TIC350559457_sector37.npy,0.4350785723163586
0.0034703632563272725,0.04306743972284399,0.0031386509758788623,0.9944827561120124,1.0056603670382134,0.5417107177153467,3.772353411973225,141975926,6,TIC141975926_sector6.npy,0.4348556373814321
0.004159226764087884,0.05063752174855174,0.004245630466883347,0.9935276825752855,1.0066468224811682,0.42720599920985075,3.2801797282502942,142082942,35,TIC142082942_sector35.npy,0.4346137637819936
0.00033169600661197017,0.003907016416117126,0.00026790962121847015,0.9995171785937995,1.0004456774021526,-2.679103908272096,18.109195822022635,142108949,35,TIC142108949_sector35.npy,0.4341016495248647
0.005917956008378628,0.04531187638747447,0.006383509404377055,0.9911444068292952,1.0098359047427328,0.2596960530093485,0.49917121796844954,142052876,30,TIC142052876_sector30.npy,0.4336004105587651
0.005442217065934572,0.05316477402903064,0.005799747516348856,0.9912083958147321,1.0086287878660378,0.20265997092540947,1.2610874094398197,142052608,28,TIC142052608_sector28.npy,0.4335450950068222
0.0058962709850168375,0.05232551174365463,0.005961630500723778,0.990749853915186,1.009754123172312,0.04439430538271835,0.4705650243983994,350559457,5,TIC350559457_sector5.npy,0.43354410002449106
0.005973717250831081,0.03980095732101374,0.006368576348295354,0.9900142069758909,1.0097232331626436,0.01115169996044618,0.04751952161184647,350559457,30,TIC350559457_sector30.npy,0.4335291426513972
0.00536689523994373,0.05131876480238584,0.005848446387555925,0.9910109956042796,1.0084546270248766,0.17730547062795848,1.2501937420764424,278897257,68,TIC278897257_sector68.npy,0.4334339064970173
0.004474353151186589,0.0460016704014683,0.003177177294594568,0.9938929391737679,1.0075280200564467,0.08820949915155597,4.239078158565487,141975926,10,TIC141975926_sector10.npy,0.4330225221802727
0.005837138568245583,0.0409108876298393,0.005497097881109078,0.9917966469592251,1.0111526054184294,0.4333472219215211,0.337449561330593,278897257,3,TIC278897257_sector3.npy,0.43285947448089696
0.006251738541389606,0.04411794776342415,0.004791184751125826,0.9899873420514003,1.010578764034161,0.08884040910383685,-0.19277426610341264,260127241,93,TIC260127241_sector93.npy,0.4325474544277948
0.005926213571773027,0.04919505070374308,0.0063099581188105,0.990255143954183,1.009543495936537,-0.008365657069546806,0.4880234680832194,278897257,38,TIC278897257_sector38.npy,0.432397237084578
0.005900164340150791,0.043163784810862915,0.00592762556164251,0.9892881589640777,1.0091823016984083,-0.01851914347210154,-0.03815357124875485,278897257,8,TIC278897257_sector8.npy,0.4322897121559622
0.005348386911608977,0.05334417860306173,0.0058595810237630575,0.9910452619085155,1.00881010581033,0.1267060415876758,0.9637218492366744,142052608,63,TIC142052608_sector63.npy,0.4322636735667399
0.001391537951243341,0.015785187581647153,0.00032335199115046925,0.9989400954567369,1.001375028476923,-1.8975637366038982,18.226594213707823,370227780,33,TIC370227780_sector33.npy,0.4320360429354074
0.0057158983206011165,0.0394582513131283,0.006068260951726352,0.9900984305349639,1.0091498241546741,-0.16646240708968396,0.05928539667446886,142052608,6,TIC142052608_sector6.npy,0.43188812303374086
0.006107824251980452,0.03765737929567248,0.004358288204073442,0.9901439472022455,1.0094766198982712,-0.011135771679073307,-0.46182831288279935,260127241,9,TIC260127241_sector9.npy,0.43184413278886763
0.0002866943354162386,0.002672848373528103,0.0002031174180210757,0.999678584399383,1.0004366756033978,2.8971064434272455,14.653389619840574,370227780,38,TIC370227780_sector38.npy,0.43165115001943016
0.0016513530820991228,0.029846228030193434,0.001609261334038508,0.9976661587062445,1.0026324454824966,-0.9017552177739764,14.264814258980245,348839788,38,TIC348839788_sector38.npy,0.43152949496190834
0.006018157139935835,0.04273463265126598,0.005976851929769948,0.9909362726892293,1.0103950589164048,0.28444021827531557,0.5313952418422079,179201107,96,TIC179201107_sector96.npy,0.4311156561980004
0.006192258846320494,0.04542789511032985,0.006333261438870806,0.9901411916910794,1.0099543487833624,0.0006729925905240218,0.13608142875507712,350559457,69,TIC350559457_sector69.npy,0.43108049146054406
0.00028539843111799435,0.004366360992247409,0.00014884441856511565,0.9996013388192919,1.000351372501097,-2.4041716485637448,18.595598464530145,370227780,34,TIC370227780_sector34.npy,0.43104749267269626
0.0061280973195966745,0.04588674430726147,0.0045661059036554924,0.9900543869174977,1.00985088515624,-0.01518744193759871,0.09087313707733857,260127241,8,TIC260127241_sector8.npy,0.4309955422922601
0.004242727229919448,0.038403624737164854,0.003998658463266626,0.9947175004788791,1.009098360791468,0.6436016406247247,1.07414306381383,350765991,28,TIC350765991_sector28.npy,0.4301988711673402
0.006031084205433389,0.03990378861798716,0.006289009903244495,0.9899690672268614,1.009671168181845,-0.009264185250395653,0.27707337640051843,142052608,97,TIC142052608_sector97.npy,0.43018907527745776
0.004563359267676842,0.044013464573821603,0.004579002774150322,0.9930182380614724,1.0071689713960872,0.44790866130688256,2.4440224912560087,142082942,61,TIC142082942_sector61.npy,0.42976586571626907
0.005422387363458282,0.03615082281613968,0.005342165006318846,0.9919608064160845,1.010860954009083,0.24553342245430976,0.21264222793333554,278897257,29,TIC278897257_sector29.npy,0.4295761243875808
0.005779727897587822,0.05043652728848136,0.005850205026771469,0.9909739416035044,1.0087960755382588,0.02267168308266011,0.5429794465724407,142052608,4,TIC142052608_sector4.npy,0.4294396405711246
0.005838921439463006,0.037311317959923374,0.004602825975088955,0.9903607911856218,1.0096323293902973,-0.020148471183340046,-0.33273102774549157,260127241,95,TIC260127241_sector95.npy,0.4289385624263694
0.005770224874408785,0.041449958380775254,0.006267285859721159,0.9905458635206786,1.0092285453230534,-0.06274460156041434,0.03197456187623482,350559457,31,TIC350559457_sector31.npy,0.4288298277262441
0.006258846663884906,0.04442114743270753,0.005315149534317112,0.9898213147945484,1.009863370507165,0.14669789555497922,0.06236372812741475,260127241,97,TIC260127241_sector97.npy,0.4286795167953881
0.0007428908264711,0.009012978865922894,0.0002185593940457165,0.9990777515093628,1.0006855059958295,2.201806423761602,17.179272968783014,150392584,29,TIC150392584_sector29.npy,0.428556772968768
0.005923847503225594,0.03803000949813706,0.00489913755087309,0.9904102907122676,1.0101145380051624,0.03312963203533884,-0.08072288468084654,260127241,94,TIC260127241_sector94.npy,0.4281428440114229
0.002049479581688251,0.023253367556254845,0.00022050900840372522,0.9988684174995854,1.0009342431018398,1.0300555600658052,18.118812688771506,150392584,2,TIC150392584_sector2.npy,0.42801726860878686
0.00596734410634528,0.04766536386990183,0.006091757450222171,0.9905317778509308,1.0098480576855349,0.2199681079632816,0.3193311868381463,278897257,65,TIC278897257_sector65.npy,0.4279668321599118
0.00474466980368034,0.04143466652512351,0.0048409156395535155,0.9923368680521677,1.0076073258927065,0.3467204318839847,1.9590796298068351,142082942,4,TIC142082942_sector4.npy,0.4279600286549807
0.00023126890971132113,0.0035447109073997174,0.00014623455573183002,0.9996420025844973,1.000275369689848,-2.134855513989797,19.05151265336983,350298145,94,TIC350298145_sector94.npy,0.42783279468103913
0.00564938277267675,0.04071267694851144,0.006214783481349957,0.9904224995112519,1.009296441199134,0.03978084756164378,0.4139278403274371,142052608,3,TIC142052608_sector3.npy,0.42781897870752356
0.005884025482230995,0.04417889109662021,0.006328650267963677,0.9906585568795323,1.0096331409643544,0.014494483488077003,0.20940998036499447,278897257,1,TIC278897257_sector1.npy,0.42780591260152606
0.005389724344318358,0.04889458395293256,0.0057249231153394696,0.9915157442498796,1.009117985352427,0.1708156438605574,1.2400041185773638,142052608,27,TIC142052608_sector27.npy,0.4277655443086029
0.005920797163095051,0.047850092828128354,0.005351207604584154,0.9903282609969342,1.00948231794613,-0.0024990340627115523,0.5498252533225827,260127241,1,TIC260127241_sector1.npy,0.4276006403898297
0.005924928748194943,0.04060124331236015,0.006277840338783137,0.9907542273383517,1.0097699927820025,-0.02932358429380216,0.044608338182867247,142052608,32,TIC142052608_sector32.npy,0.42759527431322003
0.005973222148575438,0.03984243550819089,0.006113765929709846,0.9902997260952165,1.0102366194457677,0.11747494442442492,0.13264884782888142,350559457,62,TIC350559457_sector62.npy,0.42740150522950704
0.005513715037304346,0.037525380020379306,0.005842904673967896,0.9900382993099613,1.0085691102435477,-0.011739320966071281,-0.0070796627937315115,142052608,93,TIC142052608_sector93.npy,0.42738435785095225
0.0048818762153340165,0.034497284960383956,0.004552549183925185,0.9929101243484326,1.0083373167029885,0.5330972181377999,1.1373294748446687,179201107,36,TIC179201107_sector36.npy,0.42725170800969564
0.005884167419553197,0.03799238274298189,0.0046863601033509394,0.9902269933869586,1.0091350070103455,-0.07158751378312331,-0.11421027504332981,260127241,6,TIC260127241_sector6.npy,0.4272334506193008
0.00040398449069942134,0.006658222062199126,8.055706692538508e-05,0.9997387137655634,1.000454352401418,1.5788658250630332,25.375255507030996,149988523,67,TIC149988523_sector67.npy,0.42715261295451645
0.005854800205678189,0.04321654485933224,0.006172284675870085,0.9909414739947329,1.0100689660657869,0.14682112284755308,0.13936067120132334,142052608,90,TIC142052608_sector90.npy,0.4270670890122634
0.005603425802771928,0.047730423918302955,0.006060442252844998,0.9903463460824349,1.0091117117754895,0.02206373615182496,0.5490656345109826,142052608,89,TIC142052608_sector89.npy,0.4269436703412487
0.005801794783812714,0.04666034184425405,0.004480866995482494,0.9905588265318204,1.0093753629120856,0.009787096906835374,0.13454980023787266,260127241,5,TIC260127241_sector5.npy,0.42686525117830215
0.00018170490343316412,0.0019335802873311492,8.966086978110764e-05,0.999763849396188,1.0002500545175985,-2.324138457417338,14.364091704144283,260507093,36,TIC260507093_sector36.npy,0.42685808500993033
0.005760556963480792,0.04179639471536778,0.006120158261962091,0.99008093585374,1.0095406756542866,0.0668538568389778,0.12233625433678963,142052608,31,TIC142052608_sector31.npy,0.4268549396405617
0.004793624789116694,0.04696267367726803,0.00500585613399686,0.9926495461761642,1.0079249484037864,0.26992381348540556,1.6405746561912853,278897257,36,TIC278897257_sector36.npy,0.4266690510675767
0.005567740380043942,0.03373061568560798,0.005563177090788727,0.9903552677249535,1.0087337065126236,0.018288689842373678,-0.3102666021360583,142052608,87,TIC142052608_sector87.npy,0.4265579320286475
0.005580795676673608,0.046840275002945964,0.005716378277902671,0.9900259436460089,1.008696491922369,0.12663456750585916,0.4671621285215166,278897257,32,TIC278897257_sector32.npy,0.42638891552879843
0.005541690312199372,0.04551137543913231,0.00574226957598769,0.9900734090558693,1.008582890410473,0.02963310067347402,0.24266242060682996,142052608,96,TIC142052608_sector96.npy,0.42630270731302694
0.005787576615230114,0.04623699832877648,0.006100648817902933,0.9906115797265277,1.0093513184316425,0.05654090716028763,0.1066459264222579,350559457,35,TIC350559457_sector35.npy,0.42629425271994764
0.0017466408311069166,0.02392705024731956,0.001225236853154213,0.9980496682713617,1.0029240070973358,1.67507260934269,8.544047617091913,260162387,9,TIC260162387_sector9.npy,0.4262227777043852
0.0061605970701535916,0.0422277892021542,0.005057740015040579,0.9900804187113423,1.0098946759657963,0.09030730512851853,-0.05243468501977677,260127241,89,TIC260127241_sector89.npy,0.42613100357037853
0.0055655857863835595,0.03470429774740891,0.0059483472247460695,0.9904756626231168,1.008845503634708,0.020716628367535777,0.03001030107896785,142052608,12,TIC142052608_sector12.npy,0.4258712820258896
0.0050663118288330165,0.044996009322356034,0.005049257270634236,0.9924582614770987,1.0091656510595128,0.33713126883096894,1.0570260848939625,142082942,2,TIC142082942_sector2.npy,0.42586992391849054
0.005568911571886033,0.04772530655799978,0.005947891754422926,0.9910961008263736,1.0091783568897663,0.2772381967870674,0.756737027700682,142052608,7,TIC142052608_sector7.npy,0.42584102624901127
0.0005899380030263983,0.006817137068629298,0.00020459140960768624,0.9991193290031535,1.0004224638115562,2.0793079479728154,18.569685312918118,350765991,4,TIC350765991_sector4.npy,0.4257961980855112
0.005625181755130374,0.04366476537739716,0.0058943829100089355,0.9911281890756781,1.0102677533764177,0.026815198769918037,0.4573155976500396,278897257,31,TIC278897257_sector31.npy,0.4253977242055984
0.005413375333793296,0.04936063811961089,0.005765496825866531,0.991075833638334,1.0085434765857333,0.13993962078149974,0.5722910958559928,142052608,13,TIC142052608_sector13.npy,0.4251928819030312
0.0010295162018206312,0.016898693516434693,0.00020729960816046888,0.998478964158122,1.0015882799853804,1.585407517290688,16.569390682293005,149988523,3,TIC149988523_sector3.npy,0.42505047498194326
0.005192663945757746,0.04947926181994733,0.005293494094139642,0.9912171942312675,1.008161233372097,0.15591798321993192,0.7488529685399237,142052608,67,TIC142052608_sector67.npy,0.4250457896567666
0.005463654829143569,0.04442140522701732,0.005801626672705551,0.9914781486529566,1.0086307181106118,0.2752822696443337,1.0851626081242722,142052876,37,TIC142052876_sector37.npy,0.4249838083601895
0.00583453168736005,0.037597540824441,0.004727684077883279,0.990424969968887,1.0094614104558572,0.10433322963189612,-0.06165624408143344,260127241,90,TIC260127241_sector90.npy,0.424819523076519
0.0059404013390044275,0.03819141047683938,0.005375397023925175,0.99084772298588,1.0097872269061214,0.09228898345609683,-0.11059585005913153,350559457,4,TIC350559457_sector4.npy,0.4245403873731086
0.0049476272437948545,0.04421937555401656,0.005215384361777999,0.9921768823905358,1.0081611789008618,0.2256622455829979,1.2179582473309862,142082942,87,TIC142082942_sector87.npy,0.4244833290630011
0.0058902141862468005,0.04415711830851554,0.004557798684596037,0.9903944472356652,1.0093661966421466,0.10035880718794116,0.2503028425462617,260127241,88,TIC260127241_sector88.npy,0.4244398990915263
0.005434677710717513,0.04357402412265965,0.0058337779904549325,0.9912469270576837,1.0089795333323668,0.2724784271608131,0.8878875468599241,142052876,35,TIC142052876_sector35.npy,0.42443315893971784
0.0005603183222269395,0.007190301562886359,0.00038606491863933017,0.999232457577848,1.0006834448873447,-2.5496583389061724,17.409311751224177,350522196,38,TIC350522196_sector38.npy,0.42416397074378537
0.005260829000790228,0.04656965674574198,0.005430209439969997,0.99099993339756,1.0083890190366778,0.22567129611815442,0.7148478267775875,142052608,62,TIC142052608_sector62.npy,0.424137398010486
0.004646874396594883,0.04366685175839169,0.004831162180823477,0.9930277364993454,1.0077324901114397,0.3520544365973219,1.1415674614896494,142082942,69,TIC142082942_sector69.npy,0.4238596939404303
0.005824546550400319,0.04168845135985011,0.0061047461729427915,0.9907760446011524,1.0096555003093066,0.08295463970317127,0.21430471283758035,350559457,2,TIC350559457_sector2.npy,0.4237863833881113
0.005607815757043638,0.04511806584935352,0.006089989412011678,0.991411834066667,1.009478426286913,-0.0052046816847889895,0.6270248309802411,142052608,2,TIC142052608_sector2.npy,0.4237008064828278
0.005704328896578985,0.04096315556636143,0.006099717865973522,0.99104880484471,1.0097039872471905,0.16291254425432292,0.2853475436767363,278897257,12,TIC278897257_sector12.npy,0.4235433845734564
0.0002261213124972103,0.004888329062401886,0.00010997977235114181,0.999714037041429,1.0002142053521565,-0.6667630221078652,26.60325951839263,350298145,96,TIC350298145_sector96.npy,0.42347737232454474
0.003645611161238591,0.03323577549734791,0.003564880352579618,0.9953515798932455,1.0067249007311352,0.7946671818211584,2.137147499615489,350765991,6,TIC350765991_sector6.npy,0.42336774180520786
0.0003874534832133179,0.005257884367119603,0.00012755997627826246,0.9994731497288626,1.0002874646467994,-2.1682017133604945,17.022671413779747,350765991,62,TIC350765991_sector62.npy,0.4233555625121705
0.0003006545282462083,0.006072194221483751,0.00015134896883013877,0.9995603710292599,1.0003842046623055,0.9706367446227144,30.50498988055829,142108949,4,TIC142108949_sector4.npy,0.4232029715183086
0.005594819028832803,0.0451588657860561,0.005748468164275992,0.9904003966074943,1.0094667217135824,0.033565624948525025,0.3462651635614673,350559457,67,TIC350559457_sector67.npy,0.4231726618172927
0.0054967290060035515,0.04180128394854188,0.006072264067203219,0.990989557044605,1.0090181956580435,0.043002872267612055,0.6631415781751002,142052608,8,TIC142052608_sector8.npy,0.423127786452492
0.005156515157849974,0.0351244817096541,0.005240753103941576,0.9920085163311173,1.0083574771107888,-0.021668496434045403,-0.07858166074221717,278897257,10,TIC278897257_sector10.npy,0.42304313315580583
0.005637332979351322,0.0464936577192665,0.005745824418766951,0.9914883391819721,1.0094514274256439,0.18472402067382349,0.5014767286740773,350559457,7,TIC350559457_sector7.npy,0.42295023047182007
0.00566362255242266,0.04237952523651023,0.005615686257259716,0.9906185964534614,1.0098548743876012,0.09370455174289286,0.08666644645132315,278897257,67,TIC278897257_sector67.npy,0.42288059797219796
0.005651155142674021,0.03770560843234194,0.0058115636609529925,0.9908208652557198,1.0092469746501844,0.18633178065341602,0.02657600631135093,278897257,98,TIC278897257_sector98.npy,0.42281276214862973
0.005719938951844151,0.04143601267663932,0.004787216098800384,0.990774880370945,1.0093577669243499,0.06467017999711215,-0.0904680017263586,260127241,3,TIC260127241_sector3.npy,0.4224268697187057
0.005514038097601325,0.04091284623881708,0.005969809413724807,0.9912154374854174,1.0088749613332058,-0.03147611374779264,0.21310862545987552,350559457,32,TIC350559457_sector32.npy,0.42239691499125764
0.005575099858028451,0.04167457264929242,0.004787274464998121,0.9906589816137525,1.0092666591202477,-0.06440796829932387,0.1517952075032576,260127241,87,TIC260127241_sector87.npy,0.4223856284125851
0.005994842455963138,0.0432255758693012,0.004865194707022432,0.9908022102075407,1.0097530325571618,0.13451193084095253,-0.13020890791082307,260127241,96,TIC260127241_sector96.npy,0.4223435764345118
0.004965533233785406,0.03561065237629224,0.005178084125178171,0.9917079565526669,1.007664479518141,-0.13061438652671792,0.2641235535115345,278897257,35,TIC278897257_sector35.npy,0.42232973283130126
0.005579527677449553,0.047872600818798294,0.0055082344217885736,0.9907589049363266,1.0089369770678769,0.09895514069950809,0.47583068454445954,350559457,6,TIC350559457_sector6.npy,0.4222477815466239
0.004440599098827062,0.04072399312851027,0.004183740614174599,0.9935637525868696,1.0085879508680065,0.4914911024183408,1.10836722193236,142082942,88,TIC142082942_sector88.npy,0.42214128399097667
0.005439462409138751,0.037229474102970506,0.006037690651722156,0.9909616402956326,1.0093045856970253,0.15105172368629663,0.35869396709035417,142052876,33,TIC142052876_sector33.npy,0.4221144114585819
0.004680471707830511,0.03371127302452459,0.004581346741723505,0.9931230059039434,1.0084687555460106,0.5162723306480698,0.8946187919470394,41173537,62,TIC41173537_sector62.npy,0.4220576600547831
0.004870800395349984,0.03749023847794242,0.005072285808149135,0.9920618690900221,1.008039194543914,-0.09906248190790769,0.39446554210035645,142082942,96,TIC142082942_sector96.npy,0.42169917532663403
0.005113508725490367,0.047143351540532064,0.005470065142681715,0.9917973766861459,1.0083736929716731,0.22223871476562687,0.697210441858727,142082942,5,TIC142082942_sector5.npy,0.42164808919558455
0.004833255179340347,0.04252281168435057,0.004953674735228792,0.9925631845893887,1.0088641174701962,0.2695018848705831,0.5122904599086926,179201107,30,TIC179201107_sector30.npy,0.4216298222432042
0.005382425790004896,0.03849832275233356,0.0053381237054073915,0.9903567848328524,1.0087589438652547,0.11883035772346921,0.22267686028240297,142082942,29,TIC142082942_sector29.npy,0.42161384960677684
0.0052849160573123005,0.0476098226075673,0.005713770885256685,0.9911827747191331,1.0086307146472724,0.13564782728564767,0.8135505152825377,278897257,30,TIC278897257_sector30.npy,0.42155604819395703
0.005180217315465902,0.047903787553082555,0.005433404749675718,0.9919046796296661,1.0084015303746356,0.1347650161056354,0.8449348871752957,142082942,39,TIC142082942_sector39.npy,0.4215376893929638
0.0056186218337472525,0.03875625729533971,0.006068146913055147,0.9906790659556983,1.0090627865923956,0.1116083929721457,0.3185033596604234,278897257,96,TIC278897257_sector96.npy,0.421529126574592
0.005557540303354036,0.03967312901155717,0.005851061219064035,0.9912072298471928,1.0091700649769575,0.08097001025299622,-0.03647733580874002,142052608,29,TIC142052608_sector29.npy,0.4214227095712234
0.0032808439832019516,0.03028341118684008,0.0031947836577849408,0.9951269972436259,1.0052365320529997,0.6801422941846751,2.674947729365413,141975926,29,TIC141975926_sector29.npy,0.42137989497179906
0.005074652144605821,0.03534123554293167,0.005204099344090639,0.9915332618989317,1.008404596300581,0.14317176180070518,0.12907765234647117,278897257,69,TIC278897257_sector69.npy,0.4213761225279159
0.00510696063791972,0.03696588153159497,0.005112803034237076,0.9913666167909575,1.0080174940356308,-0.09455150270489668,0.11002512123564712,142082942,97,TIC142082942_sector97.npy,0.4213611136809574
0.005423133493207901,0.036744508655612296,0.005393357755199583,0.991960918070414,1.0096231428164357,0.05355270369594655,0.16589465997267894,278897257,66,TIC278897257_sector66.npy,0.4213462074614554
0.005599145692951753,0.04407513087437476,0.0061017299176247975,0.9915885216302304,1.0092279610276735,0.14200051126679789,0.37141015613357764,142052876,31,TIC142052876_sector31.npy,0.42128234918416885
0.005431801138502082,0.04047299345797439,0.005875797237325617,0.9912060281048998,1.0090519237209534,-0.00263420475658002,0.38739719709209064,142052608,10,TIC142052608_sector10.npy,0.42126514230453177
0.0022635077145921633,0.02759142013974325,0.002008118530200446,0.99672935590139,1.0037993119400193,0.9810669738594638,6.17690817709228,141975926,93,TIC141975926_sector93.npy,0.42124982966100627
0.005371979211994665,0.03773786566412407,0.0056582734840893234,0.9913001007407318,1.0094657099654079,-0.0006631145485236953,0.1272565883668748,142052608,65,TIC142052608_sector65.npy,0.42112674814806056
0.00017095107137356957,0.0023375896731836487,0.00016564538145035274,0.9997618734613727,1.000248842880568,1.9548107925782994,15.331177615855733,260507093,98,TIC260507093_sector98.npy,0.42103162475525785
0.005588730997776265,0.03795454103643958,0.005710176850028946,0.9907157957534555,1.0085027875734847,0.06877426437036119,-0.09640678304070871,350559457,33,TIC350559457_sector33.npy,0.42097073384060946
0.005419474817390039,0.03737151221758528,0.00555627010487369,0.9914611268306128,1.0090982888458055,0.019377327239939145,-0.15530482124327305,278897257,88,TIC278897257_sector88.npy,0.4209665805296241
0.005439557323805056,0.04189560382094226,0.005375359344173068,0.992101400319184,1.0092474094269033,0.047321538306119265,0.22201089146805097,142082942,27,TIC142082942_sector27.npy,0.42096053450274246
0.004818562677009227,0.04292201575490506,0.005240094582369808,0.9919911729299685,1.0078236323901526,0.020648134741970033,0.6485744073591095,142052608,95,TIC142052608_sector95.npy,0.42089530468764763
0.005478590895273973,0.03831529564957559,0.005837525909565789,0.9913099803549651,1.008943610819198,0.16386182191198714,0.2559919132841686,278897257,13,TIC278897257_sector13.npy,0.4208411275622258
0.005063007434619863,0.04292822331054513,0.005338069688829779,0.9918948406264485,1.0083180924287731,0.037085926043050596,0.258924800444162,142082942,31,TIC142082942_sector31.npy,0.42082081316872305
0.002249450022923089,0.028130729690442058,0.0019650802293090935,0.9968819009304246,1.0036444138100307,1.0191045037211306,5.2476175043027435,141975926,61,TIC141975926_sector61.npy,0.42072330870625324
0.004890056302898714,0.04488996806880852,0.005326427989326795,0.9921684152000612,1.0083506933935877,0.1338325062003804,0.8248458831146612,142052608,11,TIC142052608_sector11.npy,0.42067489203361186
0.005154429730317656,0.03828913796012645,0.0059046254802264915,0.9918099566076483,1.0087693794649655,0.036793112206022514,0.2692150779051312,142052608,64,TIC142052608_sector64.npy,0.420564634356064
0.004885953806316176,0.044105306900575236,0.005308643996343083,0.9917824313365152,1.0077163145276455,0.1832789635514758,0.5344886871934973,278897257,90,TIC278897257_sector90.npy,0.42037387486947775
0.005148889620385671,0.036972294296512165,0.005731021682399484,0.9915335041355823,1.008301705219446,0.027939270141238252,0.2606120683517159,142052608,33,TIC142052608_sector33.npy,0.42034190107867464
0.005190937644838457,0.03970378555574616,0.005384749134138211,0.9919966522057584,1.0092174166057746,0.18505771531098036,0.3231533430315272,179201107,65,TIC179201107_sector65.npy,0.42031562580169896
0.0048653219622248325,0.03525363548336902,0.005324988171917672,0.9921983579460975,1.0083389034575134,0.08209421610548549,0.3871104960128058,278897257,5,TIC278897257_sector5.npy,0.4202847831690302
0.005393730157481253,0.04383331193103179,0.0058147826217010215,0.9911852822323757,1.008646331186265,-0.06249087390495365,0.3210999193417403,142052608,36,TIC142052608_sector36.npy,0.42018272994687006
0.004426020269387937,0.048895689090722394,0.004766921848960027,0.9927712855756402,1.0073162593622687,0.053383762494626674,1.1798909194142722,142082942,36,TIC142082942_sector36.npy,0.42007469819365467
0.004775572088220981,0.03675283176370403,0.005197439628008528,0.9922631552203951,1.0075626216429052,-0.11669433156206006,0.25277822263807304,278897257,61,TIC278897257_sector61.npy,0.42003792451616934
0.004633748299821129,0.042217388366617814,0.004763878559733302,0.9929611398233188,1.007432510016371,0.3181891973401626,1.1636404980581823,142082942,3,TIC142082942_sector3.npy,0.419999597528715
0.005192485753091943,0.04035073134923306,0.0053848323356150704,0.9915458061291633,1.0081151785658442,-0.0695304641464686,0.1757529243896605,142052608,68,TIC142052608_sector68.npy,0.41995883778449344
0.00020562367680048243,0.0042044608699502994,8.889613038776226e-05,0.9997110220263798,1.0002554358115898,0.9158922545769718,28.70647767989254,260605873,32,TIC260605873_sector32.npy,0.41991630336721314
0.005388494673299878,0.03305373851702609,0.005606010535374233,0.9916820226606501,1.0086883192131018,-0.0635839363226192,-0.11884801808378587,278897257,11,TIC278897257_sector11.npy,0.41988633960259863
0.004734899488733025,0.045153238253058614,0.005086014355421845,0.9923409110387484,1.0078629674064103,0.061816056386785764,0.7679218169896966,142082942,6,TIC142082942_sector6.npy,0.41974536773041576
0.005490605941752937,0.04544473847569175,0.0046202028448073815,0.9907287006430171,1.0086837564479165,-0.015058445225116528,0.4796895020287053,260127241,2,TIC260127241_sector2.npy,0.41971304132874615
0.0023378111013094287,0.02579500464720208,0.001953746676321554,0.996865522363596,1.0037644158844246,1.1744355917072682,5.846566433743893,141975926,94,TIC141975926_sector94.npy,0.41959170605685564
0.005458712582226473,0.038585965108049014,0.005923027643299047,0.9912293302047888,1.0086389144006067,0.15928888103725408,0.2917186216107597,142052876,28,TIC142052876_sector28.npy,0.41948537572686395
0.005126044831669177,0.03909651111953838,0.0053439707652593454,0.9920910502186635,1.0092115397349348,0.14430378512594347,0.22416745982481867,278897257,97,TIC278897257_sector97.npy,0.4192854697304679
0.005498199813493169,0.03868240989658689,0.005507240737531465,0.9912231364249391,1.009938391689074,0.10091515951801835,0.26496929608657416,278897257,2,TIC278897257_sector2.npy,0.41925871661527375
0.005191331521762231,0.044527773956556604,0.005703427213553324,0.9915728623596753,1.0086194360524494,0.11332380211517716,0.5533403289595751,142052876,34,TIC142052876_sector34.npy,0.4192210727916492
0.005131150706358886,0.042644512227637654,0.005480146377705567,0.9913749968857483,1.0081204481401267,0.016776948829598383,0.5298424880614139,142052608,88,TIC142052608_sector88.npy,0.41917643361570767
0.005131929739055332,0.04057620988460153,0.004946006747571175,0.9920226794884529,1.0090121209398581,0.10868482749767977,0.3831907814530022,142082942,65,TIC142082942_sector65.npy,0.4191718146095569
0.004579601395168825,0.046515904122235385,0.004845605056798101,0.9927430366539303,1.0072161095068193,0.16487529700495143,1.5198118616792682,142082942,34,TIC142082942_sector34.npy,0.418944651698304
0.0051361341080294,0.03516814387940592,0.005570148207192564,0.9915447695368865,1.007810355543554,0.10699875588007454,0.08660477600366345,142052608,61,TIC142052608_sector61.npy,0.41877741617002223
0.0002730421582164823,0.002763752248740925,0.00011080003178932582,0.9997457864629736,1.0002762413545592,2.3166653360075493,12.734345592768841,149988523,29,TIC149988523_sector29.npy,0.4186617700433137
0.00503167068885483,0.03586464399999323,0.005370771214905973,0.9913305037772085,1.0079404119700113,-0.04024388766021518,0.2920752188380833,142082942,12,TIC142082942_sector12.npy,0.4186310698816585
0.004330880754761424,0.04582360094362736,0.004357037152528066,0.9927444977154166,1.0064223367353142,0.01886994613821101,1.6100073158745811,179201107,39,TIC179201107_sector39.npy,0.4185984567308517
0.005100862891422439,0.037298923493432,0.005633477527925863,0.9916976061291549,1.0086325614482017,-0.0407456701571724,0.31251342694318973,142052608,1,TIC142052608_sector1.npy,0.41858798052325474
0.0015428993898388877,0.010704373149518887,0.0011266453542421587,0.9982556545098096,1.0021320326498826,2.1731012418945466,7.976140574660143,350862394,67,TIC350862394_sector67.npy,0.4185043109393352
0.005185771246313828,0.039473470784106124,0.005696731745594912,0.9913754901097233,1.0089670385970235,0.158828659354916,0.37685602126964923,142052876,36,TIC142052876_sector36.npy,0.41840235521919195
0.005091685079145548,0.03566035947155555,0.005599045170012181,0.9917055956400123,1.0085798110702757,0.04691127371365046,0.3254975415519783,142052608,34,TIC142052608_sector34.npy,0.4183816723188784
0.0014422410331320107,0.02086301077617181,0.0002461255927362546,0.9985008687288262,1.001437159137763,1.1746679555717563,14.615774612154347,370227780,36,TIC370227780_sector36.npy,0.4182571237546535
0.005286819329050287,0.04204744905418267,0.0053665262008480725,0.9917049467484139,1.0087372146122602,0.14290583067675927,0.33204956025899923,350559457,34,TIC350559457_sector34.npy,0.41815895466274644
0.004804092356797105,0.035203506558596276,0.0049746063579809065,0.991443225511687,1.007848223995331,0.02700061805725503,0.11437507994852814,142082942,30,TIC142082942_sector30.npy,0.4181303870796324
0.005013421855060297,0.041526392364183984,0.005164187269925273,0.9918246808214547,1.008010421719015,0.02989613847334505,-0.044255936062098655,278897257,87,TIC278897257_sector87.npy,0.4180095384648524
0.005376903723438265,0.03928031396466969,0.004369188791016044,0.991106556595598,1.008953380096097,0.1005918515025063,0.12654393949257425,260127241,4,TIC260127241_sector4.npy,0.4180011615242061
0.00478343316891763,0.03954291478410343,0.005068919871946532,0.992045795705196,1.0077937719139394,0.16895157642809386,0.2589204987161966,142052608,94,TIC142052608_sector94.npy,0.41794675008306503
0.00472108904831039,0.032591693190294535,0.0051557968718928355,0.9922744914987178,1.0078199093394484,0.0523926280543637,0.05198746872714999,278897257,62,TIC278897257_sector62.npy,0.41788059696832724
0.0054340854042149705,0.04141773695598927,0.005533216120700019,0.991654025803241,1.0088075496095827,0.06628321606695921,0.5006687499803011,278897257,94,TIC278897257_sector94.npy,0.417734644288128
0.004646075289546009,0.03667023338766551,0.004797582494115925,0.9919360419987491,1.007521582204781,-0.2329869853332971,0.5375861458264883,179201107,12,TIC179201107_sector12.npy,0.41766150187985757
0.00514359617271447,0.03961392749010362,0.00552287364187576,0.9916432403861504,1.0083545420025375,0.03337823572101584,-0.03563569693062307,278897257,9,TIC278897257_sector9.npy,0.41760307799231716
0.004880433205497578,0.039509521069520215,0.005091380071075386,0.9918606720962415,1.007966972389621,-0.007196149656403091,0.4300147120819786,142082942,66,TIC142082942_sector66.npy,0.41745315971330865
0.00489544403106343,0.03788752560272157,0.005326604766206133,0.992264474907501,1.0082872165188146,0.1008187956007332,0.31224704936576897,278897257,64,TIC278897257_sector64.npy,0.41733470623756125
0.005423777304128283,0.039842298559819245,0.005639608562954738,0.9909706211606499,1.008530647745789,0.07207398004107614,0.3245440577685512,278897257,95,TIC278897257_sector95.npy,0.41731356177390627
0.004695113454266548,0.030500558906447206,0.004729121049819913,0.9927011049712071,1.0084070339073803,0.04003649825882116,-0.06812004175543196,179201107,66,TIC179201107_sector66.npy,0.4171711004913159
0.004755219173695881,0.038222888989173365,0.00530115092510777,0.9920671975685458,1.0077923440673153,0.12069249727614377,0.45340166610576604,278897257,89,TIC278897257_sector89.npy,0.417051615927875
0.0004259009364462581,0.004967336501572106,0.0001331908794791727,0.9997317973502683,1.0002617505353124,1.6477059193226082,18.752789234308462,350298145,7,TIC350298145_sector7.npy,0.4170090592873458
0.00023122845934317056,0.0025671789405780077,0.00015502865084796307,0.9998047076976142,1.000368177307682,2.3952833813122374,11.323259576116325,350298145,1,TIC350298145_sector1.npy,0.416983637050961
0.004900270321006253,0.038123925510397116,0.004960131186582522,0.9919158875789819,1.007740252633275,-0.044531712353937436,0.1884743205429702,149102762,97,TIC149102762_sector97.npy,0.41691532727065855
0.004666439496217531,0.029225680128670994,0.005007895991573088,0.992546326396403,1.0077981473478304,0.05333392988872066,-0.16033692676011757,278897257,93,TIC278897257_sector93.npy,0.41616072108248586
0.004722151126974272,0.03467850149459861,0.00507077630767273,0.9926832438133939,1.0077346067834307,0.0935903417466056,0.4226832717399538,142082942,90,TIC142082942_sector90.npy,0.4159347834225055
0.004585159311516462,0.041453446095269464,0.004506685830310655,0.9929120057571925,1.0074673684009696,0.20209861463277584,1.201122732432868,179201107,95,TIC179201107_sector95.npy,0.41564543224470646
0.0038157866818974385,0.030971732300164256,0.0035959154681319853,0.9934761590445921,1.005871569953276,-0.4551009735328042,1.3896108648989047,309702035,97,TIC309702035_sector97.npy,0.4154335693623236
0.00018063132479214603,0.0021045708926134,0.0001237312897579871,0.9997695942838162,1.000227318578232,2.0630189651388258,13.076532629211414,260041674,90,TIC260041674_sector90.npy,0.41541357944553475
0.004727218136723711,0.037405544620469966,0.004755530450081062,0.991917478151162,1.007537948923997,0.17448338347027953,0.468395705957537,142082942,11,TIC142082942_sector11.npy,0.4150992718855723
0.004660786323811636,0.03892564715770219,0.0046402905710367206,0.9925561196685966,1.0082121955075853,0.17522133725781172,0.609244726911351,142082942,89,TIC142082942_sector89.npy,0.4150987945834715
0.004572994799035231,0.035353139474915696,0.004710485433994216,0.9920145294412187,1.007376663529145,-0.006530194056308974,0.21315012461514415,179201107,38,TIC179201107_sector38.npy,0.41474417985132966
0.004524817824349406,0.035409678847345805,0.004567763406545095,0.9928961516234889,1.0075260097062184,-0.13931755275619845,0.32746735577444586,142082942,94,TIC142082942_sector94.npy,0.41461551718862927
0.004492517958896878,0.03667532716449462,0.00443018733189791,0.9927788582568099,1.0082819727520038,0.04935898357211627,0.304806035823622,142082942,95,TIC142082942_sector95.npy,0.4145758344933934
0.0003142463193785364,0.00522193620305289,8.723288539338531e-05,0.9997743475971222,1.00030384500247,1.354687713484602,21.69550768700171,149988523,61,TIC149988523_sector61.npy,0.414552924358751
0.0002260610761141304,0.004064832470380475,0.00014229365784712588,0.9996991090260756,1.0002482110868538,-1.235844030886745,21.74879837125828,260041674,64,TIC260041674_sector64.npy,0.41437200686275505
0.004179899020783197,0.02446191213385429,0.003945723356929696,0.9926977007210057,1.0060341835092386,-0.3714004713774219,0.5957229964500423,149102762,29,TIC149102762_sector29.npy,0.41434021455415715
0.004396841684059427,0.044307709164849496,0.0046229264310690445,0.9929188162291128,1.0070725504658335,0.03142419960842391,1.0278311223770649,142082942,38,TIC142082942_sector38.npy,0.41421978354853034
0.004663485079857071,0.03879951578317398,0.004919855823033085,0.9924237410745641,1.0076070175257636,0.2132873782124281,0.6201168405448247,278897257,6,TIC278897257_sector6.npy,0.41420941442903064
0.004738232954620937,0.03275262226325759,0.004869678233011341,0.9921421541184695,1.0076277119177077,0.038382599419472266,0.03508605126347719,179201107,13,TIC179201107_sector13.npy,0.4141592354542791
0.004536368517016414,0.030006654152522794,0.004760312859860898,0.9927947863636333,1.0075839325797242,-0.08950999587024694,-0.07474333701542824,179201107,32,TIC179201107_sector32.npy,0.4140146056301276
0.0013439651581815685,0.020564939866954735,0.0011542361238718343,0.9981226666498135,1.002121349596176,1.3315983219602259,11.876758794119127,260162387,69,TIC260162387_sector69.npy,0.4138866023751632
0.0029421921151811287,0.02162887620771492,0.002444849507177032,0.9954974100421694,1.0039638331340617,-1.1013147227902629,3.495797805872649,309702035,68,TIC309702035_sector68.npy,0.4138248972457257
0.004668183190752673,0.03955069926885968,0.004952642320685292,0.9924662142395471,1.0075103632300113,-0.010325927551701178,0.1655980826291099,278897257,33,TIC278897257_sector33.npy,0.4137305692066117
0.004030913847891587,0.03494664580618545,0.004351897398295083,0.9937904488298533,1.006651442620419,0.3500480502396652,1.1103901555190632,142052876,69,TIC142052876_sector69.npy,0.41357749357913154
0.00015928757321999115,0.0024894300396247626,9.318427222733125e-05,0.9998186601890316,1.000218800299177,1.6647233505759962,15.530065170324175,141810080,8,TIC141810080_sector8.npy,0.41354202710928517
0.0045051962479681655,0.043809636930371765,0.004583266767819672,0.9930716460928833,1.007121425710136,-0.07177385179767566,0.8290123839353205,179201107,6,TIC179201107_sector6.npy,0.41350596594308686
0.004482244274548213,0.041790047367213035,0.004558106900760803,0.993134227742986,1.0069877122159459,0.1801828029368403,1.194715095835769,142052876,97,TIC142052876_sector97.npy,0.413206622169172
0.004659946838984046,0.038439288858275744,0.004949234149545507,0.9924015227397713,1.007632975511401,0.028132913984447692,0.4008693628004223,179201107,29,TIC179201107_sector29.npy,0.4131057173104794
0.004496095097817123,0.036232228677939626,0.004894643429530216,0.9926079445053523,1.0074120359518925,-0.005452687805495565,0.2459100074223768,179201107,27,TIC179201107_sector27.npy,0.41305513880633954
0.0001400367258449741,0.0023902990403521507,0.00011832167962278166,0.999790994259107,1.000223325633467,1.5930129560199497,17.844839469240547,260041674,2,TIC260041674_sector2.npy,0.41295539359066763
0.00016315805213008142,0.0028280089896083327,0.00013032534361224888,0.9997147095270204,1.0002190565297133,-1.5467453380916631,16.48808300598574,350298145,4,TIC350298145_sector4.npy,0.41273913476511853
0.003050110371137867,0.03042377153892384,0.002629819395549674,0.9960125354266735,1.0056087543276968,0.7120404005643183,2.1926801632182515,142052876,11,TIC142052876_sector11.npy,0.41230010505937204
0.00435808529008479,0.04120464502829435,0.004456456462542877,0.992843626270227,1.007214373480901,-0.07422304517393397,0.6938138077416478,179201107,87,TIC179201107_sector87.npy,0.4122877456235413
0.002612392395887962,0.024937411311383495,0.0025451786613487812,0.9967197487125266,1.0033870187620388,0.9673822600575759,5.114968167385712,149250753,97,TIC149250753_sector97.npy,0.4117587264465281
0.004388720355957735,0.0351058622944157,0.004151832995688831,0.9927307043773025,1.0061221353834402,-0.2169253229048045,1.595015449683709,142052876,88,TIC142052876_sector88.npy,0.41162444157231837
0.0046612029654075305,0.029039438275723195,0.004493788307586793,0.9925077584651025,1.0075319677376284,0.04650857117795366,-0.14176269945452669,142052876,98,TIC142052876_sector98.npy,0.4115837807398027
0.004018990610184554,0.03427147585824497,0.004157463341054578,0.9940178200180472,1.0071785448757318,0.34554548640898924,0.8647507879625413,142052876,90,TIC142052876_sector90.npy,0.41137145354825044
0.0007939702561349912,0.015583136640010986,0.00018144109018291787,0.9993432100095477,1.0014789509539783,0.7988812428698604,20.499823774216743,142108949,29,TIC142108949_sector29.npy,0.4112611935732067
0.002795859031576423,0.038442081657639626,0.002488885128416103,0.9956490422006854,1.004426552473645,0.4810319162870992,4.104486142623357,142052876,13,TIC142052876_sector13.npy,0.4112319609005758
0.004410402028834746,0.030130810481947656,0.004876759622223456,0.9928098970722071,1.0073282540161563,0.028296088881285368,0.2200181306839033,278897257,63,TIC278897257_sector63.npy,0.4110451160439565
0.0045407779216827685,0.03764413806940814,0.004461184252022491,0.9928911014127527,1.0073716431073692,0.05225575624306538,0.20947267843625506,149102762,98,TIC149102762_sector98.npy,0.4108581056652824
0.003197780527195147,0.03174386846676558,0.0030695173079745724,0.9946733026139352,1.0051876988089157,0.03670805573858539,2.560680201975117,150392584,98,TIC150392584_sector98.npy,0.4108245109514205
0.004339455951235367,0.03834843710656033,0.0047529395282753404,0.9929566897125003,1.0074032166829077,0.1617096663466859,0.6618233032966336,142082942,7,TIC142082942_sector7.npy,0.4106641243711945
0.004551887990089763,0.037046546430995475,0.004777977737150767,0.9928126831523593,1.007120958346402,0.1512036776968862,0.3747390182392314,41173537,67,TIC41173537_sector67.npy,0.41055703621736467
0.0043450195710174845,0.037438955494179194,0.004672606666899471,0.9927519130076948,1.006998478435869,0.20594618087852168,0.9026615930822675,142082942,68,TIC142082942_sector68.npy,0.41049579451200996
0.0045706448713693565,0.03741635727395065,0.004846064826560014,0.9925846676991197,1.0076093941118272,0.12191166025676589,0.37856784443785463,179201107,2,TIC179201107_sector2.npy,0.4104367064054382
0.004101940765721432,0.029839243841647267,0.004055933715811122,0.9934917071329338,1.007078613549016,-0.1588050766263071,-0.01831427112098849,149102762,67,TIC149102762_sector67.npy,0.41016226743458895
0.003974507003567905,0.03618521755216808,0.004137313194126673,0.9935675932915983,1.0061919289026169,0.2582529163829723,0.756077592868472,142052876,63,TIC142052876_sector63.npy,0.410128299674454
0.004425053858204387,0.035737369361551696,0.004869956659669065,0.9927771417862412,1.0069851146436422,0.07660752224758674,0.42490684458376293,41173537,63,TIC41173537_sector63.npy,0.41006398294064655
0.004286908835438743,0.04014175736451364,0.004593884321913616,0.9928239705659977,1.0066476101423478,0.21665247857905323,0.7673825443035547,41173537,68,TIC41173537_sector68.npy,0.41006280205471385
0.004475885929785278,0.04090371296012163,0.004576024812229788,0.9927804866176966,1.0070036847181505,-0.02022787832387729,0.6048956037865256,142082942,67,TIC142082942_sector67.npy,0.41000405546349344
0.004350924084836635,0.029770197816374355,0.004678327754584868,0.9928586582012395,1.0070868317627752,-0.029271357316222543,0.18020539203875918,41173537,66,TIC41173537_sector66.npy,0.409947857494817
0.003857915146676502,0.03456233849405077,0.00391086013624143,0.9931088901048919,1.0060057198489345,-0.1801096601054409,0.41641602442495573,149102762,32,TIC149102762_sector32.npy,0.40991054997757853
0.0046056069726725995,0.031010992336513943,0.004624138299563402,0.9917897059001682,1.0072070448655421,0.07926517450659075,0.029181662875720438,142082942,28,TIC142082942_sector28.npy,0.40966785385864574
0.004508061101031523,0.035029809201581386,0.0048699921330842095,0.9925016310285077,1.0071656234742337,-0.04994245858729733,0.25352311102183567,142082942,1,TIC142082942_sector1.npy,0.40958746055327744
0.004504421031831505,0.03969855983765591,0.0047412144035067355,0.9927235845281709,1.0072862654317392,0.13968367852351435,0.43051625192617227,142082942,13,TIC142082942_sector13.npy,0.40948178820131026
0.003886831364316819,0.025447472231910018,0.0039382267037663355,0.993552251932878,1.0065584977594293,-0.08382880090474819,-0.14227373670261922,149102762,68,TIC149102762_sector68.npy,0.40942641493427273
0.0002068128668161667,0.0016375426961127149,0.00012022705157266446,0.9997214495432833,1.000236169750265,-1.9465654872293028,7.944362440452199,260507093,67,TIC260507093_sector67.npy,0.40923793137058967
0.004491921684951394,0.038680675920410024,0.004802925928087459,0.992682086021808,1.007166477142317,0.1133533888815174,0.831307008014849,142082942,64,TIC142082942_sector64.npy,0.4092358779271576
0.004311886113619887,0.03782275291839299,0.004255904214690474,0.992842854385905,1.0066810093575231,-0.033907488364087315,0.42640380714482484,179201107,11,TIC179201107_sector11.npy,0.40908517518191545
0.0004114810434714108,0.002908878310075469,0.0002792510793365034,0.9993613215386473,1.0004043710775177,-2.3408489117584583,8.804362699338112,260041674,67,TIC260041674_sector67.npy,0.4089364269245054
0.004336473749458911,0.03459821741090108,0.004431401974684972,0.9930803484143331,1.0073976918472194,0.10552849678219668,0.14696957421051682,179201107,94,TIC179201107_sector94.npy,0.4089251800069328
0.004283438698473646,0.02845548085974048,0.004616934958410698,0.9932133907675835,1.0070640822219608,0.10240650697797274,-0.05632246063377977,179201107,35,TIC179201107_sector35.npy,0.40891304506022547
0.003940610331931126,0.025274440546534716,0.003991598417503845,0.99364501258773,1.006984928443082,-0.02841881243145922,-0.12562417756126987,149102762,12,TIC149102762_sector12.npy,0.4086318405898378
0.004061280843736438,0.027587001596027005,0.004192564378574748,0.9935335124874698,1.0073713320889153,0.1281277190191048,0.08523072858396885,149102762,7,TIC149102762_sector7.npy,0.40852751984896485
0.004328964859395466,0.03991802384478771,0.004521553369675232,0.9929698980306698,1.0069239805581713,0.11574840053010911,0.9491902354992265,142082942,62,TIC142082942_sector62.npy,0.4084921064753161
0.00017732716587676403,0.0017115770787431428,0.00011335219049488729,0.9997977221385226,1.0002699796497625,1.8520685154512204,7.919509893977686,350298145,27,TIC350298145_sector27.npy,0.40842955496952826
0.003982599718852749,0.02369628782847011,0.003964976298613803,0.9937363742532248,1.007150357599196,-0.04565657199568033,-0.1070486687664558,149102762,61,TIC149102762_sector61.npy,0.4081555166245616
0.0007292530531336458,0.012585498253474992,0.00033396541858586365,0.9989370323085672,1.0010680158134317,1.6141856645497232,17.371589117214086,350765991,2,TIC350765991_sector2.npy,0.408151110637486
0.004004690306717453,0.03630837277387655,0.004398926592187415,0.9935561506277372,1.0065042374667237,0.0701965350530524,0.7735997939221617,142052876,65,TIC142052876_sector65.npy,0.40813867591591174
0.00022895616404779463,0.003980785570780632,0.00015035039894132187,0.999692312189872,1.0003389969801377,1.4163257566568774,19.078740665619414,350298145,62,TIC350298145_sector62.npy,0.40803832688465647
0.004501793301022171,0.031938651714742194,0.004536972274191102,0.9928655430657605,1.0072213634751375,0.03861119889824807,0.13928922235002927,179201107,69,TIC179201107_sector69.npy,0.4079744021312204
0.004355706654689917,0.03140335676912298,0.004656398058966489,0.9926089438404766,1.0069858306745583,0.026551141839040674,0.10415532770589442,179201107,7,TIC179201107_sector7.npy,0.40793533326118486
0.004297295751385177,0.03102578137346068,0.004739008611576258,0.9929834853573157,1.0070911617007756,-0.06765965080211463,0.2728995797294811,142082942,10,TIC142082942_sector10.npy,0.40774819562438824
0.004285579883029859,0.039226716405386886,0.004537697043184333,0.9931738343451654,1.0068975677165886,0.2243840844905481,0.32281761357622685,41173537,69,TIC41173537_sector69.npy,0.40774058714308803
0.0044230628231736145,0.032904623002906086,0.004584524873766071,0.9928653065803154,1.0069978134609305,-0.06203346892904652,0.21241989730776023,149102762,96,TIC149102762_sector96.npy,0.4077270466014439
0.004168787434729822,0.02879351891782944,0.004306336756741461,0.9932370669669203,1.00654637723626,-0.0558176304189072,0.1296240196702918,179201107,88,TIC179201107_sector88.npy,0.40768308635097783
0.003908577164920282,0.028041105864742732,0.004248633870558468,0.9936649712719069,1.0064704440921237,-0.14752523855909502,0.1950462724275308,149102762,64,TIC149102762_sector64.npy,0.4074879558544854
0.004239646695197614,0.03004897567192344,0.004350400624031858,0.9930757885097158,1.0070757632426663,0.10975608583294949,0.028972968680738287,179201107,5,TIC179201107_sector5.npy,0.40745519154092513
0.0041595852853993235,0.02930721963977323,0.004445969637674087,0.9929779320232961,1.0065801342450276,-0.009188238744814963,-0.11124874402280893,179201107,64,TIC179201107_sector64.npy,0.4074113126764304
0.00019080567575547707,0.0014389088260938765,0.00011375074009144492,0.9997376046849344,1.0002253465272484,-1.8476983869023476,7.189507968034233,260507093,30,TIC260507093_sector30.npy,0.4073673986033576
0.0042342416028297285,0.03018292693308644,0.004531660235881002,0.9935767583643388,1.0071109023930123,0.12436988865683997,0.0666675101846983,142052876,87,TIC142052876_sector87.npy,0.407285935760429
0.004354048048360601,0.03892237571718726,0.004763299842205221,0.9930117026620199,1.0070404751048196,0.05477626650643477,0.5172226822337653,41173537,64,TIC41173537_sector64.npy,0.40727089184358545
0.003898196309460156,0.03536841048511419,0.004204204368933727,0.993720113676862,1.0063523531654657,0.09196107500458751,0.6938765933189641,142052876,38,TIC142052876_sector38.npy,0.4071117294843458
0.004051971163622993,0.026333977212048665,0.004392788381053001,0.9935027759249079,1.0065463365473544,0.0672046076761407,-0.026931626288282384,142052876,93,TIC142052876_sector93.npy,0.4070945503542095
0.003933715536583833,0.030100140682888354,0.004049482388432574,0.9938569958087756,1.0071598579224676,0.09609140093420301,0.22016391351712272,142052876,67,TIC142052876_sector67.npy,0.4069123991469632
0.004114136311910429,0.03372601172119427,0.004428365785519891,0.993646882732047,1.006711555861476,0.25011996763615874,0.707068410564109,142052876,68,TIC142052876_sector68.npy,0.40678445103018046
0.0043263619455097034,0.02986439348150982,0.004506898627999934,0.9930280093800951,1.0067022350369206,0.06683179651024751,0.24304111330827505,142082942,8,TIC142082942_sector8.npy,0.40671196095844003
0.004164327669166792,0.03296024894665317,0.004475694220889049,0.9932667890395372,1.0069836214159869,-0.01560180922096001,0.5113803408458968,179201107,62,TIC179201107_sector62.npy,0.40662508377832124
0.004349086329873535,0.03774283072466045,0.0045948577401890974,0.9932213400579527,1.0071799899167062,0.1249778310756954,0.28580700844659956,142082942,63,TIC142082942_sector63.npy,0.40661362857620464
0.004399675912430262,0.0345465494052275,0.004425008282960814,0.9930180043420889,1.0071484858088418,0.01832554116057849,0.26320662109636705,179201107,28,TIC179201107_sector28.npy,0.40657455130502246
0.00015646413452190494,0.0026578797307633684,8.994347351143742e-05,0.9997612303211023,1.0002266740648278,-1.2096550761886629,16.57354548142245,149988523,34,TIC149988523_sector34.npy,0.40655783308796
0.004346912386908364,0.03354306892824255,0.004667741654257584,0.9929590849062774,1.007283043988478,0.12168684101958017,0.5553433399673722,41173537,65,TIC41173537_sector65.npy,0.4065496593902209
0.004076751255027964,0.02839303732559295,0.004307092399921132,0.993585630273398,1.0066600216837849,0.10806954581700445,0.08603020464642963,142052876,62,TIC142052876_sector62.npy,0.40651981027163286
0.0023862334634311582,0.023947494920622203,0.0018994767250248494,0.9960628508468188,1.0036272780727806,1.0413670267697046,4.1314275709540365,141975926,66,TIC141975926_sector66.npy,0.40650660360526103
0.004415291324484929,0.031215037768141385,0.004634639042649516,0.9927822014009369,1.0070823866932967,0.03449675133030132,0.3230454459852159,179201107,1,TIC179201107_sector1.npy,0.4064879002912881
0.0038879494090849655,0.03016602670991375,0.004182247270461807,0.993563780137667,1.0063721201703357,0.09055908737836517,0.5220996235164481,149102762,37,TIC149102762_sector37.npy,0.40644833370272865
0.004181445263254557,0.03073208371536229,0.004347765408067907,0.9930549002038692,1.006574821464742,-0.029651476513718827,-0.0872359912964118,179201107,67,TIC179201107_sector67.npy,0.4063542072579441
0.004135824584668674,0.03455161918256833,0.004318957373727461,0.9935019533790042,1.006714310771266,0.07595341004274797,0.5496331567117068,41173537,61,TIC41173537_sector61.npy,0.406340212817467
0.00429918265904039,0.034570868896060314,0.004650316641159737,0.992857157295908,1.0069091989577097,-0.027873715573871326,0.2675440032380716,149102762,38,TIC149102762_sector38.npy,0.4062249716292354
0.0038273183185698364,0.024333703970849108,0.003675463643923161,0.9940300390099017,1.0068982221231773,-0.10303782555552121,-0.0072806707168826534,149102762,66,TIC149102762_sector66.npy,0.40619287280598565
0.004226204400683204,0.028338363614735407,0.004422608142169097,0.9930205846983777,1.0067324174416763,0.07248211719100868,-0.04747759540100116,179201107,61,TIC179201107_sector61.npy,0.4061714730995995
0.0038753217333774253,0.027625014116495872,0.004178994952775691,0.9934702597221258,1.0061713044850138,-0.12153622954767075,0.6937966226688035,142052876,61,TIC142052876_sector61.npy,0.40604122496572803
0.003917473766743175,0.02806974451603661,0.0041037899197307985,0.9932947591475998,1.006235715931751,-0.10762192905175723,0.3565508849916128,149102762,93,TIC149102762_sector93.npy,0.4058877142886653
0.003739781005310876,0.029668309608991805,0.003915934222378238,0.99400093598997,1.006236386627431,-0.04541528737675324,0.4201571760625513,149102762,2,TIC149102762_sector2.npy,0.4058594239722828
0.0038639192470153795,0.026598292755707464,0.00393665944596847,0.9938117548707182,1.0067511384414498,-0.07322491043286053,-0.0040536708986254055,149102762,36,TIC149102762_sector36.npy,0.40569831195624684
0.00014744267070905027,0.002368448616821839,0.00012842443681941539,0.9997814631782433,1.0002284437525764,1.472409608260887,16.112166378763806,260041674,1,TIC260041674_sector1.npy,0.4056050711581762
0.003952732212046944,0.030929508507427816,0.0039444277459598906,0.9932573800824445,1.006293364275505,-0.032249676294016684,0.1719346675762119,149102762,88,TIC149102762_sector88.npy,0.40560208104274176
0.003622769542664252,0.028380714926789063,0.0035392686133011346,0.9943420639043183,1.00681349115138,0.09146083990568582,0.2340383914179518,309702035,35,TIC309702035_sector35.npy,0.4054733916461566
0.00401886154875984,0.02963817772684285,0.004310951853399758,0.993368827165502,1.0063828803395483,-0.041928421666829904,0.43627078683378606,149102762,31,TIC149102762_sector31.npy,0.40540027262360195
0.004091751602244367,0.031973256921655535,0.004299925912700397,0.9932293273644268,1.0061776503930768,-0.11385899054708265,0.43962430779932804,179201107,89,TIC179201107_sector89.npy,0.4053597578314711
0.0038879069178221976,0.03236094411643331,0.004091124515170488,0.9939349028589033,1.0063065371076183,-0.01124953255715743,0.49822848249623597,142052876,66,TIC142052876_sector66.npy,0.40510914027464223
0.004114789905535109,0.03345121669533724,0.004376359237795268,0.9934070718020299,1.0067192000205607,0.03034219387677184,0.7317057846574047,179201107,8,TIC179201107_sector8.npy,0.40508541553597144
0.0035561644943101853,0.024986747338557547,0.0036477651952237897,0.9939325096108375,1.0059999579527958,-0.13861141001856261,0.23714394864686694,149102762,4,TIC149102762_sector4.npy,0.40508410857238647
0.00387183147034395,0.027203528570864943,0.004215063991017309,0.99388987235529,1.0065500751132552,0.002815445584195981,0.07472584598727572,142052876,96,TIC142052876_sector96.npy,0.40502989271373974
0.004074038454384998,0.033102867593237884,0.004369032503799116,0.9937543475146619,1.006581723251231,0.08207988804170499,0.11195101880099223,142052876,95,TIC142052876_sector95.npy,0.4049433135536457
0.004081212131323302,0.032602741735851315,0.004409156676186424,0.9934578793513283,1.0065329864542176,0.01240066201039058,0.2564993885328599,142082942,37,TIC142082942_sector37.npy,0.40484776123882726
0.003969261966389404,0.029222547839082735,0.004210402383699778,0.9936869460879706,1.0066332843910026,0.04962793857634139,0.1785209082623882,149102762,1,TIC149102762_sector1.npy,0.4048256024661173
0.004039637859706332,0.027220620659283545,0.004150132829850173,0.9935792405819206,1.0065152207678014,0.0010715884254781113,-0.0709964361462494,149102762,69,TIC149102762_sector69.npy,0.4047227141334834
0.00438163935539945,0.03406288978948424,0.004525840388746554,0.9930859706154265,1.0067152014285699,0.009330641680116469,-0.04999234518375717,179201107,34,TIC179201107_sector34.npy,0.4046985345541466
0.00015938124363692286,0.002411492716920649,6.931111415244165e-05,0.9998500337062823,1.000168665946776,1.141824922225325,17.12726815314849,149988523,1,TIC149988523_sector1.npy,0.40468994988371004
0.004091800454370577,0.032066402431005225,0.004303460149479344,0.9935026955495183,1.0064206291306308,-0.058152246464451725,0.35376328136518964,149102762,30,TIC149102762_sector30.npy,0.4046459944942423
0.0041114456931789275,0.03429804367307432,0.004276593373783009,0.9933791715629249,1.0063674738435338,-0.07421482522824864,0.6391558822436076,149102762,65,TIC149102762_sector65.npy,0.40464142271744347
0.003678512541877902,0.025313022567838073,0.003921095616518374,0.993805098985236,1.0060936903498952,0.0006294349061010828,0.13938021609513784,149102762,9,TIC149102762_sector9.npy,0.40459713433662486
0.0038707728555275175,0.026545998435070994,0.004110893280614757,0.9936791512951773,1.0064167269728765,-0.055631340922945534,0.13418082170377277,149102762,89,TIC149102762_sector89.npy,0.4044670861839998
0.003994612190137723,0.031887498176778606,0.004178845107162072,0.9933334091476707,1.0061612801999658,-0.08864071636268993,0.1496628129058264,149102762,95,TIC149102762_sector95.npy,0.40440987151732216
0.004377160546469273,0.034161853645743534,0.004519278776686341,0.9929923174668177,1.0070779365786826,0.05024117759352003,0.31515780210390476,179201107,10,TIC179201107_sector10.npy,0.40434678896683435
0.00393758166013475,0.02763958843795533,0.004165531344800764,0.9933439260276947,1.0063856222862968,0.027606607002535245,0.02794214040066967,179201107,9,TIC179201107_sector9.npy,0.4043449173498798
0.004098162089115197,0.029866301383004834,0.004249749189193456,0.9930664181283304,1.0067518198077214,0.020888991322176035,0.11245069617400727,149102762,11,TIC149102762_sector11.npy,0.4043406132441207
0.00045466761786418903,0.008245900535092332,9.96264521932502e-05,0.9995278062316016,1.0002813136387552,-1.1316339200913046,18.150546586362236,149988523,69,TIC149988523_sector69.npy,0.4042763313344169
0.004142944803188823,0.029099776486136264,0.004276114392905293,0.9934704269655111,1.0063991249194741,-0.0071487593400043365,0.1019886058437045,142052876,94,TIC142052876_sector94.npy,0.404215382736885
0.0037216165299388724,0.02330442012302858,0.003944919417653745,0.9939285087175617,1.006005146084827,-0.03479974174437981,0.03816757750016464,149102762,10,TIC149102762_sector10.npy,0.4041606903286587
0.004022039761927958,0.032898183524173175,0.004239729307851419,0.993417724489099,1.00666814667558,-0.058700932108515846,0.39255149958938285,179201107,33,TIC179201107_sector33.npy,0.40407585465860224
0.0038424279891956016,0.0266120059075311,0.004008245243450476,0.9937536847342987,1.0062493885611141,-0.0648561429895504,0.1462511512094662,149102762,63,TIC149102762_sector63.npy,0.40400495220303434
0.00015193783667360975,0.003003683253529954,0.00013036092535660505,0.9997741346629256,1.0002137659130368,1.1062300140167896,19.839228518345717,350298145,33,TIC350298145_sector33.npy,0.403948550389461
0.003766395818732201,0.029134697596398862,0.003948938918363687,0.9937528385162054,1.0063047086536836,0.009005435672119437,0.38793484161956826,149102762,27,TIC149102762_sector27.npy,0.40385180834774936
0.003960974153240238,0.028001982136509507,0.004165483012119584,0.993472495313823,1.0063366680654418,0.025592520780824406,0.16326888907825055,149102762,28,TIC149102762_sector28.npy,0.40381840353094794
0.0036540509248069353,0.02736129343938276,0.0038469220185710423,0.99396242275143,1.0060474700128743,0.03810169820431336,0.07330804032060012,149102762,34,TIC149102762_sector34.npy,0.4037965921320082
0.0037824950662635535,0.03458538663898958,0.004109860193384803,0.9939172483520302,1.006145685516013,0.1131988620364878,0.4678597211344213,149102762,39,TIC149102762_sector39.npy,0.4037798782334287
0.003906946127752453,0.030909451606184413,0.0039301965150569705,0.9937447645613046,1.006500865069755,0.11716821164754398,0.5229114134293633,179201107,90,TIC179201107_sector90.npy,0.40374835662897796
0.0035793784416116164,0.02914229052364825,0.0037255433359262226,0.99409267418185,1.0056446510680603,-0.1315771094858491,0.4930559888826096,149102762,8,TIC149102762_sector8.npy,0.40372034133026385
0.004046803112288018,0.03177347269673503,0.004298588171962566,0.9932037596111866,1.0063950492211058,-0.06124649226069419,0.0693158849948774,149102762,87,TIC149102762_sector87.npy,0.40364371729055304
0.003980044685084223,0.0327018571310258,0.004455875862536638,0.9936558968906701,1.0064470429874668,0.14059420323329386,0.5953935842728786,142052876,64,TIC142052876_sector64.npy,0.4036335367964846
0.004084500088146237,0.033581721248662766,0.004489902762810559,0.9935578974719539,1.0069429051447614,0.10565933233375627,0.3828913019272471,142052876,89,TIC142052876_sector89.npy,0.40355085947533964
0.004219426236731795,0.0340016213882115,0.004568808375323883,0.993203994221832,1.0069241128677324,0.06607346357530758,0.2900161500896852,179201107,68,TIC179201107_sector68.npy,0.40349018050787916
0.002361049101862636,0.024322596032032795,0.0022229319609953476,0.9961550328363816,1.003166665418895,-0.5513542962828047,3.944312089489901,350765991,88,TIC350765991_sector88.npy,0.40341883750272617
0.0029447421557366564,0.02871957952974602,0.002721407407780173,0.9956564964053597,1.0049778495548936,0.6572453554774921,2.3690478636327086,142052876,2,TIC142052876_sector2.npy,0.4033845947571849
0.003954486611725863,0.03067526163488643,0.004109333578505459,0.9934223907215902,1.0061404669561136,0.07951967437875698,0.4362580804604579,149102762,5,TIC149102762_sector5.npy,0.40337532273891896
0.0034199653085142875,0.031015696836719675,0.0035764640461573185,0.9945385246892087,1.0058910181694212,0.12822633443739523,0.6735249937612249,260127606,65,TIC260127606_sector65.npy,0.40304332437924156
0.0036901750411632785,0.02392454915333353,0.0037206597527572887,0.9939481794797516,1.0060610775140797,0.15858327761359414,0.14012966299757412,149102762,94,TIC149102762_sector94.npy,0.40300230016143024
0.0007361462938975899,0.0073697046133530675,0.00022061330391616438,0.9990000549044478,1.000692794229901,-2.1071866612399983,9.457229428175197,150392584,38,TIC150392584_sector38.npy,0.40292841578855476
0.0006552651625866809,0.005374300068931803,0.0004539245667558448,0.9993013804143613,1.0009607006524057,2.065426933255152,8.236854317996624,176873028,94,TIC176873028_sector94.npy,0.4028434908752321
0.0006525709861992645,0.0074582590324207,0.0005334162453160585,0.9989487372384157,1.0008309297461253,-2.1438229374036544,12.655851474771667,150392584,35,TIC150392584_sector35.npy,0.40284285454170143
0.003753447552322401,0.02692571852505743,0.003932433740864324,0.9938328040639759,1.0061910425492087,0.06991995986484854,0.059213809413679375,149102762,90,TIC149102762_sector90.npy,0.40283769684581033
0.004048241538606886,0.03113820794670885,0.004102920912967984,0.9937046260312884,1.0064905607931587,-0.00030456766701791546,0.30407242279865976,179201107,37,TIC179201107_sector37.npy,0.4028309131696209
0.003877858239589294,0.028106823518651236,0.004242539111427059,0.9936210564627268,1.006202898738974,0.08633718663347617,0.16551102889202784,179201107,63,TIC179201107_sector63.npy,0.4026666048008121
0.0036359601981958483,0.025486426954741237,0.003767315511598805,0.9940438338766726,1.0059782492271399,0.0889633562698079,0.09621806358692409,149102762,62,TIC149102762_sector62.npy,0.40262612465595143
0.0033072416478520097,0.027715185810954335,0.0034073303259026765,0.994762738783698,1.0054790286638542,-0.1303149267041142,0.5158454855276919,309702035,36,TIC309702035_sector36.npy,0.40243098345374434
0.0026050195154202686,0.027338383383206932,0.002535119249234916,0.9962952596462546,1.0045697076168159,0.7373419066348524,2.703559755061871,260162387,35,TIC260162387_sector35.npy,0.4024306541452934
0.002872469208004164,0.02807256700767402,0.002697653358116331,0.9957599302866571,1.0053695648801622,0.5752712229910808,2.156421670938423,142052876,8,TIC142052876_sector8.npy,0.401848163703031
0.002604490818306048,0.030898742939109214,0.002697988014869893,0.9960899039116555,1.0041782379252284,0.3377049671767092,2.661376397071919,260162387,29,TIC260162387_sector29.npy,0.4016681254466358
0.003178206942665843,0.0212132645906149,0.002893547059074152,0.9940840881332863,1.0044220621460695,-0.5554454895654457,0.9856693578777627,150392584,67,TIC150392584_sector67.npy,0.40138594701900415
0.00034174477252180304,0.0032345848669222965,0.0002325295999953538,0.999591826313866,1.0004355447827273,-2.0250325803671134,9.593561692424434,150392584,4,TIC150392584_sector4.npy,0.40121879303169705
0.0002676714789334457,0.005125529669190443,0.00024211169742774407,0.9996634197591338,1.0005340598448569,-0.9796945283651505,19.304068632409432,260041674,4,TIC260041674_sector4.npy,0.40093802495097325
0.0003065526461660059,0.004688446380011979,0.0001244973044770146,0.9997408720604753,1.0004271324695255,1.6003915064442684,14.844855349382538,260041674,39,TIC260041674_sector39.npy,0.4008509321483262
0.0037693242808184975,0.027073019930639486,0.0038256745484966967,0.9938591202724228,1.0061270255572938,-0.01637577049630917,0.523532907339439,149102762,35,TIC149102762_sector35.npy,0.40068092916256676
0.00027155670411058413,0.002283396248027314,9.566731898540236e-05,0.9997024389558498,1.000429321248787,1.831228310127146,6.304605451736746,260605873,1,TIC260605873_sector1.npy,0.399606670300804
0.0012690593208842301,0.009327992916528416,0.00035480513154259006,0.9974794329578927,1.00138356518626,-1.7810774575910722,5.596843312702223,278777070,3,TIC278777070_sector3.npy,0.3992599626659805
0.003445343534480267,0.017404142815467094,0.002631199291014407,0.9943558170274734,1.0056772988078304,0.07916141819380253,-0.5407576267017129,149250753,68,TIC149250753_sector68.npy,0.3985005405020261
0.0033554578369269644,0.0238899151889318,0.0034193651771892986,0.9945433200051927,1.0056154648220872,-0.042039991559889744,0.10054002250014848,309702035,69,TIC309702035_sector69.npy,0.39813043596178826
0.0010763276441055408,0.015662886965365885,0.0006932423385318659,0.9984019057016986,1.001506345329456,-1.2071129175770692,10.127666406436004,149269178,29,TIC149269178_sector29.npy,0.3980409240328169
0.0007776423175118782,0.011678781791863435,0.0005830734336981931,0.9991041858789014,1.0011973676326051,-1.3980075942312589,15.689538091723524,370227780,10,TIC370227780_sector10.npy,0.3978670065256162
0.0006042042660703718,0.0053512073834028895,0.0003886491920625707,0.9993645225197912,1.0010838061661211,1.900043327542157,7.478821910339953,150392584,66,TIC150392584_sector66.npy,0.3968362814376773
0.0005553298809625954,0.009465759379371108,0.00047976925166482793,0.9992671429471366,1.0009436911830145,1.3805440292149382,14.375528521411564,176873028,88,TIC176873028_sector88.npy,0.39624449706554016
0.00018637090443783015,0.002496900733138463,0.00011840601072112912,0.9997546867165155,1.0002335412413261,1.2766819640761773,14.969957511312334,350298145,66,TIC350298145_sector66.npy,0.39602930808603726
0.0015766361021621587,0.011058090421427691,0.0012045205483436196,0.9982375465034449,1.0024862441103795,1.6493978600607961,4.796151319562011,150392584,11,TIC150392584_sector11.npy,0.39556370079325553
0.00017410080790994565,0.0025454936879186763,0.00013516402464819604,0.9997978677356361,1.0002475772407537,1.516711882189144,12.688442769280055,149988523,96,TIC149988523_sector96.npy,0.39546146453518716
0.0031464813710797668,0.015786698306873514,0.002635130474833776,0.9947172271612953,1.0051660116362835,0.009340215407057376,-0.6414945671692882,149250753,63,TIC149250753_sector63.npy,0.39529225505198445
0.002861520638342651,0.027290726805607513,0.0028241374733880722,0.9956202461195581,1.0048571816922047,0.5248068649351071,1.7957305232394702,142052876,5,TIC142052876_sector5.npy,0.3945839597202296
0.00013542242209424823,0.0015650665904894945,0.00010880891910216191,0.9998171072770279,1.0001953813763558,1.2932670356439273,7.558354612825777,350298145,68,TIC350298145_sector68.npy,0.3941464921128279
0.0006627010207113938,0.007207673373733625,0.00021322311268563054,0.9994250828695833,1.0009185890688155,1.6416009976259145,11.648101901817606,142108949,1,TIC142108949_sector1.npy,0.3936748899334201
0.0008270435049653712,0.012390591210381552,0.00018547985031310324,0.9992363731979786,1.001401696897107,0.6299706596790862,16.310220043793592,142108949,66,TIC142108949_sector66.npy,0.3929993231513048
0.0022798177186177672,0.026030792323033958,0.0014038140949217909,0.9969601857380935,1.0030095810766226,-0.34980587271423697,4.841552739174125,149250753,94,TIC149250753_sector94.npy,0.3929774418694135
0.0029047628001587496,0.027325131623494925,0.00264237607658917,0.9958725211248577,1.005208161042846,0.404645089312026,1.3811864101532452,142052876,1,TIC142052876_sector1.npy,0.3928932897926358
0.0023066061307581054,0.024308946421490618,0.001466125248350625,0.9969919544893373,1.0036960269092,0.8942939011430713,3.053040835611423,149250753,95,TIC149250753_sector95.npy,0.3925458429446605
0.00021737507709521878,0.0028402816829138366,0.00014455075780395212,0.9997574433154424,1.0003111162120737,1.549087815741474,10.109696001688038,350765991,8,TIC350765991_sector8.npy,0.39252268339494145
0.0033525965870335422,0.017915164844170106,0.0025511244236533196,0.9942932169965888,1.0057299703807876,0.12696602024028328,-0.3478992853457803,149250753,69,TIC149250753_sector69.npy,0.3924871787646179
0.001307610140297598,0.017311372879712295,0.0011186037481666071,0.9980972681755476,1.0020000862546636,1.0793366804609654,9.629098713992205,260162387,87,TIC260162387_sector87.npy,0.39210770866649186
0.0029795570144504303,0.025494268403180698,0.0026158040488623983,0.995491423610108,1.004820068455814,0.5982600370227268,1.4989191313808838,142052876,4,TIC142052876_sector4.npy,0.39206407106262475
0.0030074661734533137,0.013770232533796167,0.00229230137063078,0.9949272653087795,1.0050885213616678,0.09598595995864832,-0.6223730660414524,149250753,61,TIC149250753_sector61.npy,0.3917132814015721
0.00019662675285944578,0.0021698083375718547,0.00015476460419080115,0.9997918686246096,1.000358722696981,1.623269110330617,5.311895307516917,149988523,95,TIC149988523_sector95.npy,0.3910936086268781
0.0025217519362800297,0.02975046809524362,0.002670338946803373,0.9961872387677372,1.0041126750789808,0.27239970177352457,1.6646076369115805,260162387,30,TIC260162387_sector30.npy,0.39093922818168164
0.00021141180094884634,0.0027126809378992256,0.0001399114178074165,0.9997217797025066,1.0002562184109733,1.392106889019758,11.303873680728437,350298145,12,TIC350298145_sector12.npy,0.3906865790560052
0.00022779646625919236,0.0024136771652061295,0.0001408752601005825,0.9995346480181753,1.0002459152932242,-1.5842290673209676,6.320484220294997,350298145,36,TIC350298145_sector36.npy,0.3906489756451792
0.0031220235495670826,0.01619740418813287,0.00272386039981033,0.9948956931565764,1.0052098864607473,0.019567396844202584,-0.49931499348743724,149250753,64,TIC149250753_sector64.npy,0.3900906219341355
0.00016254757926288394,0.002774931500381106,0.00011788881961023929,0.9997090049937103,1.000214730480307,1.0559031540024546,14.367620747917229,350765991,31,TIC350765991_sector31.npy,0.3896331774926986
0.00023710083387616586,0.0026584502275094346,0.00017438124783447994,0.9995767621887159,1.0002731981833244,-1.6134273894968814,5.919844227899647,150392584,33,TIC150392584_sector33.npy,0.3892834004729811
0.0031009760168941507,0.01554831148379554,0.002370561173694389,0.9948415857342002,1.0051364854513636,0.04929157878609146,-0.48295577691446834,149250753,62,TIC149250753_sector62.npy,0.38921938364967806
0.003101946687551538,0.01772075622989011,0.00270199032371088,0.9949117496627217,1.005039388876373,0.01610087790507926,-0.49492382731310736,149250753,65,TIC149250753_sector65.npy,0.3877204861603365
0.00032448611596561035,0.0045139921428069,0.00013505962225347535,0.9995870778258322,1.0004720680454777,-1.3321870239146392,11.882228877781674,350298145,61,TIC350298145_sector61.npy,0.38749860244114803
0.0009092883878516362,0.006916074548640849,0.0007443439489268316,0.9988999624214414,1.001413711985279,1.657588184692259,5.8751118507160704,260079513,37,TIC260079513_sector37.npy,0.3873277022881928
0.0029575770674765073,0.015741215360241312,0.0023539964678526088,0.9950465695365822,1.0051288396957836,0.03802381035782378,-0.47143341169281694,149250753,29,TIC149250753_sector29.npy,0.38727280733162617
0.0028366921857174493,0.014562131590249883,0.002143226699304277,0.995243504253485,1.004800215421168,-0.004514133155310331,-0.563844468848012,149250753,37,TIC149250753_sector37.npy,0.3872261469559815
0.0004273196685997896,0.0063508799415170625,0.00040795845372335266,0.9992839071049089,1.0005775672871473,-1.4439837472780788,11.508478588586895,350765991,32,TIC350765991_sector32.npy,0.38722040883921055
0.0029890725663042775,0.020202946458106386,0.0030436432502906692,0.9951415894246084,1.0050874002412324,0.1663323562652001,0.06554215179056477,141527579,97,TIC141527579_sector97.npy,0.38716760180026205
0.0026488246905579877,0.023698585417172846,0.002581962348634597,0.995907097805688,1.0043203524667301,0.28737458187645337,2.5117066780592934,142108949,63,TIC142108949_sector63.npy,0.3865054534384691
0.0029507420723570836,0.02168490069222251,0.002859861774655215,0.9953292400432509,1.0053302096099497,0.0523567442097691,0.4742687520641562,309702035,98,TIC309702035_sector98.npy,0.38648285009722233
0.0030778289069160053,0.01977771726052957,0.002892626789500195,0.9948575112522898,1.0050309093306569,-0.008897118911091753,0.011876997527293653,141527579,98,TIC141527579_sector98.npy,0.38616227736341296
0.0025898783256910014,0.021151114864244036,0.0025055849934863105,0.9963510081897493,1.0051987754360483,0.3406661408329736,0.5132430577564069,309702035,11,TIC309702035_sector11.npy,0.3859504010779107
0.00027792644384451925,0.003723692686282365,0.00019866288948342263,0.9996101998754147,1.0003516102727927,-1.4323104282065011,7.328621316992422,150392584,34,TIC150392584_sector34.npy,0.3859344523239593
0.0005351982360654068,0.00645132343177568,0.00041575839786672244,0.9990434466358248,1.0007332175159391,-1.444132443295095,9.024055076141257,350765991,66,TIC350765991_sector66.npy,0.38576026549099773
0.0028597844706474565,0.014733223464616363,0.0024040433574590114,0.9950618398074752,1.0049661055899675,0.04892545299056629,-0.35093557481192406,149250753,30,TIC149250753_sector30.npy,0.38563728719622614
0.00012524262271789425,0.0016847424608585904,9.16751174211431e-05,0.9998396969117241,1.0001985966962512,1.1712554019771093,6.976161659040965,149988523,63,TIC149988523_sector63.npy,0.38554217623333176
0.0008143872803548984,0.011737659074577356,0.0002154322904709122,0.9991820477224708,1.0008626760226862,-0.42817712206448855,16.70425611787778,150392584,63,TIC150392584_sector63.npy,0.3854022540726171
0.002858886239282151,0.026306998359333922,0.0028766077956212163,0.9955332063304416,1.0049561960429783,0.22280427142936823,0.9874166718997097,350765991,96,TIC350765991_sector96.npy,0.3853466429221432
0.0005114497807054238,0.003836125763137188,0.0003852101567685653,0.9994105313492977,1.0007862032019283,1.84766170320794,6.261312964623539,350522196,29,TIC350522196_sector29.npy,0.38523955086740086
0.0029550788686227266,0.02259552731925385,0.0031646321169981387,0.9950626524742405,1.0048156277734879,0.105419011302392,0.3483078035505156,141527579,10,TIC141527579_sector10.npy,0.38508586153498786
0.0023133062248712937,0.019203587273014966,0.0020190285370979407,0.996851279360289,1.0051693216274535,0.4946286895737436,0.766470382948683,309702035,7,TIC309702035_sector7.npy,0.38494467038290353
0.00260633203239169,0.02518226098991727,0.0025161624139573907,0.9961779619327342,1.004470862399245,0.48631507482375247,1.4762491370351185,309702035,32,TIC309702035_sector32.npy,0.3847744794858674
0.0002188844781665812,0.0016460171495454867,7.613368510338197e-05,0.9996763588207864,1.000301672554309,-1.4709590853532852,5.0187110939311985,260605873,28,TIC260605873_sector28.npy,0.3847075071205764
0.0030311324824895043,0.01609878095728212,0.002411894183538204,0.9951686123888602,1.0049444394920781,0.05260439969723628,-0.3139588754346745,149250753,67,TIC149250753_sector67.npy,0.38461478168280183
0.002781221126832232,0.013970670542742814,0.002082624578897195,0.995469837925877,1.004687435265747,-0.05130323844599498,-0.5940060962987408,149250753,36,TIC149250753_sector36.npy,0.38454572049610536
0.0027208405958653007,0.01903541385400298,0.002826719462411169,0.9956906226825379,1.0050916304636581,0.12029533746673601,0.25871201999971616,141527579,93,TIC141527579_sector93.npy,0.38373154446019603
0.0027418109733295284,0.024061372152433314,0.0026282589034180267,0.9958051001879303,1.0046003223643538,0.33811005908518754,1.2490767564636576,142052876,3,TIC142052876_sector3.npy,0.3836082029920383
0.0028433525403103502,0.015402619106453685,0.002402951498311689,0.9951903456031533,1.004767354437654,0.05296977135660604,-0.5228650955721674,149250753,33,TIC149250753_sector33.npy,0.38330365178097153
0.0029093577277430663,0.02144489470483457,0.0030456015126341484,0.995150460583301,1.0046039206793074,-0.05587695089472945,0.3105647790744239,350765991,63,TIC350765991_sector63.npy,0.3832493210997322
0.0028482411957166187,0.019046094918363177,0.003177606183426442,0.9953453833682858,1.0046955611189516,-0.1276019550440637,0.0358901262852922,141527579,33,TIC141527579_sector33.npy,0.3832125582304099
0.0028022943159233264,0.014026255240479846,0.0021609777983018913,0.995300470187638,1.0047339610078823,-0.03031225286794136,-0.5137983252543665,149250753,35,TIC149250753_sector35.npy,0.3831886293599977
0.002790178144956316,0.014693811805700285,0.0023137725438833953,0.9953486372761828,1.0046015999162192,-0.015149986568567213,-0.5402029076357797,149250753,32,TIC149250753_sector32.npy,0.38316255882669015
0.002752585894333362,0.026646641524608494,0.0028734211876810904,0.9957734647097851,1.0044981504410984,0.2141974603489011,1.3553749389058742,260162387,27,TIC260162387_sector27.npy,0.3830836160152891
0.00018524264712344867,0.0028126639446157675,0.00011000326317105072,0.9997659769444097,1.0002992462736997,1.0322419776474816,10.693188828785622,350298145,2,TIC350298145_sector2.npy,0.38305787189896756
0.0009934323715234963,0.015970560265060607,0.000626202184744019,0.9991063467765838,1.0021258226118215,0.3273305720595268,10.666868316706749,370227780,94,TIC370227780_sector94.npy,0.38286198546605427
0.0030030163251828575,0.02335011372567042,0.0022312653040272154,0.9951893908715788,1.0048766776157836,0.20022824463206249,-0.07946517382031537,149250753,66,TIC149250753_sector66.npy,0.38265932462843394
0.0017739145576576869,0.020674782919827828,0.001676308045892317,0.9968554704570392,1.0023319230421217,-0.5189206665366566,4.016817058935938,350765991,94,TIC350765991_sector94.npy,0.3825323256941182
0.0028399855562727117,0.017384256869775072,0.002163538737496964,0.9954745325908424,1.004725585243921,-0.009860296254187042,-0.4079375365921689,149250753,10,TIC149250753_sector10.npy,0.3818388874775362
0.0002954755702572327,0.003951286754521277,0.00025914692024876806,0.9995695597692993,1.000445995671049,1.4251498353504661,8.905001135569199,150392584,93,TIC150392584_sector93.npy,0.38123715064127134
0.0001576610613432451,0.0010865883495699835,8.920661129008034e-05,0.9997227252483973,1.000190880108687,-1.3631546029467856,3.550405336568682,260507093,39,TIC260507093_sector39.npy,0.3810320869923642
0.0027443534869074073,0.02317821949737575,0.0024617983626817517,0.9952811668400836,1.0040985828188238,-0.19861253326117956,0.5519744329278837,309702035,34,TIC309702035_sector34.npy,0.38100009147010644
0.0027468091173654665,0.020432463748749186,0.0030491429070961277,0.9954064516640742,1.0044570582838064,0.005406308676217533,0.22482819500339124,141527579,13,TIC141527579_sector13.npy,0.3809987178434388
0.002833094180723817,0.020900622026586158,0.0030589870694011116,0.9953259188576965,1.0046594047184567,0.029648453148563163,0.04116931256779077,141527579,30,TIC141527579_sector30.npy,0.38076925241933535
0.0027813588987244935,0.01775914038522075,0.002785506119101546,0.9956686030865173,1.004926206729294,-0.03327000039364768,-0.22635291254127354,141527579,4,TIC141527579_sector4.npy,0.38064944493547387
0.001070024515616769,0.015275336598691402,0.00041378863041027493,0.9983180162715048,1.0015419995166273,-0.7460371808820216,6.193769365492848,278777070,11,TIC278777070_sector11.npy,0.3805823132806818
0.002812040146781292,0.020851963082626712,0.003010667741904272,0.9955354679955747,1.0045802599365867,0.02951773957663404,0.16285218376312383,141527579,87,TIC141527579_sector87.npy,0.3805483260205436
0.0027076888763757226,0.014338922282458255,0.001944108708501758,0.995580260814073,1.0045336785910273,-0.01101676884325863,-0.3783570995512733,149250753,6,TIC149250753_sector6.npy,0.3804591754763035
0.001277739391479812,0.015159857673728405,0.0011957355551412152,0.9981648760968106,1.002009739941696,-0.6365215188832838,5.540182105425064,149988523,64,TIC149988523_sector64.npy,0.38011157140385393
0.0026979071076038176,0.024396612883741176,0.002717347133584325,0.9953641787731596,1.0041285125290913,0.1435456411863145,1.301767135120409,260162387,28,TIC260162387_sector28.npy,0.38000094614323277
0.001957362918202576,0.022632675148493653,0.0014502589549947173,0.9970252207063752,1.0029405904972974,-0.4923606196963353,3.37570913658719,149250753,87,TIC149250753_sector87.npy,0.37994429000481805
0.0027590570379418867,0.020773182147227565,0.0031123415396386964,0.9956059452232324,1.0046029294837673,0.04830171224343372,0.15138451811579046,141527579,2,TIC141527579_sector2.npy,0.37988497855796044
0.0027829523169372377,0.014958397936252865,0.0021837483024013168,0.9952251537061465,1.004747314415283,-0.0262204378238631,-0.2927445566002671,149250753,12,TIC149250753_sector12.npy,0.37981186143093654
0.0027688822882400285,0.015272253029181448,0.0021661064748837652,0.9954777075683947,1.0044968195208537,-0.04949936205122616,-0.43507272229562277,149250753,7,TIC149250753_sector7.npy,0.3797976302418572
0.002854726492828048,0.019414470478689938,0.003057875318616878,0.9951786623821685,1.0044336763203485,0.04323341203561249,0.08831585575004386,141527579,69,TIC141527579_sector69.npy,0.3797384053623301
0.0027197013949293754,0.02186180494797796,0.0029539372599942542,0.9955828213944032,1.0045124371312133,-0.02078360671947998,0.22786845877595985,141527579,37,TIC141527579_sector37.npy,0.3797236407378467
0.00022067042475870516,0.0035858011194094264,0.0001896262237625445,0.9996612428886175,1.0003294005091254,1.0142749123336128,13.708032802595035,370227780,7,TIC370227780_sector7.npy,0.3794885806512743
0.0026571435317507336,0.013964982607130305,0.00236980300358168,0.9955480984575069,1.0043919200404559,-0.03199551735258494,-0.4832145970348476,149250753,13,TIC149250753_sector13.npy,0.37940744241497504
0.002826309651158072,0.021937597230135775,0.0028461340154253287,0.9954851564453624,1.0044201985246148,0.04809603359434366,0.6731701401160475,150392584,65,TIC150392584_sector65.npy,0.3793032436683207
0.002701858391876001,0.021214274887873308,0.0028504661552565384,0.9956187780430009,1.0046422868269105,-0.02733707822269029,0.7083011214426223,141527579,66,TIC141527579_sector66.npy,0.3790058019138385
0.002575292928391451,0.02195793983833605,0.0028299434427816695,0.9957607509201221,1.004247977867729,0.027581955909620526,0.7246854433042333,141527579,61,TIC141527579_sector61.npy,0.3789068504994809
0.0012138071540904293,0.010604937830089312,0.0006130448073674176,0.9971159035830196,1.0013773429158868,-1.1830090732202196,3.0544620514203658,149269178,3,TIC149269178_sector3.npy,0.3788491256199646
0.0026843236698654545,0.02015492507458183,0.0026616080525712245,0.9958520462321294,1.0048182889162238,0.09512873765173739,0.20644432660187917,309702035,96,TIC309702035_sector96.npy,0.3787550322901861
0.002693326461304836,0.01940529947656766,0.0029551231855984043,0.9954488585452201,1.00434030276732,-0.03803707980253548,0.18860093857934412,141527579,39,TIC141527579_sector39.npy,0.37867969040236255
0.0028605326810146117,0.021004221153292146,0.002216790025403972,0.9953450010132935,1.0047133223449638,0.11531315379315023,-0.26989133873732785,149250753,11,TIC149250753_sector11.npy,0.37865921117579715
0.0026916812179257543,0.019840647076747597,0.0029869363175363457,0.995475165475648,1.0043406332991023,-0.006727617913642008,0.11113886840216436,141527579,3,TIC141527579_sector3.npy,0.3786491821044139
0.00015175928673431558,0.0019434855743870605,8.981015800880116e-05,0.9997973538948323,1.0002602537899925,1.1058071925796238,5.98470582370123,260507093,13,TIC260507093_sector13.npy,0.3786352789660037
0.0026241227338277763,0.020252735106254804,0.0019726182480729083,0.9959194297154979,1.0042273485045738,0.3852227697767048,0.7059074818068107,149250753,28,TIC149250753_sector28.npy,0.3784215530881795
0.002357525864193654,0.026108384768897097,0.002363693347257673,0.9962839788762454,1.0037651776559469,-0.18366434642810728,1.3804019408527655,309702035,6,TIC309702035_sector6.npy,0.37816683628976316
0.0026764530795716384,0.022092964780924818,0.002933111105459133,0.9956675069054528,1.0045929254684198,-0.01696448264001586,0.2825326646647275,141527579,29,TIC141527579_sector29.npy,0.37809281125410327
0.0012512843480291939,0.015044457629605046,0.0010932252591513611,0.9981767557187186,1.0021875287926496,0.9171209810052711,5.4984731454298,260162387,7,TIC260162387_sector7.npy,0.3779880801252089
0.002851514750522128,0.02099314153515064,0.002757825368522705,0.9956071542229663,1.0045447706413901,0.2498070914875605,0.20785668912674238,142052876,9,TIC142052876_sector9.npy,0.3779403104054135
0.0003437780461382831,0.002421525180491879,0.00026220407586046313,0.9993842852140917,1.000374990184537,-1.601989898502845,4.515253503248765,260041674,7,TIC260041674_sector7.npy,0.37793297464846226
0.002695779696054185,0.015841529755223793,0.0022145690376868393,0.9955167051342036,1.0044946854064212,0.0381776010130367,-0.22623566640896842,149250753,31,TIC149250753_sector31.npy,0.3778170126352669
0.0005422089639990692,0.006257574483957584,0.00044107080047557537,0.9991948996821576,1.0008818505072092,1.2743035507383078,6.836038334792075,350298145,93,TIC350298145_sector93.npy,0.37754274330250026
0.0026489027398657237,0.01991812397691961,0.0029283672399295236,0.9954457535029744,1.0042248847386555,-0.05140658183880965,0.20634137033233202,141527579,32,TIC141527579_sector32.npy,0.3772675240811237
0.0008852674624708457,0.016685885089048225,0.0007999973965709111,0.9986721101595629,1.0012755535602755,-0.5044098305112518,12.39678816316694,167523976,93,TIC167523976_sector93.npy,0.3771408720746425
0.0026589039488582765,0.021859170658249827,0.002934093377314447,0.9956267384572793,1.0042968697167325,0.07593398820265057,0.3807517025605578,141527579,5,TIC141527579_sector5.npy,0.37711803490168344
0.0010580041576455407,0.010541450890508286,0.0008485456046145771,0.9987563364802019,1.0017589723958078,1.21359337928787,5.700180781792438,149269178,1,TIC149269178_sector1.npy,0.3771165781571257
0.002645791994308557,0.01941401435955703,0.002949499285613054,0.9957310207749848,1.0043400459592304,0.10780695523467919,0.2702830535281562,141527579,38,TIC141527579_sector38.npy,0.37708159784150147
0.002647911519254014,0.021249499418713125,0.0029150283795073857,0.9957612557019956,1.0042156036549181,0.014095226779081253,0.2997803736659179,141527579,65,TIC141527579_sector65.npy,0.3770380998233811
0.002796575391781228,0.023455018151611107,0.00266453177287768,0.9955450051021429,1.0045234552253304,0.23849801105370325,0.773651353423864,142052876,6,TIC142052876_sector6.npy,0.37697759004103876
0.002752889050603504,0.018930903540402055,0.0021675245820725873,0.9955901979979452,1.0045602992390328,0.17889023053081576,-0.25034276605331884,149250753,38,TIC149250753_sector38.npy,0.37695699011262823
0.0025799493999339755,0.02015156277410457,0.0026263195117932118,0.9958651214191746,1.004292204385001,0.28662572697837524,0.8197804554487673,142052876,10,TIC142052876_sector10.npy,0.37694475986471127
0.0026756884849334322,0.01944978462047009,0.0029072478574821196,0.9958816806652974,1.0045002140100663,0.06471239546819284,0.21930005833250732,141527579,63,TIC141527579_sector63.npy,0.37689903884574794
0.002639774497298198,0.022984792309933333,0.002877596946025864,0.9957747885880979,1.004363976237085,0.14846218167124758,0.4016190989578132,141527579,31,TIC141527579_sector31.npy,0.376722982591226
0.0025164521139827466,0.01697585904144605,0.0028355057615868247,0.9958566682125488,1.0042983197144422,0.051261790736474,-0.11862544371714545,141527579,11,TIC141527579_sector11.npy,0.3767012454270747
0.001043126525147759,0.007013857783572663,0.000828815761255292,0.9987207788798761,1.001649123444094,1.4983907667478005,4.6210764794135075,350862394,11,TIC350862394_sector11.npy,0.3765628803771571
0.002714591396879365,0.02232398913895528,0.0020843547255443543,0.9956339924999371,1.0043401619079726,0.07681493782619056,0.3841417700286418,149250753,27,TIC149250753_sector27.npy,0.3763326691278994
0.000401276000801246,0.006126492048947552,0.0003708019485906084,0.9994049212583355,1.0006131230378208,1.2456127371157935,11.759081442070825,350522196,35,TIC350522196_sector35.npy,0.37616180300679053
0.00014601347375055147,0.0010850649355141906,0.00010024041648736727,0.9997570967982532,1.0001959708468866,-1.0698556419390461,3.0242155002241295,260507093,68,TIC260507093_sector68.npy,0.37613457526474126
0.002660116209767087,0.02044459402853327,0.0029336260307735004,0.9956145460904298,1.0042670348196874,0.029355420496116794,0.06887272719303539,141527579,36,TIC141527579_sector36.npy,0.37595482101483463
0.0005225553182822574,0.007392346037907949,0.0004006281124045703,0.9992097994628947,1.0007770815473946,-0.9514620447655551,9.994339336063438,370227780,4,TIC370227780_sector4.npy,0.37589993457875065
0.0025914360460012496,0.023242492212558474,0.0025435917921683418,0.9957971532284108,1.0040912680929608,0.19773328090433406,1.134720020431362,142052876,7,TIC142052876_sector7.npy,0.37587171339708236
0.0001449133842316818,0.0023976710645065014,0.00010179655331253134,0.9998008491115853,1.0002033305896672,0.3977573578303558,10.845970060216706,350298145,90,TIC350298145_sector90.npy,0.37585127037163085
0.002569263237912451,0.020767688439897403,0.002496218849744089,0.9953122495018405,1.0038171788713897,-0.20760344815350834,0.5042131494802304,309702035,66,TIC309702035_sector66.npy,0.3757375625015186
0.0024584356039045892,0.025157041077675912,0.0024090403165267574,0.9960211449663566,1.0039046895597024,0.01836886939835618,0.8550494674211087,309702035,65,TIC309702035_sector65.npy,0.37571921214081516
0.0027580820549159665,0.01756803192028289,0.002468298859628584,0.9953709094099009,1.0045964702202115,0.010738880376857654,-0.2722991265799162,149250753,39,TIC149250753_sector39.npy,0.37567926588630146
0.0025511874642832285,0.01874949005326576,0.0019424098802864114,0.9958346046622287,1.0041322657965681,-0.20524019730754942,0.3096558150679929,149250753,9,TIC149250753_sector9.npy,0.37560007794446065
0.0026766079548240485,0.018909182113862055,0.002846997672979392,0.9957789746821564,1.0043219223792523,0.0664048854384393,0.098183470611926,141527579,96,TIC141527579_sector96.npy,0.3755674458952302
0.0013747312528138973,0.011526136634888884,0.0004517801885131433,0.9983692394785075,1.0025655474393627,1.0687707638792636,2.801397090713788,278777070,4,TIC278777070_sector4.npy,0.3755461457915777
0.002731271308171786,0.017733215386998125,0.002399913510308909,0.9954585508756196,1.004657516901681,0.04205732169107724,-0.1662232439683704,149250753,1,TIC149250753_sector1.npy,0.375540616344863
0.0026783006670835206,0.01833787574492629,0.002925401439768317,0.9955734887438898,1.0043444218370772,0.005629816652842088,0.09677767132976323,141527579,9,TIC141527579_sector9.npy,0.37541957673801474
0.002635061969663959,0.019841253627425615,0.002880277818439734,0.9957552526826989,1.0044464597474416,-0.010681745746194486,0.2559761891106076,141527579,8,TIC141527579_sector8.npy,0.3753293662608714
0.0028126722137473163,0.02048397910066968,0.0025518921348033304,0.995669541726246,1.004506351008462,-0.09537364956465474,1.036223427157962,309702035,64,TIC309702035_sector64.npy,0.37531842894492434
0.0028005608735637106,0.018964036636738846,0.002459754266873107,0.9955226791319038,1.0046446965379288,0.08110021392148982,-0.29985058126069397,149250753,2,TIC149250753_sector2.npy,0.37524683058410974
0.0026488855635664484,0.018898205754412367,0.002887758676885667,0.9956936771466942,1.0045085837344605,0.055360666651797,0.2546104196100072,141527579,1,TIC141527579_sector1.npy,0.3751337947644424
0.0026877321571789053,0.018107228547428078,0.0029017689307354547,0.9956786331541054,1.0044329016177889,-0.018258422692008322,0.03297175809818631,141527579,62,TIC141527579_sector62.npy,0.37493753833152577
0.0001665930072999202,0.0022088568823313004,0.0001510882617673808,0.9997808050921286,1.0002726423775075,0.90979413810416,6.807266327719336,149988523,89,TIC149988523_sector89.npy,0.3748436506156756
0.00046205242542024706,0.005998675909055895,0.000430494516140937,0.9992742410054825,1.0006296384782452,-1.2408027438458231,7.129366270024825,150392584,64,TIC150392584_sector64.npy,0.37479584102361485
0.0024583780442403594,0.020538004108476726,0.002402279307996089,0.9962510359313588,1.0041363408241641,0.3134015111888689,0.47571948899970184,309702035,62,TIC309702035_sector62.npy,0.37460871489996694
0.00015537522016658965,0.0020580308722822904,0.00013429910882754997,0.999745791809311,1.0002056437946467,-0.7934318423517424,5.249810339454585,370227780,1,TIC370227780_sector1.npy,0.37459163169675785
0.0025007137191050835,0.017271965105455367,0.002467982245948315,0.9954774521725855,1.0040596447664558,-0.0974726366540612,0.2338339561017797,309702035,10,TIC309702035_sector10.npy,0.3745248728515128
0.0025467804861999386,0.020244067590512893,0.0027416776455809326,0.9958526127769864,1.0041161908508813,-0.022527545128307604,0.2146757698904076,141527579,95,TIC141527579_sector95.npy,0.37442042718509877
0.0024809737088033147,0.017204874965521477,0.0025002386239905542,0.9962510118806798,1.0048578039606442,0.09933267177800555,0.0887211212399639,309702035,8,TIC309702035_sector8.npy,0.3742854997283408
0.0025428148312968612,0.022297480628907018,0.0027365599057857033,0.9958434523645842,1.004201488881186,0.0784647845401975,0.3972027311920998,141527579,68,TIC141527579_sector68.npy,0.37410629274726037
0.0005687459020540477,0.008577250466409003,0.0004410321981495148,0.9991364017366223,1.000863829990558,0.9212707712660166,10.356508952596489,176873028,93,TIC176873028_sector93.npy,0.37408914023446027
0.0026358679993483216,0.01518720393365891,0.0020216937239175507,0.9956318092289701,1.0043947648077967,-0.05470871831713045,-0.26422959161223547,149250753,8,TIC149250753_sector8.npy,0.37377492222044295
0.0026833369467925603,0.018028048427131016,0.0028106282338796742,0.99584304578221,1.0042886060510994,-0.04137192667214073,0.017155786882485202,141527579,88,TIC141527579_sector88.npy,0.37372114776875115
0.00254524278633618,0.01859650807201263,0.0027990570679239913,0.9957056436163471,1.004057075092049,-0.09773488852781893,0.29748292493615747,141527579,12,TIC141527579_sector12.npy,0.3735545565163866
0.002422462801549667,0.022260098230343917,0.002588795470218978,0.9961744377106073,1.0039650685658,-0.0265685454666764,0.7830825528528438,149301575,27,TIC149301575_sector27.npy,0.3734253145319182
0.0011431681667014026,0.010372271988917436,0.0003817117870877759,0.9984641880165281,1.0017799307412387,1.027438800802164,4.2999826332280735,278777070,2,TIC278777070_sector2.npy,0.3733833427582752
0.002633431801928743,0.02233407360497941,0.0026587854407238527,0.9956954327338472,1.0042323781234372,0.20628831380747867,0.6522347134482032,142052876,12,TIC142052876_sector12.npy,0.3733572465794364
0.002520715519737326,0.02256820897451073,0.002671729914199204,0.9959435644145105,1.0039389147821502,-0.11445190705347838,0.3741846173097745,309702035,1,TIC309702035_sector1.npy,0.373232606026942
0.0026074619831878043,0.014192480304983657,0.0017131266968849403,0.9958082197598558,1.0042453178125603,-0.07780459125933367,-0.37939909178743214,149250753,3,TIC149250753_sector3.npy,0.37305642887296864
0.001207410214807677,0.013724328011325837,0.0010131956021279963,0.998126483401481,1.0016527900813652,-0.9212266314815916,3.989066893520537,149971754,68,TIC149971754_sector68.npy,0.3730209787298778
0.0002301517259358842,0.003244077653383415,0.00024278473394972813,0.9996587615679372,1.0003646912879929,1.1357181661576645,9.173504576631556,149347992,98,TIC149347992_sector98.npy,0.3728638903147026
0.0003207222638311334,0.002293299380735192,0.00014698621216783182,0.999637402590488,1.000571539625795,1.4847076887094919,4.076548718376426,260041674,33,TIC260041674_sector33.npy,0.3728025433263177
0.002653914738486859,0.0171652659878605,0.002127305555858257,0.9959417792877194,1.004162074149984,0.0901393356585355,-0.08493878922935405,149250753,5,TIC149250753_sector5.npy,0.3727111401432469
0.0026198366194899476,0.01835971313023721,0.0028135639161079172,0.9955049687243952,1.0041558132266222,-0.06700748064718472,0.25488310428847205,141527579,35,TIC141527579_sector35.npy,0.37262784206637073
0.002543612066998083,0.022398155154709443,0.0025646883694179657,0.9959260850984479,1.004272088294839,-0.01086692659189974,0.42416222198940634,309702035,94,TIC309702035_sector94.npy,0.37259809502735974
0.0008930675773055654,0.007575686445061125,0.0006514240229160632,0.9989088222431308,1.0016696265562055,1.278900613478228,3.9858578632482784,149269178,7,TIC149269178_sector7.npy,0.372572787339407
0.00253192278011323,0.019024850445055974,0.002747092009994033,0.9961290048901438,1.0042940911329268,0.23652073874403107,0.3179454845322698,260162387,39,TIC260162387_sector39.npy,0.3725329672506842
0.0009300935136221029,0.009117968647292085,0.0008548697897625085,0.9986347996671844,1.0013284165460625,-1.202360161607162,6.487556910680171,309792357,63,TIC309792357_sector63.npy,0.3724562253026415
0.0025970461285962404,0.01766295297223852,0.0027905004271539372,0.9958886244643019,1.004213880478776,-0.007993248572117627,-0.06650520732589893,141527579,90,TIC141527579_sector90.npy,0.3724363226516945
0.0025792271569685457,0.018811140239291868,0.0028140960526253987,0.9958710997020654,1.0043678942257468,0.07392085585487444,0.35392925471212333,141527579,34,TIC141527579_sector34.npy,0.37233981963247054
0.0019907704758004353,0.01388399178267774,0.0018082821953491995,0.9973148702429954,1.0037242571976814,0.664017887618208,1.282243758263827,375059587,61,TIC375059587_sector61.npy,0.37218755641627205
0.00040812680755060996,0.005589449238692645,0.0003756902098908561,0.999371308744936,1.0006104969076137,-0.8538547767923144,8.481331462418245,260128701,32,TIC260128701_sector32.npy,0.37211567598538436
0.001334344578547139,0.015739021865546765,0.0013396761817426586,0.997671403346695,1.0018280976895038,-0.6327213607638306,4.356483305996298,350765991,93,TIC350765991_sector93.npy,0.37210972594356356
0.002294508008800536,0.015945793774499117,0.00213972902659308,0.9967182961688024,1.0041173389769344,0.3276037339413357,0.6612912420656318,41173537,98,TIC41173537_sector98.npy,0.3720708031671694
0.002532662019107306,0.01811701101344443,0.0027591991874370966,0.9957468963089899,1.00409229237053,0.02248015705578412,0.36211832810515343,141527579,7,TIC141527579_sector7.npy,0.37205282216055985
0.002091206416864311,0.022610833446164325,0.0018466407297849329,0.9968693204493216,1.0032341176649335,0.3634275007950383,2.202553230733537,141975926,62,TIC141975926_sector62.npy,0.3716702416387601
0.002500840180804594,0.01909901373037526,0.00276463372525347,0.995839496019664,1.0040547427322954,-0.038334364067634234,0.30095515183997534,141527579,89,TIC141527579_sector89.npy,0.3715604254469473
0.0020605905365892263,0.023991036131039922,0.001707487066883629,0.9967291775051959,1.0030815472157635,-0.2295867059923394,2.238184303681817,149250753,90,TIC149250753_sector90.npy,0.3714542120517878
0.00013945338194751948,0.0013217439093036187,9.107889288459873e-05,0.9997776920868852,1.0002018939613488,-0.8355425332331727,3.499832386763896,260507093,64,TIC260507093_sector64.npy,0.3714244088639354
0.0024879678125883016,0.017156542692783994,0.0026629255876510164,0.9957674229383501,1.0040800226431754,-0.04781165070015637,-0.02150960351058595,141527579,94,TIC141527579_sector94.npy,0.37121041272361494
0.0013175866933843336,0.011716192482735033,0.0010007459293374984,0.9964094167567421,1.001564865752567,-0.8764334095923528,2.3561336955210948,149971754,35,TIC149971754_sector35.npy,0.37119697181904127
0.0024474425412692852,0.01798496440830133,0.0024448341808097824,0.9960939762833617,1.0041129417483574,-0.09075245676851265,0.02984336827610079,309702035,13,TIC309702035_sector13.npy,0.3709022080234315
0.0024382372716605007,0.017157683594477446,0.0025257926588001835,0.9963853291692988,1.0045789442487303,-0.018337503426650026,0.026643380229949276,309702035,30,TIC309702035_sector30.npy,0.3708996006127998
0.000957939758037509,0.00871529868727472,0.000814260225528507,0.998570554677378,1.0013227637186404,-1.1706794210688334,5.806502765128556,309792357,67,TIC309792357_sector67.npy,0.3708562214817892
0.001199656615928188,0.015617820240534375,0.00042806280974866135,0.998563807819312,1.0024968900182354,-0.22406198469426125,6.050574765145189,278777070,13,TIC278777070_sector13.npy,0.3707700963142924
0.0024242618708085807,0.021859083726078254,0.0025345695530816148,0.9963696075769943,1.00388353058427,0.24000624567363382,1.1160731304780764,260162387,37,TIC260162387_sector37.npy,0.3707437577821106
0.00018850579773452232,0.0011670473143385873,0.00014503744659500733,0.9995894865934851,1.000229180770511,-1.1598307418695768,2.6094126436960776,260041674,37,TIC260041674_sector37.npy,0.37036986217342516
0.0006393150444317748,0.009538516451338297,0.000547264579190235,0.9989956348088106,1.001041331531752,0.8532055376006403,9.006978540294801,176873028,97,TIC176873028_sector97.npy,0.3702710370474311
0.0024191172286392227,0.015870564850847813,0.0024492261454870027,0.9956823282156904,1.0039066290807659,0.017390612884622705,-0.08554992025981312,309702035,37,TIC309702035_sector37.npy,0.3701742664534571
0.0014232547817881103,0.012983395775589157,0.0010772067321775194,0.9980011856530522,1.0023212260317398,0.9494593642349068,4.043284675718472,260162387,12,TIC260162387_sector12.npy,0.3701099795293688
0.002417033311867116,0.01660581996526944,0.0025788869201642957,0.9963804530264501,1.0040318980586964,0.11459363739229513,0.2181594570732024,141527579,67,TIC141527579_sector67.npy,0.370106037204015
0.0012864454800884007,0.012793612350235462,0.00039846192228350366,0.9979263427003747,1.0016213827077378,-0.5189317333493157,5.249467138030381,278777070,9,TIC278777070_sector9.npy,0.37008125055194663
0.002409239872870661,0.020838167859009715,0.002588950128668581,0.9961937228098179,1.0038908214368831,0.11597095423294985,0.5369122157692505,260162387,38,TIC260162387_sector38.npy,0.3699942509274982
0.0022567134914573666,0.02153298853771235,0.0024576692610779258,0.9965047885254854,1.003798356008301,0.12881181812480805,0.98530912530155,260004324,27,TIC260004324_sector27.npy,0.3698049225234755
0.0021904277203079778,0.01868590104715251,0.002310688011712436,0.9963015632513531,1.0035572605400462,0.3526072289294673,1.229137587427549,260004324,37,TIC260004324_sector37.npy,0.3697541689254723
0.00016335177893964618,0.0024169091122338004,0.00014848005366236526,0.9997690959571608,1.000233458832971,-0.2753599351256855,7.925865694715272,142108949,95,TIC142108949_sector95.npy,0.36972404455467733
0.00029411583334671006,0.0032079339498242154,0.0001324717101879851,0.9995905368101704,1.0004463178223777,1.2288565869416475,5.787920973678508,260041674,34,TIC260041674_sector34.npy,0.3697079829419862
0.0024735501357093267,0.019049704814599666,0.002710781584553819,0.9959359009582687,1.0040656987303382,-0.027874703577107533,0.042975465441618343,141527579,64,TIC141527579_sector64.npy,0.36963841714675655
0.00251854388198774,0.016017997119166072,0.002409852849419471,0.9956085408876688,1.0038761341568525,-0.037349134530007704,-0.019632189752766482,309702035,67,TIC309702035_sector67.npy,0.369624873141862
0.00029285706983045814,0.0032928646321130906,0.0001017509597638308,0.9994898473047789,1.0003517104263335,-1.1726850982786905,4.627726090319404,149988523,12,TIC149988523_sector12.npy,0.36954686286373867
0.002375496081630505,0.017180628546130894,0.0025002873951959215,0.9962155043397257,1.004052550720151,0.04952911705868106,0.004186779980354327,309702035,29,TIC309702035_sector29.npy,0.3694875594756802
0.0024881874297024522,0.016969402609029682,0.0025317871055134705,0.9960750690930482,1.004318269692266,0.10494408374649422,-0.08362605216495744,309702035,4,TIC309702035_sector4.npy,0.36935178433132443
0.0005958424916863664,0.004980307737518674,0.00045093912345213743,0.9992812832941064,1.0009581367065872,1.512080823658919,4.6197384133892445,176873028,3,TIC176873028_sector3.npy,0.3692981856603475
0.0024098483253063674,0.02095592975953864,0.002487432990576636,0.9960231644484997,1.0037537298337695,0.04881083526144955,0.7872085447994341,309702035,95,TIC309702035_sector95.npy,0.3692724287288082
0.002514631147791688,0.01827075615517071,0.0025430531208828146,0.9958738553393546,1.003981487727001,-0.05434584175793968,0.16974375678862863,309702035,31,TIC309702035_sector31.npy,0.3688460965744164
0.0023851805653104276,0.01962201919305595,0.0025117279586887027,0.9960568698363417,1.0040510790417019,0.05153680174899632,0.3500099668297638,309702035,5,TIC309702035_sector5.npy,0.3687742762123464
0.0006376344316375327,0.005401759578911647,0.00033634477227447465,0.9989466660552547,1.0007577492729052,-1.3670968457656694,4.0392405317953815,350522196,3,TIC350522196_sector3.npy,0.36876227637988224
0.0023370607533666726,0.02047469925006884,0.0024731991204139142,0.9961237810485285,1.003852198030814,-0.009128763032708357,0.5386279526028979,309702035,28,TIC309702035_sector28.npy,0.36871170663778047
0.00238179211030611,0.019327601850079756,0.002409670460757467,0.9956778783507964,1.0037574365510604,0.019756984283999388,0.31050763096017686,309702035,93,TIC309702035_sector93.npy,0.3685753098373362
0.002293744633880587,0.015501393793777907,0.002417752348096399,0.9961867950986856,1.0036824987009332,0.03920299078873452,0.1378092827985813,309702035,63,TIC309702035_sector63.npy,0.3685235922387506
0.0020262728386802142,0.018550551909546797,0.002913784141092085,0.9967917386845184,1.0032275377895643,0.1839973802248499,0.7266523807803704,149250753,98,TIC149250753_sector98.npy,0.3684344299914373
0.002152988790149359,0.019220267917899103,0.002303410324971056,0.9965979546540252,1.0034148868944752,0.2910179736910898,1.3841001536146358,260004324,29,TIC260004324_sector29.npy,0.3682131837760101
0.0022274834257691107,0.0144486277997945,0.00203600862260902,0.9963002369130115,1.0035231273727216,-0.10521509959823644,-0.21205720964408803,41173537,96,TIC41173537_sector96.npy,0.368196119816789
0.0023921093783233066,0.01733400411028707,0.0025478444237392187,0.9958852193625725,1.0038814980149826,-0.0244114558877564,0.11203668425242164,309702035,39,TIC309702035_sector39.npy,0.3677473872961127
0.001996453969239434,0.015741263246313086,0.0020510072975009437,0.9972214238223478,1.003959361385665,0.4365536683817125,0.6088081150395888,309792357,37,TIC309792357_sector37.npy,0.3677199883999299
0.0023945716810296583,0.018009383224139475,0.0025292374950384965,0.9961159977154396,1.0039313990709675,-0.07543723697640334,0.686041004040904,309702035,38,TIC309702035_sector38.npy,0.36758743693425133
0.0007504632308849085,0.008596844789099944,0.00039131135464916825,0.998969880570973,1.0012933425490518,1.1887891077977688,5.8678646786678215,278777070,8,TIC278777070_sector8.npy,0.3675681307845187
0.002224192095921664,0.013789694905969374,0.0020283019102756267,0.9960955149685485,1.0033876615208812,-0.12145583982287937,0.047905913710359016,41173537,4,TIC41173537_sector4.npy,0.36749098168612854
0.002360924101841174,0.016677369337465775,0.0024798837097836975,0.9962048680665803,1.0037696114441839,-0.026297384246974496,0.07468273628929234,309702035,12,TIC309702035_sector12.npy,0.3672501244022338
0.0011844266727747744,0.0134368706579725,0.0011076937722161605,0.9980045678366967,1.0017214662769354,0.7212200907739629,4.5894783830066865,260162387,62,TIC260162387_sector62.npy,0.3672379917526911
0.00012890401677682635,0.0018894490615303239,0.00013853093896126499,0.9998076119933567,1.0002089045348856,0.6115532884365533,5.8625546022813975,260605873,98,TIC260605873_sector98.npy,0.3671743657429372
0.0008330235608496815,0.00859335132324357,0.0008203779559991408,0.9987775899231854,1.001266163410526,1.2097313769784526,6.214595907344231,278777070,36,TIC278777070_sector36.npy,0.3671017848796758
0.001424631824464964,0.011269908467903655,0.00038916568646617234,0.997922939224174,1.00218495970669,0.7347167762486836,3.4837641359438614,278777070,10,TIC278777070_sector10.npy,0.3670710929617046
0.002213130604190059,0.015585236080047471,0.0020889325436686808,0.9963675984036429,1.0036210392035354,-0.09653708848208087,0.06262107013281293,41173537,29,TIC41173537_sector29.npy,0.36703433967673843
0.0019809413889063524,0.022592890546258015,0.0017427271754841152,0.9970272679708144,1.0030268928321404,-0.16907619504051866,1.9475375487355544,149250753,89,TIC149250753_sector89.npy,0.36701432048650173
0.0004863241219009499,0.009490390376259539,0.0004312272935386379,0.9993809801464996,1.0008862007869956,-0.14784868260574738,14.733328950735824,350765991,90,TIC350765991_sector90.npy,0.3669186095623479
0.0023226810376284807,0.018219139170315146,0.002393428814182148,0.9963867075840223,1.003998997088025,0.05851938345592506,0.41007372705068024,309702035,88,TIC309702035_sector88.npy,0.36680616556413
0.002197973394589336,0.017140350193632137,0.0023796247694488665,0.9962307125033448,1.0035502543858814,0.0004545874994907289,0.14810329652790122,309702035,61,TIC309702035_sector61.npy,0.3665618016679678
0.0005004805478941594,0.0060998836883513485,0.0004839944075423244,0.9992510615088295,1.0007634518953792,1.0646320992823801,6.978022904058568,176873028,32,TIC176873028_sector32.npy,0.36655418249804816
0.00018977076465686037,0.0016213390452738397,0.00011067922444332722,0.9996336862537724,1.0002247206760995,-0.8738056448287482,2.6617210501429778,260507093,69,TIC260507093_sector69.npy,0.3665274189024193
0.002459538491892154,0.018833712150130633,0.002468974080339629,0.9960451501066201,1.0039998285751301,0.16016182753564898,0.12548315729712378,309702035,27,TIC309702035_sector27.npy,0.36644929458322983
0.00019118385661109766,0.001371659172234474,8.125248881300997e-05,0.9996874776999604,1.0002559945503897,-0.7958127325876402,2.5523484388377433,260605873,8,TIC260605873_sector8.npy,0.3664362392932287
0.00016170453174782566,0.0013339631403210817,0.00011812943042467899,0.9998043595299191,1.0003585752486612,1.1673822907406208,3.2057140745413957,260041674,96,TIC260041674_sector96.npy,0.3662212007928648
0.0023082962288654744,0.0187014795611935,0.002478845198604715,0.996118678628832,1.00363030604279,-0.05851082083652308,0.11620592463237145,309702035,89,TIC309702035_sector89.npy,0.3661096035214854
0.0023027504334362575,0.017272958022322094,0.0025046944185571703,0.9961814088626754,1.003834799037967,0.16088108083175026,0.24950339922200548,309702035,9,TIC309702035_sector9.npy,0.36606165911362537
0.0021957519789774058,0.016802184905928663,0.0024001518191946523,0.9965491276919138,1.0036514961455119,-0.0007212947512403795,0.4603159683089171,260004324,39,TIC260004324_sector39.npy,0.3659767014184966
0.0005868433587377513,0.007736902887208963,0.0004496865782076804,0.9992038296792263,1.0010291659170434,1.0536127286456942,6.554562503092587,176873028,66,TIC176873028_sector66.npy,0.3659520912962045
0.0007584613427876267,0.010761885757368028,0.0007465368684538155,0.9988051816804523,1.00110813343649,-0.9245267489779484,6.228790902691831,278777070,88,TIC278777070_sector88.npy,0.3658157823177255
0.002153173182505983,0.016918929082900158,0.002265130282401406,0.9961842037751412,1.0034075558051359,-0.10626953007881554,0.4217441214428477,260004324,32,TIC260004324_sector32.npy,0.36579229488434006
0.00227464912194565,0.016054488148430135,0.0023018604288849477,0.9964696849500623,1.0037715062727588,0.023539042221478314,-0.010051725181398297,309702035,90,TIC309702035_sector90.npy,0.3655638853565063
0.002294404358833053,0.018547284622628446,0.002479588396916814,0.9963689765209167,1.0037517301092198,0.20132014827137473,0.7058828643388293,149301575,28,TIC149301575_sector28.npy,0.36553735115761576
0.0001445385196055906,0.0018807220669162517,0.00010335291656065778,0.9998091863693946,1.0002095002785547,0.09810658094342115,6.857365724858271,350298145,88,TIC350298145_sector88.npy,0.3655010479655236
0.000498447944123062,0.0039946572280680215,0.00043761940872297825,0.9989873605783641,1.000552899766623,-1.3689004589979419,3.1200499952580136,350298145,32,TIC350298145_sector32.npy,0.36541521426383444
0.0001564660425430229,0.0018543017474086376,0.00011717010140626378,0.9998178614625128,1.00031860015578,0.9134604705707595,4.544858862071968,142108949,33,TIC142108949_sector33.npy,0.3654091687218262
0.001876143361199878,0.01640718299574384,0.002031297243574755,0.9971333514130445,1.0031720513736273,0.3976918880875442,1.3364151755267741,309792357,34,TIC309792357_sector34.npy,0.3653893074226682
0.002204700341656471,0.017784846336000193,0.0020523348901229027,0.996292822813373,1.0033355983285874,0.04459677040914512,1.126715481437432,370227780,69,TIC370227780_sector69.npy,0.36506147605690986
0.0018522570593677624,0.015958851458704904,0.0019941601003687355,0.9970694440988175,1.0031417921922658,0.38133091048168216,1.4589999765152237,309792357,30,TIC309792357_sector30.npy,0.3649903301911039
0.0006359426233215613,0.0056814374643510135,0.0005492284077485749,0.9991613114341831,1.0010448469254374,1.2569940386836977,4.613841668078752,176873028,39,TIC176873028_sector39.npy,0.3649666857474693
9.715335510742949e-05,0.0009317058401616674,7.877113884114347e-05,0.9998044596211064,1.0001208108840707,-0.512094278720347,2.5448061903734747,141810080,4,TIC141810080_sector4.npy,0.3649019601658022
0.0020043897781608267,0.018355954736869018,0.0021088543288570864,0.9969305800242428,1.0031463736072874,0.4240944160983019,1.476789438171874,309792357,32,TIC309792357_sector32.npy,0.3647265986511345
0.0007293860176946987,0.008359648340862558,0.000739146211440023,0.9989600874175887,1.001218321953552,1.131876800348192,6.547893410298887,278777070,98,TIC278777070_sector98.npy,0.3646761156149875
0.0009404182036195295,0.014314345841287657,0.0009203797493282236,0.9985458004403488,1.001327322453677,-0.3520648517416325,6.793297924474244,350765991,95,TIC350765991_sector95.npy,0.364577832701401
0.0012417283673034588,0.010176727590163304,0.0009459279350483285,0.9983393652479625,1.001894458971329,1.0301464749885814,3.4575412715670586,149971754,65,TIC149971754_sector65.npy,0.36443569488772454
0.0009151497223377543,0.007673959773738193,0.0008371189269561214,0.9988301503061303,1.0014894849640714,1.2416970487511065,3.9567950860976078,278777070,30,TIC278777070_sector30.npy,0.36440397123574825
0.002109589977575771,0.015021061830237104,0.0020284277102066,0.9967369966837932,1.00395757506758,0.10270710342901475,0.4033125593314244,309792357,39,TIC309792357_sector39.npy,0.36428335649661797
0.0012409061129814933,0.009784439242343956,0.0010288706282004763,0.9970805023867961,1.001486080664367,-0.7991155071518116,1.3996838163856946,350522196,69,TIC350522196_sector69.npy,0.3641407788166358
0.002148627648036656,0.016716920650080902,0.002348468735372376,0.9965536492703571,1.0036078796787373,0.2091623964071698,0.39973004439397775,260004324,38,TIC260004324_sector38.npy,0.3641355308579748
0.000258636082411885,0.0038168827901067237,0.00010739023807352719,0.9996548249560695,1.000305183281468,-0.10374054909786809,9.243764844381332,350298145,65,TIC350298145_sector65.npy,0.3639306399167487
0.001011801002977848,0.008027192013667195,0.0007313969773184425,0.9987460001664736,1.001798301865247,1.1283828983635742,3.0711081947604777,350823719,34,TIC350823719_sector34.npy,0.36380941258811017
0.0019961083325717487,0.012721610656436844,0.0019559257918105523,0.9971356852001023,1.003469759907698,0.2977632979286203,0.05003652981035911,309792357,90,TIC309792357_sector90.npy,0.3637392241702168
0.0020157987301594174,0.01877567742135089,0.0021965519215931604,0.9968303658290154,1.0033313665658825,0.23260665453992016,1.0534324662089753,260004324,35,TIC260004324_sector35.npy,0.3637143644489788
0.0010971858838873085,0.00815028679810792,0.0008337680379963507,0.9984962551274735,1.0019117234570356,-0.8093592960688655,4.154410309484674,309792357,13,TIC309792357_sector13.npy,0.3634395302589326
0.0017982350190704416,0.012107999327370167,0.002598720129232068,0.9970478021040918,1.0030780345571206,0.10399624769295661,0.015716791221226156,287298969,38,TIC287298969_sector38.npy,0.363271218966034
0.002013553634984698,0.01782574906798584,0.0022136610530133307,0.9968536940009656,1.0032657869708508,0.24653309632501305,0.3955049415738281,260004324,31,TIC260004324_sector31.npy,0.3632341686188692
0.0019552859267044616,0.012941678675506663,0.0019610959152464294,0.9970349348658305,1.0035360202776225,2.3731555995670987e-06,0.20525989959351953,41173537,11,TIC41173537_sector11.npy,0.3631650525990391
0.0021329228856619364,0.017029464341527856,0.0023512895573109607,0.9966102241541551,1.0037846481203239,0.14686137554666504,0.5624844874601171,260004324,28,TIC260004324_sector28.npy,0.36314485754333975
0.002180959377012576,0.017253143629671452,0.0020094393343966332,0.9967107204189436,1.0034483385689041,0.19951605801239822,0.5110858039815067,260004324,98,TIC260004324_sector98.npy,0.36305802314122637
0.0020669932669377246,0.016858878996972804,0.0019813666250460627,0.9963347241910645,1.0031531340641326,-0.14323647614168003,0.6734024450978771,41173537,28,TIC41173537_sector28.npy,0.36298632389873864
0.00017119419341605487,0.001456291450524505,0.00010339112590617826,0.9997772028034053,1.000298307176594,0.9443172969739494,2.9581387576206923,260041674,68,TIC260041674_sector68.npy,0.3629494625253232
0.0008206020161022961,0.010996961276725337,0.000763997512778406,0.9987333881353916,1.0012099912751085,-0.677449291126915,6.055197507843351,370227780,63,TIC370227780_sector63.npy,0.3628625104811767
0.0022243837460934343,0.015413075061578185,0.002106207634837605,0.9963002439612917,1.0034642755787622,0.05661713602438292,-0.10610660953894291,41173537,97,TIC41173537_sector97.npy,0.362845358523518
0.0018717165790668039,0.016662781659411596,0.0019903298513432783,0.9969994897748169,1.0029861851151631,0.2817627815408305,1.3050719770483843,309792357,35,TIC309792357_sector35.npy,0.362681558770541
0.0009100923267708336,0.011551697190897436,0.0003892462857724134,0.9986333006361656,1.0013781298590294,-0.6844259114638297,5.089982748556427,278777070,6,TIC278777070_sector6.npy,0.36252409898150983
0.0016747307499363382,0.00996299507466869,0.0024903829246015695,0.9972450392617331,1.0026855278387177,0.08672212884032378,-0.5159337459753686,287298969,28,TIC287298969_sector28.npy,0.3624913730009343
0.0010178656563806904,0.008992030866831313,0.0004990733723646052,0.9988755648978674,1.0016162199254377,0.7753552560155965,5.503068439740437,176873028,4,TIC176873028_sector4.npy,0.36239651275809265
0.0013320147391031635,0.012495679433948581,0.0013257713356281961,0.9980143362772752,1.0022731704678187,0.7318649900476393,2.8823253122100665,278683844,35,TIC278683844_sector35.npy,0.3623046918894591
0.001807938326169544,0.01110670665293556,0.002661450062344311,0.997079270867456,1.0029965479732719,0.08463618927930726,-0.22739040579561598,287298969,37,TIC287298969_sector37.npy,0.3622711787618151
0.0018321807302683975,0.02134874503791595,0.0015470139981318494,0.9970933583539123,1.0027835574384567,-0.11237576933283394,1.9081057226894051,149250753,88,TIC149250753_sector88.npy,0.3622209601212981
0.002003909226389609,0.015187353586746277,0.0020059076261087646,0.9967200227614414,1.0032515480880593,-0.12022198075173011,0.17700383018096177,41173537,2,TIC41173537_sector2.npy,0.3621071351401262
0.0021444920298777747,0.01676510300053724,0.002286089787250819,0.9964143803568348,1.003446634878969,0.0793072105161407,0.5909984341671568,260004324,30,TIC260004324_sector30.npy,0.3620951934750674
0.0001409056894214779,0.0011259010973933004,9.752112153224311e-05,0.9997793567606731,1.0002001223942487,-0.6343887463935309,2.362620884370748,260507093,33,TIC260507093_sector33.npy,0.3619716048522272
0.0009549575652370154,0.011142958369852796,0.0008905991904120486,0.9986208767607818,1.0015730793038797,0.8864557627122214,5.06659984041524,142108949,97,TIC142108949_sector97.npy,0.3617826072849745
0.0020701734611480197,0.01865998379778544,0.002241454714760259,0.9968458047858332,1.0033676870004735,0.20558143080016605,0.7487114805228101,260004324,33,TIC260004324_sector33.npy,0.36174250022682813
0.002122307928925364,0.01821872378681111,0.0022627526401217102,0.9967311987655896,1.0035379883756201,0.14615619902758487,0.5992793431386736,260004324,36,TIC260004324_sector36.npy,0.3617293210422931
0.0021477815368911926,0.01613505684827843,0.0022764651681009157,0.9964664885384094,1.0034401717394832,0.007919998917062137,0.268200635792871,309702035,87,TIC309702035_sector87.npy,0.36166812974588314
0.00024019199458556278,0.003957968783879551,0.00017030522472579097,0.9996614485794918,1.0003921342409352,0.3585485104432516,8.957263627544286,350298145,39,TIC350298145_sector39.npy,0.36160873995040144
0.0017840632325023622,0.01208785781941435,0.0026118013150251283,0.9971163919781121,1.002924900408681,-6.982535535108961e-05,-0.004110461265435461,287298969,35,TIC287298969_sector35.npy,0.36158124877484005
0.0018122701969337839,0.015026646096812035,0.0019483157674494648,0.9971943927303144,1.0030847087269457,0.26785694134218796,1.1244406700072869,309792357,33,TIC309792357_sector33.npy,0.361555285550239
0.0019443439521831065,0.01379622007841319,0.0019141366668672776,0.9966630838116747,1.003076001979727,-0.1509897892373534,0.17317843646716247,41173537,3,TIC41173537_sector3.npy,0.3615270513262059
0.00013792209560148765,0.0013603242711792696,9.016198445555082e-05,0.9997874587253894,1.000210609551854,-0.561240545305676,2.9045037267728615,260507093,62,TIC260507093_sector62.npy,0.3615171266888424
0.0003212926459064249,0.004023111242121846,0.00030839599346078536,0.999463683105666,1.0004275985664652,-0.8877998647409703,5.338034246644224,370227780,28,TIC370227780_sector28.npy,0.36146355756955345
0.0018299374363626739,0.01697168023182072,0.0019950761849387684,0.9970367390129542,1.0028908716077425,0.29616091687546303,1.5669066601715205,309792357,89,TIC309792357_sector89.npy,0.36126916429017136
0.002059155358267408,0.01674932070170354,0.0021342927732633478,0.9968055557263259,1.0033582755488086,0.0881620268761637,0.035137150841634046,41173537,5,TIC41173537_sector5.npy,0.36115422162164457
0.0019946700398361422,0.014188592569975178,0.0020767059139786856,0.9968147142006378,1.0034191006453914,0.12994035708406368,0.200061006886469,41173537,93,TIC41173537_sector93.npy,0.36111456802323133
0.0019529594339372791,0.014420400950085788,0.0020053687994385666,0.9965496025308924,1.003070951635964,-0.11694663139591585,0.17589792304685536,41173537,31,TIC41173537_sector31.npy,0.36106529086213335
0.0018113181303307329,0.01087368581472059,0.0025158100986692783,0.9970423582758854,1.003002394684567,0.06970052371942725,-0.27297967753082375,287298969,30,TIC287298969_sector30.npy,0.3610246128172925
0.001930589201121778,0.014370286771069662,0.001955077610796417,0.9969439420402111,1.0033042404640773,0.08754802229632165,0.30990809950766973,41173537,30,TIC41173537_sector30.npy,0.36101190678891554
0.0017897450956972122,0.01197967140146372,0.00235979308219011,0.9970716065570702,1.0029343844706253,-0.0012336032469331321,-0.1316551328999318,287298969,39,TIC287298969_sector39.npy,0.3609577954368248
0.0019192082472150316,0.013133614941882588,0.001992828363442157,0.9968353631432977,1.0031558796419464,0.07676207498440679,0.19664622464816173,41173537,1,TIC41173537_sector1.npy,0.3608896357028298
0.0018705246217578355,0.016363703286479514,0.001962257470319101,0.9970961327989423,1.0030564847625834,0.20036919910168102,0.9051118461230931,309792357,36,TIC309792357_sector36.npy,0.36082366686624334
0.0020661345848559136,0.017269151110640646,0.0021414069689481533,0.9964424438736643,1.0033966078160301,0.0754434339365431,0.45021682926623807,260004324,34,TIC260004324_sector34.npy,0.3606920074510571
0.0017528788564028712,0.011827442985821723,0.002541223671187973,0.9971858379606564,1.002935039187442,0.10612917715482703,0.0132799438247857,287298969,34,TIC287298969_sector34.npy,0.3606630078724504
0.0020513821091746364,0.014049372447871966,0.0020088459551811776,0.9967128939348219,1.0032840920405237,-0.03152195278564549,-0.1262872074737702,41173537,94,TIC41173537_sector94.npy,0.3606618912698525
0.0004694071540145828,0.005614844958262144,0.00036370551748568487,0.9993880192949711,1.0007840192104058,1.1890403378446768,5.334788171394562,350522196,34,TIC350522196_sector34.npy,0.36060387854540743
0.00010294790032227898,0.0008604462273544833,7.130015976207366e-05,0.9998236297804329,1.0001413652700337,-0.5621289413674432,1.3028774995423156,149988523,28,TIC149988523_sector28.npy,0.3603363093472375
0.0017000823376360206,0.011298250633961504,0.0023958660946831315,0.9973803742788382,1.0029289116939886,0.07250436837059329,-0.23674872010556802,287298969,10,TIC287298969_sector10.npy,0.3603069560439243
0.0019050436211164865,0.01687291758763476,0.0020750587251615,0.9969775987172029,1.0031023704880702,0.22901807443481534,0.9405186995045431,309792357,29,TIC309792357_sector29.npy,0.3602675908128559
0.0018960446064949228,0.0177765557194961,0.002070494233750721,0.9968770214855619,1.0031017731586294,0.23892800853045257,0.9837771302504796,309792357,31,TIC309792357_sector31.npy,0.3602135373356436
0.0019077964535661625,0.014621829967500166,0.002102365434023232,0.9970036699042069,1.0033068737240687,0.0882704829035444,0.42166454189129743,309792357,27,TIC309792357_sector27.npy,0.3601540907641432
0.0016379477666968784,0.009670136382790906,0.0024004478458767554,0.9973093681809222,1.002702847549146,0.00018064868274002857,-0.15430083244884418,287298969,27,TIC287298969_sector27.npy,0.3601172539807652
0.0018938538555020523,0.014248768621848207,0.0020572788607228546,0.9968376177525045,1.0031648921630787,0.05904725759441055,0.31380125411546533,41173537,27,TIC41173537_sector27.npy,0.360061311370904
0.00183348648216905,0.018458977042434155,0.0019704017658700715,0.997171085419951,1.0030541954414331,0.22943808127786242,1.3491833869659446,309792357,95,TIC309792357_sector95.npy,0.35999939589125385
0.0002653999826629996,0.004353982284958313,0.000105477344308932,0.9996342646442872,1.0003853686206816,0.10175336879968194,10.809628780765761,149988523,65,TIC149988523_sector65.npy,0.3599958366661832
0.0017851770500937158,0.01031816324865964,0.0025358720034050677,0.9970062766583676,1.0029902346374113,0.04540896428316907,-0.18037749990925533,287298969,29,TIC287298969_sector29.npy,0.3599615942645507
0.0016905367530691952,0.010610980055992814,0.0024317544373166173,0.9971868347533143,1.0027901965338741,0.11253586642825428,-0.2835550652766625,287298969,12,TIC287298969_sector12.npy,0.3599545833299029
0.0018878748586681937,0.014700193804003225,0.0020010568501255474,0.9970427530461573,1.003251900374254,0.1298609449434716,0.35563976256101393,41173537,38,TIC41173537_sector38.npy,0.3599086830430108
0.001976317166944819,0.01439083725383028,0.0019976492671127345,0.9968535067165337,1.0031488918582077,0.14483426876611039,0.29441963342343636,41173537,35,TIC41173537_sector35.npy,0.35983273219055445
0.0019120698030645753,0.01270926690684826,0.0019723450901458386,0.9967940174703802,1.0031559504292602,0.044400671002535225,-0.010160524119074754,41173537,7,TIC41173537_sector7.npy,0.35980890553731354
0.0021252404013298097,0.01734045216131619,0.0015346665075418175,0.9967352499805684,1.00370036144298,0.06297322590493405,0.16718703772176458,149250753,96,TIC149250753_sector96.npy,0.3597382122015452
0.0017854346315459707,0.01347040600579219,0.001955083423592726,0.9972603399050054,1.0031320292147892,0.19259622213704738,0.4760213332354084,375059587,27,TIC375059587_sector27.npy,0.35965524785308706
0.00018100708511174172,0.002094005813977562,8.088152900088066e-05,0.9997772499015569,1.0003338422583885,-0.1670311555034818,5.679307170048617,260507093,66,TIC260507093_sector66.npy,0.359629606011772
0.0016468425559593546,0.009816987361247032,0.0023646519412742874,0.9972921121989984,1.0026947327955866,-0.07463359725337013,-0.21508822864267607,287298969,11,TIC287298969_sector11.npy,0.35961511597608975
0.001637997918679694,0.011493268758490549,0.002342964462087061,0.9972635197876595,1.0027381069366532,-0.03934202874076753,0.45117785341841854,287298969,61,TIC287298969_sector61.npy,0.35952232929392175
0.0016365087595920627,0.009081185696552918,0.002246933717772326,0.9973379497152539,1.002618339262124,0.009090672771869705,-0.46182888076801243,287298969,4,TIC287298969_sector4.npy,0.3595057348803084
0.0018273327436997115,0.013051378711992245,0.0019260113022851228,0.9969531556547893,1.0030384428736536,0.06696486976072537,0.28379428504000437,309792357,87,TIC309792357_sector87.npy,0.35932454567860933
0.0016980662433083386,0.011384100253875595,0.0024227734298769765,0.9971230581245739,1.0028082256545308,-0.04557104857255455,-0.10008408202433161,287298969,31,TIC287298969_sector31.npy,0.3593009329435069
0.0019872830401648054,0.018377792273033267,0.002031882215248763,0.9968074877716577,1.0033162422087127,0.11733492964383649,0.5120070419638472,41173537,32,TIC41173537_sector32.npy,0.35927653358741635
0.0018618227625067016,0.013477169563278157,0.001996289489307909,0.9970183536404679,1.0030859727709007,0.10310581738582465,0.39099762971541807,41173537,6,TIC41173537_sector6.npy,0.359265194365731
0.0019211109750156203,0.01710577607449215,0.002033355148903785,0.9968667464577187,1.0030675383734111,0.12472159776471796,0.6030714957684862,41173537,13,TIC41173537_sector13.npy,0.3591255088699509
0.0017269930154250345,0.01258035897250298,0.0017945274368079852,0.9973717059637638,1.0033056692223765,0.288825773449099,0.44978320184568643,375059587,94,TIC375059587_sector94.npy,0.35909776189742865
0.0017071057336683268,0.011529784734254922,0.0024447069805649912,0.9971626015347336,1.0027612332676963,-0.04726025301090318,0.11574089556132527,287298969,62,TIC287298969_sector62.npy,0.35904291463710813
0.0020681527081048952,0.01725698663978603,0.0021080326269545943,0.9966521209044221,1.0032953601087429,0.0477228632291317,0.27657291355953184,260004324,97,TIC260004324_sector97.npy,0.35898630310118473
0.00013637715332474328,0.0016580905282425062,0.00011163273109627073,0.9997441981467283,1.0001888737945022,0.4810661966905756,4.895971595372303,350298145,67,TIC350298145_sector67.npy,0.35888680243174625
0.0013114330497193635,0.016055664751439824,0.0011361407322176675,0.9981561650507434,1.0023197400247827,-0.2442605699060133,3.927888608831722,149971754,98,TIC149971754_sector98.npy,0.3588571223273288
0.00017092756282852017,0.0013774677015450099,0.0001450109278117875,0.9997813244700767,1.0003051225608712,0.9284315359014832,2.6798736532940524,350298145,95,TIC350298145_sector95.npy,0.3587804445898078
0.0016899875011881452,0.011341118054832622,0.0025750331548601126,0.9973507291463831,1.0027376765478149,-0.05093949810665577,-0.19992540177180418,287298969,3,TIC287298969_sector3.npy,0.3587445878938307
0.0016493690176772914,0.010153907193055423,0.0023073172521707263,0.9972405759402054,1.0026706104708702,0.10020355977254423,-0.1210551464231342,287298969,5,TIC287298969_sector5.npy,0.3586355533201262
0.001731825494346088,0.014345684586375973,0.0016876792627448214,0.9965414418469756,1.002484026832987,-0.19068593777731924,1.1732983662721992,150392584,9,TIC150392584_sector9.npy,0.3586182718863549
0.0018628082136237084,0.017552211878928414,0.001970976642029258,0.9968511652790303,1.0030092797884036,0.08232805080531092,0.794115845734702,41173537,8,TIC41173537_sector8.npy,0.3585561382420295
0.0017343884723363462,0.011060494464668835,0.0024719780521733955,0.9972194476034739,1.0028854009330874,0.013906476800596437,-0.1813641611442547,287298969,32,TIC287298969_sector32.npy,0.3584660595252017
0.001213102857873289,0.009399379761270255,0.0004376992973609707,0.9983997986625137,1.002256599423628,0.6902138364253936,1.7573340572303788,278777070,1,TIC278777070_sector1.npy,0.35829990713028087
0.0018308651849208233,0.012815717556826867,0.0019730051526327865,0.997090084471201,1.0030813684988917,0.08315684199111868,0.023174856461717575,41173537,90,TIC41173537_sector90.npy,0.35829904190193806
0.0016539391698740492,0.012956309008412603,0.002370044889458927,0.9973560210336586,1.0027663617678673,0.08609650810991613,0.04849429291471985,287298969,7,TIC287298969_sector7.npy,0.3582729780379701
0.0014374129313890138,0.013517039751534954,0.0015535891937847538,0.9978509584779836,1.0023628396261497,0.5669041577321512,2.148992376884962,348839788,34,TIC348839788_sector34.npy,0.3582431581600278
0.0007560585714539359,0.010807488123889097,0.0006195096713765906,0.9988515335716253,1.0011017224869754,-0.40389761904390664,7.608561357157907,149269178,61,TIC149269178_sector61.npy,0.35800099723212575
0.001744045830901288,0.01110445976870178,0.0024644671638712084,0.9972037004075465,1.0028541952914694,0.02569640643885442,-0.006999118930949955,287298969,33,TIC287298969_sector33.npy,0.3579826849692633
0.0018358319434345577,0.01348221821835216,0.001959521531792082,0.9970315935464154,1.0030524717059688,-0.08276080347423193,-0.046490047518301214,41173537,33,TIC41173537_sector33.npy,0.357667604089895
0.0018290509726864375,0.014443564430429712,0.0019062213173378932,0.9969475664475449,1.0030047800065593,0.06650130316029006,0.3393950712965843,41173537,88,TIC41173537_sector88.npy,0.3575884965191885
0.0018493944224588438,0.01693246934779047,0.001956232678278502,0.9970000533112467,1.002963196526208,0.004196430721465866,0.5600543168179506,309792357,94,TIC309792357_sector94.npy,0.3573033204651821
0.0016552198702683594,0.010651685512182207,0.002194706140957858,0.9972472996158418,1.0026755747456542,-0.027641156058774492,-0.18541612012088393,287298969,2,TIC287298969_sector2.npy,0.3572900639706539
0.0009736671136471944,0.01133661104896544,0.0009846191847146413,0.9982712921704138,1.0013778594867162,-0.6937574964226813,3.090283805752648,350298145,98,TIC350298145_sector98.npy,0.35728240069906336
0.001985784116810528,0.017117468454995177,0.0014524184509964121,0.997013166788927,1.0035026780969056,-0.09052558881844949,0.6939742374492845,149250753,93,TIC149250753_sector93.npy,0.3572410874743161
0.0015555415633195975,0.009589661741452593,0.0022353817733527246,0.9974951925821035,1.0025635305401557,0.025888547722260378,-0.3170749232638821,287298969,68,TIC287298969_sector68.npy,0.35721462018968564
0.0018043158782711404,0.013965975470809577,0.0019330936709946941,0.9970101243793056,1.0029578857586816,-0.047710002372174626,0.5349162355547854,41173537,10,TIC41173537_sector10.npy,0.3570863633151482
0.0018343237373415087,0.014544159286148606,0.0020129077799978736,0.9970305695359128,1.0029577021084364,-0.010418904989035497,0.5035170132598981,41173537,12,TIC41173537_sector12.npy,0.3570440984562534
0.0016743956103261687,0.011466270676760981,0.002279219943580236,0.9972315446727709,1.0027219765440603,0.007572528074960359,0.23703661234991857,287298969,63,TIC287298969_sector63.npy,0.3568533083160774
0.0016708908631457439,0.009880194786682228,0.0020371646076487128,0.9971678277372275,1.0028121307874662,0.022130963580493462,-0.2255221639573599,287298969,13,TIC287298969_sector13.npy,0.35682928892535565
0.0017014329016081997,0.01519020234868873,0.0018218552867259096,0.9972395409114765,1.0027867345114099,0.24759760282973564,1.2270904792593003,375059587,68,TIC375059587_sector68.npy,0.3568239922161119
0.0018248401849950452,0.01336124011056794,0.001883447195004195,0.9970939914977904,1.0030369334232783,0.10579191883616537,0.30329270468322633,41173537,34,TIC41173537_sector34.npy,0.3567943154021746
0.00168087187265961,0.012746249379756658,0.0022675291009277504,0.9973513869676965,1.0026906719626643,0.01644488295134096,0.39766648323104903,287298969,64,TIC287298969_sector64.npy,0.356656658726986
0.0018233454886740453,0.01826808844612493,0.0019150392328664422,0.997032557924532,1.0028537168688358,0.04060235417690814,0.9971345499246382,309792357,88,TIC309792357_sector88.npy,0.356346968042914
6.924978148253104e-05,0.0005915505529663356,7.537722753084164e-05,0.9998929025245002,1.0001173687062463,0.2718484785300332,0.9288070010826379,141810080,28,TIC141810080_sector28.npy,0.3563102827069436
0.0017751176188957726,0.012827911881886145,0.0018895734267975626,0.9971484220981581,1.0029450813466418,0.019404172740219848,0.2653558778359071,309792357,93,TIC309792357_sector93.npy,0.35628081406806045
0.001668271291895327,0.014058956394702782,0.0017454215172721618,0.9970484739329162,1.0025756701635096,-0.1373067193499665,1.096983106752738,149988523,98,TIC149988523_sector98.npy,0.3562206275900586
0.0014212887794720613,0.01707825115139583,0.0014020374327712401,0.9979181433051677,1.0024024113224588,0.23440932900225991,3.4602695915015538,370227780,62,TIC370227780_sector62.npy,0.356218956856473
0.0013582946195257464,0.011337364083410462,0.0012655647770805272,0.9982444863340508,1.0024706699964439,0.7121278144089284,2.1270510447381037,150392584,37,TIC150392584_sector37.npy,0.3561599626614107
0.0016735400545321369,0.015241616059513019,0.001870326541315743,0.9973708889796307,1.0027349131289245,0.24788077114145618,0.9448030538765484,375059587,89,TIC375059587_sector89.npy,0.35612221671226724
0.0018573291501763284,0.016582507786232936,0.0019321145272620608,0.9971355233241629,1.0029209102621892,0.061850809460343985,0.2738661437423584,309792357,97,TIC309792357_sector97.npy,0.35598683810653253
0.0017922807691953372,0.013691281783036802,0.001936842194574709,0.9970364958198623,1.0028730462847135,-0.08285534148107848,0.3177402388234758,41173537,89,TIC41173537_sector89.npy,0.3559166576270177
0.001799434261003183,0.015215210565870163,0.0019914123817565523,0.9969791165219368,1.0029190550960907,-0.007561741417305731,0.47812581527333053,41173537,37,TIC41173537_sector37.npy,0.3558971766474736
0.0018512217512793331,0.012375070071576233,0.0018652206404581055,0.9969849562694088,1.0029863662877563,0.06365897882935329,0.11910674391849341,41173537,95,TIC41173537_sector95.npy,0.35574282798233475
0.0018148470156348618,0.012053541138611013,0.0018905411201931089,0.9969776343379054,1.0030504843101857,0.12652334795290196,0.11956033688485768,41173537,36,TIC41173537_sector36.npy,0.3556061296467506
0.001626866664173677,0.010176956356864775,0.002106510635859556,0.9973471786147284,1.0027110218325594,0.11449528674131883,-0.14386717579950536,287298969,1,TIC287298969_sector1.npy,0.3555940421757608
0.0017244458597860859,0.015395603432322713,0.001880500226479358,0.9973294244694045,1.0027927493712432,0.2381805971484202,1.1740200413979585,375059587,63,TIC375059587_sector63.npy,0.35522257642663296
0.0015450619256211337,0.00954965770164995,0.0022377362631118823,0.9974321393458574,1.0025264347390042,-0.0021916397397754657,-0.22642334186576996,287298969,67,TIC287298969_sector67.npy,0.3551876186056718
0.00019864581903948948,0.00227608624758191,7.061644259564744e-05,0.9997264777436503,1.0003644090288613,0.7911629363884545,3.5197976060969474,260605873,68,TIC260605873_sector68.npy,0.3551821714585697
0.0003301724335297238,0.0033431044278241506,0.00030031297225259333,0.9994241698246817,1.000444211011098,-0.8552052593622943,3.4187714105160216,370227780,27,TIC370227780_sector27.npy,0.3551105957421931
0.0001587927474224066,0.0011475569409516995,0.0001015003987238745,0.9996142804036992,1.0002157243876326,-0.6475596094669984,0.9060858322500027,260507093,61,TIC260507093_sector61.npy,0.3550477477937218
0.00018044308149150798,0.0021097391638618124,0.00011342269022937444,0.9997398041159604,1.000262376072149,-0.08098011815805878,5.324342284281554,260041674,65,TIC260041674_sector65.npy,0.3549946740257255
0.0013894484592434926,0.013912870555645718,0.0014707401596093723,0.9979180156903658,1.0022810345765618,0.5329305489825169,2.078025717489086,348839788,30,TIC348839788_sector30.npy,0.3548938529631871
0.0016090097593842213,0.010363117326357085,0.0022938505413087015,0.9972969651476965,1.0026888721095883,-0.021520342130709476,0.03456865312269208,287298969,8,TIC287298969_sector8.npy,0.35469457888487665
0.0011368746943677614,0.0073759110548219375,0.00041358048343241235,0.9985696037119501,1.002521948448943,0.8145147027369665,1.3982812863192633,278777070,12,TIC278777070_sector12.npy,0.35462550608768667
0.0017356442497819518,0.01461672753241161,0.0019181152988271201,0.9971532881409604,1.002750148388193,0.12261609342670268,0.6305072557542921,375059587,88,TIC375059587_sector88.npy,0.35460533192457594
0.0017624326471733823,0.013514069806609075,0.001865588033889909,0.9971405993474851,1.0029302858808105,-0.06688101487231768,0.1764439826773696,375059587,69,TIC375059587_sector69.npy,0.35420017240074636
0.0017580024123939888,0.014251256023965042,0.001875890805217623,0.9970840628004489,1.00282832238948,0.03890784257287627,0.4968766537584721,309792357,96,TIC309792357_sector96.npy,0.35409686039793214
0.001354086857775929,0.012537824914948481,0.001432928895227097,0.9980650593586301,1.002278580224041,0.5439234709009168,1.7558993644706211,278683844,30,TIC278683844_sector30.npy,0.35400515968303375
6.6262191137573e-05,0.0006521026312570344,7.131261505431451e-05,0.9998943847356639,1.0001070360238913,0.13240427616394432,1.279323617466284,141810080,7,TIC141810080_sector7.npy,0.3538905251969422
0.00012159008413435128,0.0015303107858406495,0.00012744516313179053,0.9998045076234936,1.000197807858486,-0.314405889734816,3.597790682857278,260605873,96,TIC260605873_sector96.npy,0.3538516341698093
0.0017047686612823786,0.012644789790655642,0.0018074489919211124,0.9972101978129272,1.0027861701949807,-0.01156925275469249,0.13168120690345164,375059587,87,TIC375059587_sector87.npy,0.3536751637356215
0.0016995102040328462,0.014411482397293951,0.0017443832381985804,0.996957791490913,1.0026946125069462,0.15391915314817156,0.5343378408425523,375059587,67,TIC375059587_sector67.npy,0.35347891748182236
0.0001229505108563377,0.0009960007991418607,0.00012609305363702386,0.9998366769622181,1.000237761347936,0.6577413244021213,1.6840881776306835,149988523,27,TIC149988523_sector27.npy,0.35339670019330705
0.0010602414873351208,0.009577018122954528,0.0009828851160648207,0.9983720261361567,1.0016182953250314,-0.5881261284748321,2.5020707183292465,149971754,90,TIC149971754_sector90.npy,0.3533645927782148
0.000575810069596516,0.005595654650855431,0.0005446376248942782,0.9989928397953636,1.0007707693659644,-0.743133993910622,3.315630690985465,350522196,87,TIC350522196_sector87.npy,0.35336405396480075
0.00141025656799525,0.014735152936563245,0.00146683252502518,0.9979837144902406,1.0022583804740113,0.41385241475544987,2.254172980495049,278683844,31,TIC278683844_sector31.npy,0.3533416301498798
7.258489176869633e-05,0.0005802445375060472,8.08989922258374e-05,0.9998807139646103,1.0001168640708733,-0.024889530124052497,0.5398482693292519,141810080,9,TIC141810080_sector9.npy,0.3531998400145767
7.518535951590479e-05,0.0006575478407581103,7.982507391545434e-05,0.9998738234671277,1.000119882601755,-0.05696857248496077,0.44649566506717075,141810080,6,TIC141810080_sector6.npy,0.3531998400145767
0.0013375128908640482,0.013152335023839612,0.0014032466472758249,0.9979456058953251,1.0020563359049643,0.3649581682032284,2.2358676473013244,348839788,87,TIC348839788_sector87.npy,0.3531881198017522
8.135391056305163e-05,0.0006463643941370112,8.523482884257516e-05,0.9998641269572868,1.0001298679618176,-0.04324958119487733,0.47210526311123413,141810080,2,TIC141810080_sector2.npy,0.3531750605895125
0.0016564055326568794,0.014355031131880747,0.0016714613549332971,0.9973390684163355,1.0027153370049364,0.06702657587105328,0.41409905395884206,278683844,27,TIC278683844_sector27.npy,0.35316820820693745
0.0015049542189295812,0.009956866199766878,0.002209072543122578,0.9974877025815945,1.0024199792777122,-0.018817105038588043,-0.1620822416914165,287298969,95,TIC287298969_sector95.npy,0.35315154318545383
0.00016372732826825577,0.0012624378988020935,0.000166364107114828,0.9997965365085482,1.0003244740875472,0.8689268708804672,1.6682752210274057,149988523,31,TIC149988523_sector31.npy,0.3531359492457456
0.001684861641985863,0.014387348843993064,0.0017848147030565121,0.997247754961653,1.0027227653435469,0.04463304725128463,0.6382400627413691,375059587,62,TIC375059587_sector62.npy,0.35301602802607296
7.64258512141643e-05,0.0005436184053809745,7.951119898750962e-05,0.9998796356448811,1.000124079176527,0.16976294921459734,0.15770766894373311,141810080,3,TIC141810080_sector3.npy,0.35298726607136394
0.0015928371824013702,0.011849514770286285,0.00217920235215016,0.9973972866535431,1.0025071879051053,0.026701101840615218,0.03502955078191272,287298969,66,TIC287298969_sector66.npy,0.3529752341038797
0.0016754519664281423,0.01651478053555766,0.0017316559345274501,0.9973200881633629,1.002600466512887,0.023875659364897647,0.8248325847711464,375059587,65,TIC375059587_sector65.npy,0.3527044386796892
0.0016240753524597335,0.014443329543926797,0.0016840118869780032,0.9973249756805773,1.002527229437742,0.22598904985874718,0.5536578858705186,375059587,93,TIC375059587_sector93.npy,0.3525396588358407
7.211658761359319e-05,0.000520677987128515,7.924727352441889e-05,0.9998837977336442,1.0001170102765788,0.07561827354304565,0.4496972372428836,141810080,12,TIC141810080_sector12.npy,0.3525394720325581
0.0016018437427411868,0.012701001918339117,0.001808738911033977,0.9973178577115933,1.002641738196232,0.12292722128718189,0.35509856569171605,375059587,90,TIC375059587_sector90.npy,0.352528327432218
8.900735368715389e-05,0.000717128204510864,9.847732806988815e-05,0.9998564946068086,1.0001464536572449,0.06356035448735123,0.3576358695424138,141810080,10,TIC141810080_sector10.npy,0.3523144568040369
0.001601152062040957,0.014650977935981246,0.001547178030849177,0.9974141066741179,1.0025876505874443,0.0657236221890299,1.6888669986208296,150392584,68,TIC150392584_sector68.npy,0.352230263522682
0.0016416819666785648,0.013186567447152187,0.0017837272762099123,0.9974329281557249,1.0027518546118575,0.15812216848759694,0.5206561876229352,375059587,64,TIC375059587_sector64.npy,0.35219897960144814
0.0005031728308754604,0.006771097522296321,0.0005154057645187097,0.9992128815255489,1.0008243171572846,0.6858376532740383,5.838735632817517,176873028,36,TIC176873028_sector36.npy,0.3519168324087415
0.0011301889957003913,0.01400820841782846,0.0010668281149371996,0.99828159634327,1.0018388551017472,-0.16657590463290434,3.258630940761698,149971754,94,TIC149971754_sector94.npy,0.3519002271042925
0.0013508556468580085,0.015962298566857935,0.001418452431492012,0.9978154340947584,1.0020750533199387,0.309099588894777,1.7933585102341745,348839788,61,TIC348839788_sector61.npy,0.35184807267512413
0.0001676794748016631,0.0018422425340172133,0.000158168954952471,0.9997439945158461,1.0002505397059436,0.49452686091436543,4.287197263095396,260507093,94,TIC260507093_sector94.npy,0.3516528589790872
0.0015659184684413885,0.012878003711354724,0.0016713489526732086,0.9975137395464387,1.0026210863569638,0.016079671379604848,0.7245900217094392,141941708,12,TIC141941708_sector12.npy,0.3516304979845841
0.0005561810775840154,0.004524932718828256,0.00048394482209793594,0.9992595503437715,1.0009513611423786,1.1569878799934574,3.2744452963038837,176873028,31,TIC176873028_sector31.npy,0.35153333832003353
0.0016647763102900026,0.012182000419992511,0.0017849587873103659,0.9974275850403516,1.0028047014912311,0.1400567585897499,0.3022909638600484,375059587,66,TIC375059587_sector66.npy,0.3514620517845472
0.00045014473278698835,0.00654661616744312,0.00044610623472015107,0.9993071853604586,1.0007182917626511,0.7032469006929132,6.045576390457795,176873028,62,TIC176873028_sector62.npy,0.35145445420615856
0.0009115849013481691,0.008532565804580172,0.0008167958612017975,0.9982451282741724,1.0013157558736065,-0.6755939763841092,2.701543665813359,370227780,12,TIC370227780_sector12.npy,0.35143827126126886
8.446927792268411e-05,0.0007107068731163624,8.553250661839458e-05,0.9998749273177419,1.0001505614847668,0.1820331967936611,0.4399190678196141,141810080,1,TIC141810080_sector1.npy,0.35142906894809683
0.0012260478188177975,0.009556766013776752,0.0011484764223108777,0.9983432777172976,1.0023456705295566,0.6207816799642796,1.3704739715908385,350522196,62,TIC350522196_sector62.npy,0.351395435838132
0.001398664328781767,0.01277931612423433,0.0014986826208131037,0.9979395502054423,1.002406752524681,0.4618086403448798,1.7026932635142806,149269178,98,TIC149269178_sector98.npy,0.35138874129383135
0.0016895038176423624,0.0139653877256527,0.0017726140262868035,0.9972869122717373,1.0027807432627558,0.14135322132716116,0.657947855590105,375059587,95,TIC375059587_sector95.npy,0.3513596710726101
0.0017100600720183156,0.012003347020843602,0.0017835352981012051,0.9973077863985002,1.0028322661638547,0.1881023772372509,0.07505327680490792,375059587,28,TIC375059587_sector28.npy,0.3513502753897375
0.00013305056074614665,0.0009452925671150636,8.97897568971007e-05,0.9997701821328053,1.000198909212361,-0.5027368635890151,1.4453632482356626,260507093,10,TIC260507093_sector10.npy,0.35133003487618264
0.00021514693780874574,0.002531505781065757,0.00012908321605795942,0.9997064210119152,1.0004053750602404,0.7885310401400631,3.486165909101831,260041674,36,TIC260041674_sector36.npy,0.35129605966802613
0.0005286236249736976,0.0036929352384734715,0.0003594859290027309,0.9991776930695222,1.0007013239297624,-0.9026813599324096,2.9445929974767493,374912345,8,TIC374912345_sector8.npy,0.35100413244101936
0.0008483417355963985,0.006765591349157329,0.0007216429287949101,0.9987184707976052,1.0012029213281757,-0.6325532102251821,3.159269638098773,278777070,35,TIC278777070_sector35.npy,0.3508167285344992
0.0001795472096520256,0.001877411572473786,0.00018026792501352776,0.999736306440357,1.0002932403859157,0.644820499966495,3.1573814977502206,350765991,38,TIC350765991_sector38.npy,0.350809756118192
8.204887116589223e-05,0.0007643987481663617,8.790483540265202e-05,0.999867214210459,1.0001311029528046,0.07559141527181121,0.871736435745317,141810080,5,TIC141810080_sector5.npy,0.35078880347431063
0.00013570316053864744,0.0008231099930037233,8.817537898889085e-05,0.9997971522777228,1.000234171724714,0.5559360494446328,0.5817969375514154,260507093,29,TIC260507093_sector29.npy,0.3507307365153005
0.0014266602648650064,0.013280687207464337,0.0015716325093052229,0.9977173412116912,1.0022736012629205,0.4098829492430367,2.1675032123796694,348839788,37,TIC348839788_sector37.npy,0.3506980277827349
0.00022165826212240702,0.0023858151451143783,0.00021114290289436804,0.9997355513950255,1.0004177298104262,0.8738634353260426,2.543986894560394,149988523,13,TIC149988523_sector13.npy,0.35055013485333497
0.0009680819408117301,0.006025490832746283,0.0008666881955217878,0.9987538805371086,1.0018460432751728,0.8480183060356102,1.8999503084092382,149302552,12,TIC149302552_sector12.npy,0.35045557069245886
0.000439484288937336,0.006056917976138498,0.0004454635795739306,0.999245321829925,1.0007083028207815,0.5765888235120197,6.024315633700109,370227780,3,TIC370227780_sector3.npy,0.35033826847516814
0.0010922932140369883,0.00712492954648114,0.0009488937248364659,0.9977434421734007,1.0014709899137921,-0.6056595557409138,1.060513969350625,149269178,37,TIC149269178_sector37.npy,0.3501712299827602
0.0012960327563443328,0.014553387211716395,0.0013463017155953079,0.9979751681232663,1.0020903072430143,-0.12814767817482825,1.9987057126944903,278683844,32,TIC278683844_sector32.npy,0.3499852258737218
0.0012949123668331353,0.01273101122507625,0.0014109089248632405,0.9979636717498803,1.0022268168759465,0.33129807690918567,1.4958159539513538,141941708,90,TIC141941708_sector90.npy,0.34994064536631975
0.0015872075767565169,0.012884063404342228,0.0016007963662070322,0.9974205652384619,1.0024906032249663,-0.05403499087722536,1.1102192730424267,141941708,97,TIC141941708_sector97.npy,0.34992482398864133
0.0009175309948669491,0.008799782156034719,0.0006708440841301907,0.9985099817035472,1.0012044708561476,-0.5425216922757838,3.7998210152851533,149269178,33,TIC149269178_sector33.npy,0.349915144395288
0.0007042725702019156,0.008449252892217207,0.0006824157256146308,0.9989353809304,1.0011531786599523,0.6868807810979395,5.049628641989148,167523976,34,TIC167523976_sector34.npy,0.3499033089074553
0.00016464996861262192,0.0017579024911263952,6.718847114670004e-05,0.9997339186507866,1.0002616488642433,0.4832466038295065,3.0033730070799924,260605873,6,TIC260605873_sector6.npy,0.3498915529211609
9.143499541452406e-05,0.0007094288163921325,9.839586367255589e-05,0.9998449235224032,1.0001393351181074,-0.014026833433290035,0.1407328985067866,141810080,11,TIC141810080_sector11.npy,0.3498822674331452
0.0010510459528200327,0.011783714292340486,0.0009702305274026892,0.9983356194868536,1.001545102011307,-0.3777863753805025,2.9475914105178784,149971754,32,TIC149971754_sector32.npy,0.34972929341069026
0.0015572026757441487,0.009912003664283131,0.00149186372231137,0.9977072772481209,1.002708550197003,0.3238704445704702,0.617937580519528,260708537,94,TIC260708537_sector94.npy,0.3496356046795909
0.0012439060855527304,0.010717839724814882,0.001336006563077561,0.9981682770297006,1.0019702394109187,0.5168921863674992,1.4781267836924572,150030205,28,TIC150030205_sector28.npy,0.3495983248036514
0.0006019726665298264,0.006943735505654525,0.0005799004578266213,0.9989660504463957,1.0008622353308605,-0.712178350817544,3.2341403283242407,350765991,34,TIC350765991_sector34.npy,0.34951588575795406
0.0011725042585872276,0.012002848212301909,0.0012867910369263305,0.9981591239821782,1.0019463473639614,0.37491372592498323,2.090594599645554,150030205,64,TIC150030205_sector64.npy,0.3494535986753153
0.0006018289611944954,0.007656605557452401,0.0005359491814378542,0.9991459292868098,1.0010180572716614,-0.3733906442174487,5.497490141297144,176873028,13,TIC176873028_sector13.npy,0.34937492816697235
0.0013411931921940023,0.012088290401149338,0.001406241952674156,0.9977839394168418,1.0021284683137686,0.4028604302353995,1.7746057130687332,348839788,36,TIC348839788_sector36.npy,0.3493665163599475
0.0001282416420167727,0.001622363718547959,8.404472389576311e-05,0.999795520834537,1.0001976034684847,-0.07633934045280075,2.5664879998340497,260507093,32,TIC260507093_sector32.npy,0.3492718542068568
0.0002699651486155553,0.002538341040615899,0.00022545049838007425,0.9996645069133252,1.0004864934196542,-0.45174843309734597,4.844716258028404,370227780,35,TIC370227780_sector35.npy,0.3492193892528125
0.00017616096560548565,0.0015380666380573338,0.00011380205371354305,0.999636754273286,1.000241433974699,-0.4869696642225488,1.7681010618808894,260507093,38,TIC260507093_sector38.npy,0.3491513257403666
0.0014439601522230016,0.014459790076823409,0.0015590944784262,0.9976978798638348,1.0024369107362712,0.2649159846216938,1.2212792713030192,348839788,39,TIC348839788_sector39.npy,0.34907095749883194
0.0002876992053173529,0.004401037699132582,0.0002102520798283447,0.9995644686155107,1.0004531417779925,0.04560950812811837,6.2684585318384265,150392584,30,TIC150392584_sector30.npy,0.34904301269653343
0.0011544158897965249,0.011055820291402618,0.0011675925271474833,0.9982946588949405,1.0018242244727493,0.37478602477663797,2.5065525592463427,370227780,61,TIC370227780_sector61.npy,0.3489608625772813
0.0012708854016043145,0.011546825368248581,0.001393685903983897,0.9979688076158566,1.002090576503435,0.3543363642901215,1.5838480074297303,278683844,38,TIC278683844_sector38.npy,0.3488982665739699
0.00022315282666061613,0.003060066107325121,0.00022355464435743896,0.9996649417795197,1.0003344299160142,-0.08795254026090031,5.121818697006185,260041674,98,TIC260041674_sector98.npy,0.34885336800322203
0.00014175707695030697,0.001633593589902227,8.253356520103465e-05,0.9996901360065643,1.0002008314849873,-0.1771457135895176,2.341931437747145,260507093,7,TIC260507093_sector7.npy,0.3487891265587319
0.0005727519624448564,0.00599155426468212,0.000522936644654731,0.9990206926530161,1.0008243774407481,-0.7512647223890999,3.047042823390287,350765991,13,TIC350765991_sector13.npy,0.3487614904017432
0.0001694877214301319,0.0011052477487147883,0.00015074328343215332,0.9997359364414687,1.0002732149048408,0.6727112289235558,1.5296261223836147,141810080,35,TIC141810080_sector35.npy,0.34868403635802503
0.0014441229940952457,0.009756075214107929,0.002067224200131212,0.9976633077762884,1.0024182459816116,0.033980339318348284,0.06363913496071882,287298969,93,TIC287298969_sector93.npy,0.3486040144119204
0.00020318783136803807,0.0021008147869687743,0.0001888078149424102,0.9997170067163932,1.0003565664641478,0.7557207424053701,2.724434620956311,142108949,13,TIC142108949_sector13.npy,0.34855474545272463
0.000160450696612236,0.002035154098397385,0.00014841507314450477,0.9997635991692371,1.0002602777412755,0.2818014563668635,3.8705120696130217,142108949,61,TIC142108949_sector61.npy,0.3485532514052135
0.0013948993465177683,0.01252544903625663,0.0015271040438952185,0.9978454150908372,1.0023394796810343,0.30885712321707004,1.2871655890823819,348839788,64,TIC348839788_sector64.npy,0.34847224763040086
0.0014751127830417877,0.009299238088473993,0.0013915998697182604,0.9969296003717392,1.0021090880029377,-0.21975852004866228,0.1842891150657433,141941708,4,TIC141941708_sector4.npy,0.34843032260674855
0.0008980685143096734,0.00659933096726939,0.0007129762283402875,0.9985147205165078,1.0012711664961191,-0.7571675792207907,2.098035543433207,350823719,32,TIC350823719_sector32.npy,0.3483709680939543
0.0014799397649990827,0.011060911569770071,0.002143626740113935,0.9976181905392544,1.0023874269579258,0.06121988381849678,-0.04976873279015814,287298969,94,TIC287298969_sector94.npy,0.34828519320899093
0.0013947241909150706,0.012658652600886056,0.001493722240106832,0.9977885880903665,1.0022228997003368,0.32057171831262826,1.049800343154482,348839788,31,TIC348839788_sector31.npy,0.3482323909601676
0.0013564396617902574,0.009290945475504242,0.0019448616976718602,0.9978090250597956,1.0021686030939971,-0.045065966731950305,-0.26218413892677983,287298969,87,TIC287298969_sector87.npy,0.3482044934913448
0.0012123384671903984,0.011585547444249111,0.0012749926707231196,0.9980494019326083,1.0019210652007189,0.2726183111953619,1.4581203913629306,150030205,98,TIC150030205_sector98.npy,0.3481690328790741
0.0013329211107981865,0.012939144746307196,0.0014175182636768685,0.9978277448225119,1.0021398786728495,0.2962247670923137,1.1056653274139006,278683844,67,TIC278683844_sector67.npy,0.3480110755310718
0.00016516630176209736,0.0012344703760764908,7.457638640501077e-05,0.9997626588116775,1.0002871411830403,0.5543227265093785,1.1100225578502272,260605873,66,TIC260605873_sector66.npy,0.34797172760482786
0.0014012266388357775,0.011989491435366428,0.0014916923678774915,0.9978029698839648,1.0022402429128,0.2452963066275978,1.4467973688816747,348839788,28,TIC348839788_sector28.npy,0.3478498181124436
0.00036808503037718166,0.005058900706257474,0.00022977785868054842,0.9992482510278905,1.0004824921116922,-0.3064348036080846,5.1385714562549065,150392584,31,TIC150392584_sector31.npy,0.3478098534199635
0.0013380052148510482,0.009578728238760603,0.001091137639066732,0.9981804704302435,1.0027040640673284,0.3280725689222528,0.5507487133396252,149971754,11,TIC149971754_sector11.npy,0.3477134715724869
0.0012956672047615368,0.009672627077673468,0.0007544218057335167,0.9981289079586826,1.0026797004160226,0.17001289778557802,1.0065161078583849,350823719,94,TIC350823719_sector94.npy,0.34750025976798143
0.0014426845507770683,0.013403673001357697,0.0015393557102334067,0.9977406340017771,1.0024023534011333,0.21868010826959777,1.4062975370326747,278683844,39,TIC278683844_sector39.npy,0.34745710381874506
0.0011519340231692613,0.01010253161033381,0.0010240742138366249,0.9983741739498522,1.00200266099035,0.522517545836175,1.8470295773211722,149971754,38,TIC149971754_sector38.npy,0.34729008163130465
0.00015915750741380763,0.0012506548882352808,0.00015120316501684514,0.9997858874108684,1.0003092290736686,0.5760241432392312,1.0307809119312434,260041674,27,TIC260041674_sector27.npy,0.34728403252984086
0.0015478183974895015,0.012539273121980221,0.001611720624223535,0.9974534050907127,1.0024587617786012,0.1138782100251928,0.5379167641352356,260708537,27,TIC260708537_sector27.npy,0.3472757487119135
0.0013430952796974456,0.011612401395206251,0.0013988880777921421,0.9979777520455907,1.002233457683877,0.39309354180395656,1.098673221008477,348839788,67,TIC348839788_sector67.npy,0.34727206787726156
0.00017633510259715764,0.0020556566717134794,0.00016650309213868367,0.9997470797054557,1.0002786295622885,0.44533630089704374,3.2875720533771693,260041674,61,TIC260041674_sector61.npy,0.34726449279428256
0.001366008690814362,0.012590484476684094,0.0013935604633532625,0.9979345704989281,1.0023111805040932,0.2913476343580144,1.2057974487111727,149269178,97,TIC149269178_sector97.npy,0.34722360389191237
0.001289548000956498,0.009417980435375228,0.0007657665944095073,0.9979568764442164,1.0019905008786218,-0.38168360872527834,0.6338234743226505,350823719,87,TIC350823719_sector87.npy,0.34717934085866897
0.0012995253002294868,0.011945265846211472,0.0014014734010003966,0.997965550749088,1.0022516448165146,0.27324372538048186,1.0013119265904322,348839788,35,TIC348839788_sector35.npy,0.34715561550271345
0.001494808241478767,0.012102219970179906,0.001630828473580059,0.9975437426799839,1.0023586933847868,0.22980457489818598,1.0932486317894448,260708537,28,TIC260708537_sector28.npy,0.3471258432097295
0.0001775143000128385,0.0020498772826792466,0.0001672727913401204,0.9997394259024547,1.000302163507645,0.38253055642695954,3.428897902198604,149988523,37,TIC149988523_sector37.npy,0.347115434846451
0.00022201608735908585,0.0023898684801457737,0.00019987422856918594,0.9996715729803547,1.0003572391576327,-0.46544614071484247,3.7347983644289497,149988523,2,TIC149988523_sector2.npy,0.3470242546968687
0.001333236814753221,0.014429309683817837,0.00144787548311837,0.9977954843764617,1.0021019336173855,0.2339332233948734,0.9801140030390725,348839788,68,TIC348839788_sector68.npy,0.3470119991938781
0.0001836064381420615,0.0014412425474072954,0.00017923797861365068,0.9997540305193956,1.0003693628730443,0.8174094325566543,1.6723075727505599,149988523,32,TIC149988523_sector32.npy,0.3469448495994714
0.001411286700566196,0.015428617822943358,0.0014075246380374998,0.9977976296050025,1.0022473003484194,-0.029470714776413928,1.2123727247677865,348839788,69,TIC348839788_sector69.npy,0.34692224775883146
0.0001945204286829803,0.0021987578758674298,0.00011376034642376989,0.9997103689093021,1.0003186035341614,0.4796120270182711,2.9675537756272226,260605873,39,TIC260605873_sector39.npy,0.3468519922396985
0.0012681761462710914,0.011001876317675796,0.0013733812172337663,0.9980093312066947,1.0020839723414923,0.4024460529463323,1.5562738176775417,278683844,37,TIC278683844_sector37.npy,0.3468404822095627
0.0013723407198289385,0.00788679531947134,0.0019853874971229564,0.9976784042174576,1.0022938061548095,-0.05214047309871598,-0.21279683800894844,287298969,90,TIC287298969_sector90.npy,0.3468171254413478
0.001365388211621267,0.012317076539642757,0.0012908254924103371,0.9975112885764528,1.0020129258219401,0.017343593116463777,1.1271449181132969,278683844,69,TIC278683844_sector69.npy,0.34678154909298975
0.0013391854362051342,0.01130242498020917,0.0014167487606938133,0.9979250397035154,1.0021274806664444,0.3263155486440054,1.2515691408747323,278683844,64,TIC278683844_sector64.npy,0.34673572177938133
0.0011915183545049023,0.0108782133997678,0.001328909595464962,0.9981076896030867,1.0019433254631358,0.4011148287396876,1.4965857037844463,260419879,63,TIC260419879_sector63.npy,0.3467241120089071
0.0012797323246620104,0.0116554651988513,0.0013849271435468322,0.9979911127663121,1.002133719411039,0.283032170285028,1.045103386828071,278683844,34,TIC278683844_sector34.npy,0.3466925383275486
0.0010681322455016171,0.01103998502716319,0.0010138312287257905,0.9984280674262032,1.0018113650750533,0.35538318777209815,2.338407881280599,142108949,68,TIC142108949_sector68.npy,0.34662386636356707
0.0007843977777780003,0.009255874427913868,0.0007663046718810618,0.998634882113445,1.0011820625552057,-0.5193311035615168,3.380110168409618,350765991,39,TIC350765991_sector39.npy,0.34659411837002285
0.0014809118177596572,0.012696725192607117,0.0016448853642540978,0.9975710225198138,1.002404923973115,0.062227977354985094,0.6920868123982844,348839788,33,TIC348839788_sector33.npy,0.3465701421895605
0.0013947605520017402,0.012267131726969582,0.0014887897060991535,0.9977192910377023,1.00233664386833,0.25238305698491503,1.0630312970278943,260708537,62,TIC260708537_sector62.npy,0.34647798047334605
0.00015743608737006922,0.0014940241992361658,6.662619165399027e-05,0.9997447199315337,1.0002432954176905,0.34073051089944256,2.1087619285312202,260605873,62,TIC260605873_sector62.npy,0.34647418327644053
0.00017650927078412354,0.002267601235634409,0.00014720345685807898,0.9997201830668794,1.000281836393355,0.3864002108382778,3.398754035413001,149347992,32,TIC149347992_sector32.npy,0.3463799078315594
0.0012790284758323644,0.01375336936158511,0.001386782869792825,0.9979064351239036,1.0020814178842326,0.18471034705584904,1.0797032749669189,278683844,88,TIC278683844_sector88.npy,0.3463512582680365
0.0001232626603057248,0.0010711633260821474,9.994472013640863e-05,0.9997994940156129,1.0001907051005234,-0.2827477039633088,1.2397515643369044,260507093,31,TIC260507093_sector31.npy,0.3459569411565076
0.001426965394204076,0.012038861669937395,0.0014754899940625735,0.9977831739107138,1.0024803657188366,0.2903493898833049,0.7086461079899729,260708537,96,TIC260708537_sector96.npy,0.3459550895799583
0.0005346683086280755,0.0060713123312234885,0.0004638067011178922,0.9993006357838577,1.0008738496718412,0.5447570569213227,4.560134841218046,370227780,97,TIC370227780_sector97.npy,0.3459128459821998
0.0014789941699710483,0.014993548095142861,0.001501722344177614,0.9975981885346122,1.0024038631195118,0.09276007958024589,1.2154492135730655,348839788,27,TIC348839788_sector27.npy,0.34587566736355524
0.0001361074302471921,0.0011534585964304567,0.00011508829679620287,0.9997801542531668,1.000203458611456,-0.29626389726771657,1.4739062303484625,260041674,31,TIC260041674_sector31.npy,0.34583889423118075
0.00012624461000947847,0.0011160838771928638,0.00013728736107929997,0.9998100005857107,1.000214239056722,0.44940948902137323,1.5702191434464634,141810080,37,TIC141810080_sector37.npy,0.34564275019730656
0.00017903938416958599,0.0012626488309218642,9.548097585186686e-05,0.9996966417560461,1.0002654725168296,-0.489249210378273,1.2334982796253229,260605873,33,TIC260605873_sector33.npy,0.3456377602219409
0.0013204335705091859,0.012552850035323693,0.0014522148147463785,0.9977850887677354,1.002192555248163,0.17165425357705613,0.8875609766453558,348839788,95,TIC348839788_sector95.npy,0.3456336679980538
0.0014534126091220688,0.012648955027021902,0.0015889669839020601,0.9977024259988081,1.0023965460697466,0.03271493872086392,0.7132988747635012,260708537,64,TIC260708537_sector64.npy,0.3455547755910051
0.0013797179620200337,0.012493983060126168,0.0015282375803457704,0.9977088211884086,1.002127491180743,-0.05544564461969717,1.0472816292669682,260708537,63,TIC260708537_sector63.npy,0.34551269888555586
0.0015325074725707135,0.010907092186273393,0.0015779732831822393,0.9970087931385639,1.0023907916592951,-0.04104925240152078,-0.08965704028182975,141941708,34,TIC141941708_sector34.npy,0.3454929794889684
0.001478902190183165,0.011508904803568587,0.001546875960569059,0.9975236688238908,1.002368286655817,-0.14866791484890027,0.23449309492452963,141941708,30,TIC141941708_sector30.npy,0.3454758099138561
0.0011796051105704688,0.010806161440023221,0.0012630720505126998,0.9981944163050295,1.0018524696106184,0.35274668102132317,1.4798533396830775,150030205,94,TIC150030205_sector94.npy,0.34546218131838186
0.0011576596984586775,0.012468616841303293,0.0011468814149879557,0.9981817898098033,1.0018566537717704,0.30300668948483256,1.6957591791013504,260162387,6,TIC260162387_sector6.npy,0.34537716872054625
0.0014220591064625205,0.010405229985717135,0.001449978225549333,0.9977587894565242,1.002614032268055,0.16647118198241925,0.3530707769244841,348839788,94,TIC348839788_sector94.npy,0.34521533884930644
0.0002947901409285344,0.0025914209241197916,0.00022897135426958252,0.9995190404719153,1.0004411377819362,-0.7189331800376674,1.957120703295816,260605873,37,TIC260605873_sector37.npy,0.3451685560034491
0.001379382768529142,0.008864271784691735,0.0018889005123577161,0.9977857401433058,1.0022714993325506,0.009231833963740197,-0.13601800597200908,287298969,89,TIC287298969_sector89.npy,0.34515967608747355
0.00017206504438649768,0.0013432297316123831,7.935376145468034e-05,0.9997481901718289,1.0002646785996314,0.5148260038659813,1.3904741654328179,260605873,63,TIC260605873_sector63.npy,0.34503948599147094
0.00013038318289321606,0.0011924852811064923,8.305274739272929e-05,0.9997945775448106,1.0001989076499649,-0.21033068073929137,1.3128782273922681,260507093,4,TIC260507093_sector4.npy,0.3450296158291622
0.001535195605973296,0.011285501824331856,0.0015718828894726727,0.9975280138599835,1.002536570405761,-0.06950111628765017,0.27030171758691246,141941708,13,TIC141941708_sector13.npy,0.3450274284445266
0.0013163467583796747,0.01238082533986451,0.0013890393648795132,0.99792745914699,1.0021052477518124,0.20364240304278308,1.2043617358687042,348839788,32,TIC348839788_sector32.npy,0.34499694855575497
0.001367455871021647,0.01317934248818653,0.0011444934962036297,0.9979034829008969,1.0022310424164023,-0.03909536641891927,1.3985675935878215,260162387,3,TIC260162387_sector3.npy,0.34495418893260715
0.0001583369976007662,0.0018486433449504958,0.00014719355811308342,0.9997432911646711,1.0002525301410248,0.21413571776388968,3.424572236339488,149988523,35,TIC149988523_sector35.npy,0.34494330374093396
0.0012751144646657793,0.01042974431764887,0.0014118232801858387,0.9980452722347379,1.002159980364199,0.2616562767593885,0.8896275655765287,278683844,33,TIC278683844_sector33.npy,0.34490483950503703
0.00016311419237818758,0.001405600601057988,0.0001638468252900858,0.9997385727148581,1.0002580028310921,-0.4295807920443914,1.5573015272693933,260507093,88,TIC260507093_sector88.npy,0.3448798674681052
0.0012941167610664036,0.012116621566608865,0.001366397267315173,0.9979262381996932,1.0020566710916672,-0.031163237777949354,0.8530058987240583,141941708,94,TIC141941708_sector94.npy,0.34476003659037957
0.0005889443341049347,0.006768038850044733,0.0006009876342437179,0.9991399475551189,1.0009527259539723,0.7523142262256166,3.5514586403491597,350842552,10,TIC350842552_sector10.npy,0.34461594990273586
0.0014455441633521042,0.009194870793227006,0.0015840271209681353,0.997543042999368,1.0022934264704948,0.07076283286563398,-0.11773956827058196,141941708,32,TIC141941708_sector32.npy,0.3445725542696403
0.0013364300994365406,0.011757028554722493,0.0014215411987094182,0.9978896643344738,1.0023207677140833,0.07654111180616323,0.9753351390517908,141941708,68,TIC141941708_sector68.npy,0.3445711426407723
0.0011378369084368285,0.008545379189078939,0.000753080374036439,0.9981733559965829,1.001836113153208,-0.3721152137035906,0.9133879394114777,350823719,93,TIC350823719_sector93.npy,0.34455142670812444
0.0001230292193688145,0.0012152559164704257,0.00012635498479749547,0.9998191935202322,1.0002020475304716,0.29220977399238746,2.0814288077918537,149988523,90,TIC149988523_sector90.npy,0.3444488162640876
0.0013939905611214016,0.011904312803780015,0.0014278649828592875,0.9977438327519764,1.0021877395087821,0.19134488322011423,1.2863099993266163,348839788,97,TIC348839788_sector97.npy,0.34440564392083556
0.0009771693295836928,0.00821664073545414,0.0007551870307314491,0.9983733402455482,1.0012346051357945,-0.41968480805425923,3.087365917977473,350765991,98,TIC350765991_sector98.npy,0.34438717093078325
0.0012456433468560793,0.009736080122903945,0.00136599171425322,0.9980837263047407,1.0021428030463673,0.2950060329681841,0.5700694105030086,278683844,62,TIC278683844_sector62.npy,0.34435921874471787
0.00016102992265873883,0.0013025676200679737,0.00016600403304489793,0.9997693425758971,1.0002867320359352,0.5274987197522315,1.4062010678229528,142108949,27,TIC142108949_sector27.npy,0.34426482714071033
0.001095236416307333,0.011044387895013608,0.0010480515670431639,0.9982298968012691,1.0017595108622637,0.4738246751964149,1.6395183894837881,149971754,10,TIC149971754_sector10.npy,0.34424283879091505
0.001308728883646348,0.010668437881837578,0.0012660879532250392,0.9978023067720266,1.0019336073614842,-0.1823327952486656,0.6962445074930481,260419879,93,TIC260419879_sector93.npy,0.3442168059564031
0.0008045078089630968,0.007955803838629372,0.0006286436314435865,0.9988469078933527,1.0012368189919028,0.6727108656213103,3.61209918625061,149269178,69,TIC149269178_sector69.npy,0.3442149860965675
0.0014935054399945091,0.010267842510025993,0.0016255160609037896,0.9977036230071608,1.0025415087132004,0.08641268901271744,0.046914192245200326,141941708,35,TIC141941708_sector35.npy,0.34417187958927736
0.00016276522556090965,0.0014437082137569446,7.004142355863125e-05,0.9997302745358457,1.0002580223836828,-0.2776876436368142,1.017327161696704,260605873,69,TIC260605873_sector69.npy,0.3441033040927074
0.0013315934914210278,0.012914439638846642,0.0014862475634791796,0.9979649145197712,1.0022361025874422,0.1550335681043518,0.7088809676448191,141941708,38,TIC141941708_sector38.npy,0.3440703156002844
0.00018058711066016559,0.0010109783951808282,7.347972198602976e-05,0.9995825321279099,1.0002457423851026,-0.32508797767523534,-0.04114711429617923,260605873,29,TIC260605873_sector29.npy,0.3440692323387248
0.0011228305306224561,0.01011752313996106,0.0011980872264288262,0.9982171576294349,1.001904129629497,0.25706265537727113,1.116197170267565,150030205,69,TIC150030205_sector69.npy,0.3440416973523978
0.00014728616728609147,0.001520768635203562,0.00015446851978759767,0.9997780487986614,1.0002416042224986,0.38712090832861207,1.9807676822632931,260507093,90,TIC260507093_sector90.npy,0.34403519208063094
0.000988190114960684,0.009322277739991391,0.000733581882895184,0.9984816547298677,1.0014162647882134,0.4587941228329348,2.9609559720568983,350823719,98,TIC350823719_sector98.npy,0.3440346043375597
0.000146745119640252,0.001203909598852082,0.00013507660702081453,0.9997433688743442,1.0002125306549712,-0.3283656773088215,0.9425399496661853,260640910,68,TIC260640910_sector68.npy,0.34402740167024914
0.0013187586123367288,0.012117658248744778,0.001401007295891882,0.9979310615855448,1.0020179112856773,0.06913788185117736,0.9211969158469322,348839788,62,TIC348839788_sector62.npy,0.3440071633890894
0.0007494006593052881,0.009233597371644642,0.000709848695988223,0.998880699509719,1.001210638160335,0.5639401594864057,3.467744242077984,167523976,95,TIC167523976_sector95.npy,0.34399424332639156
0.0013361850733369773,0.008112608908599106,0.001823611383871294,0.9977260212149197,1.0021362762332742,0.08052677127102789,-0.1848198682815605,287298969,88,TIC287298969_sector88.npy,0.34398155195880176
0.0014627463505042571,0.0118927700100937,0.0015529556268486851,0.9977598877129957,1.0024019925575058,0.05756529921497783,0.11051208106668797,141941708,8,TIC141941708_sector8.npy,0.3439805270862548
0.001328415561414453,0.011667787902305937,0.0014250817834329603,0.9977693793461312,1.0021145029931082,-0.000713926113673716,0.842254096215834,260708537,93,TIC260708537_sector93.npy,0.34393074189004214
0.000226874349350389,0.0018566253084916218,0.00020316861920441486,0.9997108404245746,1.0004191863923797,0.7301436550371656,1.587090756234141,150392584,95,TIC150392584_sector95.npy,0.34391862427556
0.0014695780438197098,0.011838385109322225,0.0015092268383267553,0.9975439888326979,1.0023742287345279,0.06128256790738299,0.3130929979290382,260708537,67,TIC260708537_sector67.npy,0.3438633229307102
0.0011601294926250015,0.008764611504201825,0.00039824461359941885,0.9982957655307003,1.0018665522450898,-0.22556634409346787,1.8670977711194698,278777070,7,TIC278777070_sector7.npy,0.3437976669345248
0.00017843385542149935,0.001455062651136041,0.00014417778007273197,0.9997016090773649,1.000266434359115,-0.4150498282808269,1.7086478648647025,260041674,32,TIC260041674_sector32.npy,0.3437307121229944
0.0012414337316647515,0.011262394676502918,0.0013689153448816695,0.9980757818401098,1.002135767921723,0.21176402421176918,0.847469405618158,278683844,29,TIC278683844_sector29.npy,0.3436969056070904
0.0014493800756262276,0.012244867795065506,0.0015406991693743002,0.9977071342754338,1.0023890911405111,0.14490352686388228,0.35618795558309513,260708537,61,TIC260708537_sector61.npy,0.3436727513270736
0.00013965780332748898,0.0013075596286454827,0.00010575988006919164,0.9997794674096377,1.0002238418830856,-0.19144208338745364,1.307614117148205,260507093,34,TIC260507093_sector34.npy,0.34361718575891087
0.00024041435604599598,0.002258870080091069,0.00024047285482252696,0.999668749513912,1.0004564357869865,0.8072143668779677,2.173166095469557,142108949,36,TIC142108949_sector36.npy,0.34361238816901885
0.0010240689102541925,0.012174415161433694,0.001043174903125126,0.998436741054944,1.0016749763909858,-0.05124998072982645,2.5411731011834933,370227780,95,TIC370227780_sector95.npy,0.34361101562983215
0.001326903924241708,0.01042668359330623,0.001403185108991354,0.9977183863583786,1.0020203444468538,-0.16753623086254107,0.31682531904357614,141941708,95,TIC141941708_sector95.npy,0.3434374197895861
0.00013266469105882356,0.0010951936350114266,8.149357030138911e-05,0.9997834506460094,1.0002183556988051,-0.1969211049557906,0.5741200156439716,260507093,65,TIC260507093_sector65.npy,0.34333377366535694
0.0014292431662499352,0.011409813676925173,0.0015110518945521433,0.9978033226916817,1.0023598280494033,-0.017050598558332894,0.19206595984481867,260708537,68,TIC260708537_sector68.npy,0.343301331032874
0.0013497005526585078,0.010107056594062636,0.0012887786739988192,0.9979430442024182,1.002317794270677,-0.12110856648840643,0.5495334728349848,141941708,69,TIC141941708_sector69.npy,0.3432815794321261
0.000982775544654627,0.0096576968038119,0.0010493360147548652,0.998592846737872,1.0018010473452315,0.4328636613846357,1.5283163479130284,350522196,63,TIC350522196_sector63.npy,0.34325625117781533
0.001440979256024185,0.011488225940985197,0.0015366366675758475,0.9976503526146288,1.0022863753731603,0.17719226049654593,0.9065389752678015,260708537,65,TIC260708537_sector65.npy,0.34324180607879873
0.001384358352595411,0.011395984093867884,0.0015251978206897345,0.9978003794529713,1.0024197348079977,0.07923190172178013,0.3594080885556181,260708537,89,TIC260708537_sector89.npy,0.3432243126835702
0.0013655775255320113,0.01159332589735218,0.0015160459778269103,0.9978586283834834,1.0022071919939293,0.16230370760418014,0.7747735402389972,348839788,29,TIC348839788_sector29.npy,0.3431706409318166
0.0002046569880644695,0.001659278382485141,0.00021083564631651567,0.9997045187842538,1.0003525964616526,0.7108273682512991,1.6142242708500518,260041674,35,TIC260041674_sector35.npy,0.3431638983167861
0.00015612827488201028,0.0014085857894817755,0.00010801764039690684,0.9997539910829374,1.0002745119245127,-0.3102491247698543,1.0687840925684,142108949,12,TIC142108949_sector12.npy,0.34312229253109144
0.001409670470344346,0.011281564932060006,0.0015258743636528066,0.9978123841709483,1.002306450183111,0.004659006226889874,0.5371966795954943,141941708,11,TIC141941708_sector11.npy,0.3431213901372003
0.001391155658209463,0.011586101201379928,0.0013846252658250664,0.9975758692982438,1.0021644745650915,0.22881656829136782,0.43793311585016514,348839788,66,TIC348839788_sector66.npy,0.34305482748359983
0.0013287449557300485,0.011865904758565637,0.0013888434072843957,0.9977937051195213,1.0020807626858923,0.15128171237296936,0.3940032745179294,348839788,96,TIC348839788_sector96.npy,0.34304779590621054
0.00016264291600688515,0.001589309739565281,0.0001667120350542238,0.9997696517892377,1.0002873937756447,0.4998419936552484,1.9207322705489274,260041674,89,TIC260041674_sector89.npy,0.34301308628504795
0.0011299217040413648,0.009916478158591202,0.0012581574744183373,0.9982287952290406,1.0018301489729224,0.2651683496340352,0.8360074430596645,150030205,89,TIC150030205_sector89.npy,0.3430124457163487
0.001364955463979093,0.011543183991192807,0.0013021397770981965,0.99757363726751,1.0020589308460914,0.039488887462688846,0.4832787730677284,348839788,98,TIC348839788_sector98.npy,0.3430121878380186
0.0011881057045041044,0.010486056896405582,0.0012283108675403048,0.9981203990817743,1.0019248426445713,0.2074344862003544,1.4001620707198033,260419879,96,TIC260419879_sector96.npy,0.3429816511147757
0.00019009432635792427,0.0017469915827119653,0.00019762822606474826,0.999714959536246,1.0003147140011681,0.6286837467629777,1.951005596376632,142108949,28,TIC142108949_sector28.npy,0.34292604001672444
0.0013138375430578168,0.009687751712243342,0.001366925348038292,0.9979451729444493,1.0023531765159246,0.19871651380453548,0.39548046010405136,278683844,93,TIC278683844_sector93.npy,0.3429204316035119
0.001394505571023522,0.0123745395204925,0.0015439027784391523,0.9977696408864092,1.0022239537645,0.09521902022020197,0.7258917540415535,348839788,90,TIC348839788_sector90.npy,0.3428960293661215
0.0011771031705885557,0.010574352208098214,0.001289039288084077,0.9981778884108653,1.0020047591380372,0.25834002939072753,0.6066555322774687,260419879,65,TIC260419879_sector65.npy,0.3428856347391907
0.00011906262018873325,0.0010438131084046232,0.00013079933907614018,0.9998110285872248,1.0001942620509137,0.3108643343068708,0.9427710063320012,260605873,89,TIC260605873_sector89.npy,0.34287550906841413
0.0012598183143859082,0.009775029947528657,0.0013760509882888585,0.9979011974464861,1.0020787853818356,-0.11140932508967528,0.3994224617519633,141941708,93,TIC141941708_sector93.npy,0.3428031175674691
0.0012124383811809806,0.010444443045102725,0.0013092250857416503,0.9980879200748103,1.0020741945671536,0.2215305784719329,0.9888054564467228,150030205,67,TIC150030205_sector67.npy,0.34271246123536553
0.001236943975313825,0.010245806897833831,0.001352319870923407,0.9979992503664435,1.0020426980833999,0.11263048643846055,0.3303094063526668,278683844,36,TIC278683844_sector36.npy,0.3426125010347777
0.00012853663472717555,0.0008865470120993368,0.00013013582428969905,0.9998049870287371,1.0002175851688522,0.2692347337947247,-0.0446439482185208,350298145,11,TIC350298145_sector11.npy,0.3425990286532042
0.001241455606124776,0.009924953720468865,0.0007510267930446615,0.998026184731728,1.0021047598663693,0.2093938637494678,0.37608809395361487,350823719,88,TIC350823719_sector88.npy,0.3425385558764256
0.0011833888035677118,0.011366210662610787,0.001262540453556277,0.9980788303452074,1.001963308158835,0.036272084773649786,0.622826870336656,260419879,69,TIC260419879_sector69.npy,0.3425300129459498
0.000253782733246579,0.0034608026723503826,0.00023152679760916664,0.9996267549646962,1.000397752148821,0.11545140508875827,5.048310487436389,149988523,62,TIC149988523_sector62.npy,0.34251154073226964
0.001367207759184923,0.01140623827346643,0.001478010227897213,0.9977699561216319,1.0022779799078947,0.057880586534904105,0.555599758495612,260708537,87,TIC260708537_sector87.npy,0.3424574821496665
0.00014151477755848174,0.0010588710763578257,0.00013740429735796663,0.9997712891139456,1.0002252213156266,-0.234939617758772,0.41677136912754253,260640910,66,TIC260640910_sector66.npy,0.34241548975473757
0.0013815682389520503,0.011899210778171021,0.0015158527123540764,0.9977030535923129,1.0022140664622892,0.04827605832522159,0.5157229164211641,141941708,37,TIC141941708_sector37.npy,0.34231719520650905
0.0014791854290851691,0.01066134066203861,0.0015793748423031803,0.9976578783096427,1.0023903032048758,-0.06396614383287427,0.03103055199675353,141941708,27,TIC141941708_sector27.npy,0.3423104112902967
0.0013882794532823464,0.010799499071389107,0.001533243781069993,0.9978151057480115,1.0022927279464353,0.06989188061923822,0.23847074315960404,141941708,5,TIC141941708_sector5.npy,0.342301066586261
0.0001520656749647059,0.0012681809045141934,0.00011575491345601195,0.9997390555659615,1.0002343193825076,0.25526587594187095,1.5238616843710826,350298145,30,TIC350298145_sector30.npy,0.34229837680790187
0.0012796972532380893,0.009926865517022154,0.0013244084703372219,0.997930011846112,1.002258924946757,-0.017502889244537995,0.33907318316091883,278683844,96,TIC278683844_sector96.npy,0.3422635697782721
0.0013418290546867767,0.01064879414129516,0.0014896137574741354,0.9977730317361784,1.0020938466280518,0.02832725343925951,0.38852542568701987,141941708,36,TIC141941708_sector36.npy,0.3422294200078338
0.0012297093231134898,0.009824129538250403,0.0013396171873409624,0.9979846460284544,1.001961796889708,-0.03042004156907945,0.21513218866726458,141941708,3,TIC141941708_sector3.npy,0.3422259063204331
0.0013183188399136672,0.011318379816327884,0.0013963909832276254,0.9979925580369021,1.0022215019525154,0.06724238323035513,0.4412934866677265,278683844,68,TIC278683844_sector68.npy,0.34209835839787445
0.0014721997698768671,0.011006773030091788,0.0015534948795339304,0.9976720232180992,1.0023530404210341,-0.05897982029769743,0.2276174931290833,260708537,95,TIC260708537_sector95.npy,0.3420748004780134
0.0001065277769147642,0.000878118724369048,8.015281623888471e-05,0.9998319885539255,1.0001795980612913,0.14977000271269567,0.4214678549203206,260507093,28,TIC260507093_sector28.npy,0.34206054997800095
0.0011715168977380291,0.01059165658492478,0.0011525800909175073,0.9980828351300127,1.0020001848369249,-0.21798773757776593,0.9430087114002887,150392584,69,TIC150392584_sector69.npy,0.3420570006858399
0.0012202782881054945,0.009721668481191825,0.001355662967369851,0.9980220767828114,1.002024998551566,0.06666017891806193,0.2773870651868138,278683844,89,TIC278683844_sector89.npy,0.3420257380613226
0.0001284709414513096,0.0011858633909261895,0.00013738054559181667,0.9997914842628003,1.0002079791044818,0.3720499951989239,1.3626879149699338,141810080,66,TIC141810080_sector66.npy,0.34193929738613676
0.00041638719257560536,0.004375720987125353,0.0003947543684825408,0.9994122822568798,1.000673918061618,0.7277900010021754,3.2935126626500875,260659557,65,TIC260659557_sector65.npy,0.3419123110127633
0.0007126636165779649,0.00818946832711731,0.0006572382293646758,0.9988621038689811,1.001104549875389,-0.4883517311331728,3.100950424587503,142108949,88,TIC142108949_sector88.npy,0.34188369051314044
0.0011858990535184876,0.010641770147950647,0.0012521542241404789,0.9981878025112664,1.001875940742127,0.18209768698885076,1.2395391690072355,260419879,68,TIC260419879_sector68.npy,0.3418786828947461
0.0013276457675768616,0.010822554412704188,0.0014480213192043345,0.9979408037635326,1.002264049005267,0.21490375797681188,0.6754191657325119,278683844,28,TIC278683844_sector28.npy,0.3418595457599731
0.0013354032378608226,0.011166421812969451,0.0014770339738788356,0.9978165203271451,1.0021137269005844,0.011227452423446256,0.2503542523178188,141941708,64,TIC141941708_sector64.npy,0.34185329180982305
0.0001286852496581852,0.0012187890134964796,0.0001288599562674882,0.9998016123433404,1.0002102178119028,0.36646381205796563,1.2131589552402664,350765991,61,TIC350765991_sector61.npy,0.34181320134362747
0.001303438866062071,0.010142848868951782,0.001426766320655869,0.9979348955347894,1.0020578674419613,0.06384295119532125,0.4076237549145665,141941708,33,TIC141941708_sector33.npy,0.3418044816241187
0.001434228006761568,0.01036240399851529,0.001559635073218816,0.9975466970785709,1.0022110900765837,-0.05507672662316759,-0.08714243797180332,141941708,39,TIC141941708_sector39.npy,0.3417945700123226
0.0013872501042297592,0.011235240310985883,0.0015433394857649995,0.9977010305554671,1.0022376477307469,0.018526785312249057,0.41531651167416594,141941708,31,TIC141941708_sector31.npy,0.3417907055843486
0.001363105359310119,0.010499966264387206,0.001457468869382757,0.9978204774352099,1.0023485161156027,0.19342841002246833,0.44596606825081553,260708537,88,TIC260708537_sector88.npy,0.34178011303268674
0.0013310071520946799,0.009591303622003333,0.0013675388895513134,0.9978715715071897,1.0023229732814753,0.0900982295676013,0.12913964680043666,141941708,2,TIC141941708_sector2.npy,0.3417514074869676
0.0013250842713819291,0.009657757225123187,0.0014296410827139173,0.9978744879458707,1.0022019069143617,0.23388154391290322,0.5754737280444151,260708537,69,TIC260708537_sector69.npy,0.34174903318239197
0.0013607677363557378,0.010571380037630362,0.001556094518986817,0.9979111072978758,1.0023136326240727,0.06236616500931477,0.3421627216610208,348839788,63,TIC348839788_sector63.npy,0.34172095225619664
0.0011692324848634169,0.009934679957946835,0.0012841534215650384,0.9980759926552953,1.0018807415210806,0.22271191167032187,0.9813440912437859,260419879,62,TIC260419879_sector62.npy,0.3417007684538416
0.0013641576769914563,0.010800953422000048,0.0014350787386316387,0.9977443221768071,1.0022679155398662,-0.09949433255484488,0.4559134173572681,141941708,10,TIC141941708_sector10.npy,0.34169158715602765
0.0014442120902056202,0.010075992495575559,0.0014528667015907715,0.997645411415719,1.0023359646784742,-0.07159654109842183,0.22276176376719192,141941708,66,TIC141941708_sector66.npy,0.3416632640501298
0.0013804251889677432,0.010090632850484504,0.001449589907166543,0.9975179745356756,1.002106406374959,-0.043922647988631124,0.08739669469818345,141941708,67,TIC141941708_sector67.npy,0.341662304641199
0.0012184009282685448,0.010526653725008939,0.001274697417155036,0.9980001206702348,1.0020067669220196,0.21605106631500742,0.7302896894536093,150030205,90,TIC150030205_sector90.npy,0.34161240944508997
0.00013884492770432268,0.0013465312778040417,0.00012600665090812936,0.9997738462109521,1.0002080934375766,-0.1437547899000935,1.4756671421500194,260041674,63,TIC260041674_sector63.npy,0.3415739685434248
0.0012702174151284565,0.01119556604444727,0.0013831219747501655,0.9979664013611389,1.002271641752206,0.08232723836865447,0.3608933339505227,278683844,90,TIC278683844_sector90.npy,0.34156014182806843
0.001292772333113529,0.011107225555504363,0.0013779940584481441,0.9978980542876154,1.0021691074021155,-0.03483219778962406,0.2489507560460682,141941708,65,TIC141941708_sector65.npy,0.341508824034369
0.0004920541492850912,0.004514319711633297,0.000494789594947013,0.9992648738659267,1.000786059287983,0.6787275724229254,2.9376105494209828,260655847,69,TIC260655847_sector69.npy,0.34150821749083454
0.0013369106057590087,0.01058830773067354,0.001342070493396088,0.9976840424258734,1.0020481868319724,0.1776220801223022,0.19258855768349603,278683844,65,TIC278683844_sector65.npy,0.3414563812781778
0.0013119401326167394,0.010718954042244655,0.001430193700004551,0.9978495305138835,1.0021794322883188,-0.012885777581339592,0.24686358615975257,348839788,88,TIC348839788_sector88.npy,0.3414460647712424
0.0011909362344028592,0.01021168295887942,0.0012817944076885033,0.997975861349992,1.0019092133895806,0.17753218188827352,0.6683619064284878,150030205,65,TIC150030205_sector65.npy,0.3414396788536645
0.0014114171369596568,0.010686586383553798,0.0015406427833209277,0.9978079749318498,1.0023416738706672,0.15189392756298228,0.17647152213525974,141941708,29,TIC141941708_sector29.npy,0.34142479694380556
0.0012394036237064622,0.008574550778173706,0.0007571451425224389,0.9979394711713445,1.0019393249349575,-0.16402228383622358,0.20028680321927927,350823719,90,TIC350823719_sector90.npy,0.341392716854674
0.0011688104351755542,0.009730026002131353,0.0012608744411066585,0.9981609295065764,1.0018948172999596,0.025421186542977918,0.23553366715396118,150030205,87,TIC150030205_sector87.npy,0.34137996259265296
0.00019772931881355653,0.0012188356109137377,8.116347932215869e-05,0.9997134212324599,1.0003851148053764,0.437966016028715,0.056813060270184845,260605873,11,TIC260605873_sector11.npy,0.3413437978837252
0.0010773903174857884,0.00686057286757491,0.0007092757020453041,0.9982478550733194,1.001655150768797,-0.4230804930963521,0.9049536146805242,350823719,66,TIC350823719_sector66.npy,0.3413364128357679
0.000131162272417768,0.0012213703610677307,8.74254430653708e-05,0.999797146589405,1.0002186418609629,0.16231946383826418,1.3077848679027815,260507093,9,TIC260507093_sector9.npy,0.34126866315114157
0.0006903693764843005,0.009291425422113253,0.0001950814658576529,0.9988858941516833,1.0010944985409882,0.0945517889425541,3.9616548544171453,350765991,3,TIC350765991_sector3.npy,0.3412671177637689
0.0011114119990199205,0.010311168722354824,0.0012245577505963154,0.9982666476880664,1.0018629808932045,0.20393194554938635,1.1958895557361302,141911519,89,TIC141911519_sector89.npy,0.34124884895644386
0.0012622900770612115,0.010466704055796083,0.0013860746530314173,0.9979395199285158,1.002102850632668,0.050657902245078455,0.42668291616802634,141941708,6,TIC141941708_sector6.npy,0.3412287158088722
0.001331883184419039,0.010823715605988493,0.0013512678296500296,0.9976401685873572,1.0021424948441275,0.12215378206830742,0.48250147551992795,278683844,66,TIC278683844_sector66.npy,0.3412219332667314
0.0012973962009192581,0.010905197727602123,0.0014138982752023176,0.9979549491917438,1.0021460485364935,0.17322716617664666,0.5876357825982761,278683844,94,TIC278683844_sector94.npy,0.34120721105548757
0.00011393562377560704,0.0011728456721484815,0.00012118182643384141,0.9998125053569249,1.0001807204496442,0.24017310789393265,1.3242771423853092,260605873,88,TIC260605873_sector88.npy,0.3411658710798889
0.00013856102390042438,0.0012863463857770707,9.555641530628747e-05,0.9997445845962915,1.0001929809049592,-0.16539564575609167,0.8078425866160988,260507093,8,TIC260507093_sector8.npy,0.341129991922396
0.0013793372820398806,0.011327830825157426,0.0014359957212510416,0.997677323355005,1.0022105341102807,0.038182109417792244,0.5009167674712525,141941708,63,TIC141941708_sector63.npy,0.34112592403197217
0.0012696431751025353,0.010626248829739282,0.0014145032266812518,0.9979806606145512,1.002124293188867,0.07922873077800227,0.4690439692039692,141941708,7,TIC141941708_sector7.npy,0.34109700258339676
0.0013599362297869,0.010033293492378803,0.0014145344539346523,0.9978995344032319,1.0022768960249187,0.03580440998093645,0.2739785730487778,348839788,65,TIC348839788_sector65.npy,0.34107011250334074
0.001110739560663932,0.009177490828751744,0.0010407696360477652,0.9982241297443872,1.0019484133642773,0.2620738749925472,0.9512966686257758,149301575,13,TIC149301575_sector13.npy,0.3410647858387793
0.00023657263844639143,0.001776016045576423,0.00022720212619211028,0.9996968672010429,1.0004720308468826,0.6075450612787094,0.888510677476412,350298145,13,TIC350298145_sector13.npy,0.3410326116573977
0.0012397057474534475,0.010126572205500839,0.0013774590447630226,0.9980522785539774,1.0021254919578018,0.10291241208651794,0.5180533537727925,278683844,61,TIC278683844_sector61.npy,0.3409870216288895
0.00116008252181825,0.010099018232045398,0.001236745357926788,0.9981755442494629,1.0019638941331366,-0.018385289313347035,0.4686754442221135,150030205,93,TIC150030205_sector93.npy,0.3409396529952097
0.00014400342004958184,0.0010202835469398375,0.0001462297549555592,0.9997761222392494,1.0002403756444922,0.3739342941216771,0.5202725513808057,260640910,30,TIC260640910_sector30.npy,0.34091412417274514
0.0012552126727873062,0.009173167702326346,0.001379385502761203,0.9979676334913191,1.0020733071840218,0.11639806746603906,0.21681251225557974,278683844,63,TIC278683844_sector63.npy,0.34090524092590463
0.0007115673071962832,0.005132422582780571,0.0006080565101861414,0.9990043378581523,1.0012364780266438,0.910242797666415,2.2019335001667395,350842552,29,TIC350842552_sector29.npy,0.3409002626822777
0.0013659275471242477,0.011043221580585016,0.001460824451773441,0.9978229364053627,1.0022277331240768,0.10694974246438213,0.6043767956523816,141941708,61,TIC141941708_sector61.npy,0.34089098889513453
0.0012952228896228146,0.00891830613534672,0.00133827610997625,0.9979050386199673,1.0020702760416498,0.21122689765612884,0.23621270934335037,141941708,88,TIC141941708_sector88.npy,0.34082826431982527
0.00012815515837213257,0.001312335403184206,0.0001314712732790877,0.9997905542095953,1.0002001757937655,-0.1319095481165997,1.3700888252235481,150392584,88,TIC150392584_sector88.npy,0.3408255528390086
0.00016332422660424707,0.0010565928742820585,7.701686307811028e-05,0.9997337881994662,1.0002600929316312,0.0835223453509863,-0.23811346448360693,260605873,36,TIC260605873_sector36.npy,0.3408174414056036
0.0001489466196352601,0.00132381930528791,0.0001584129952207548,0.9997694130330771,1.0002408438541388,0.3019578853472971,1.032665487280613,142085842,10,TIC142085842_sector10.npy,0.3407918726452288
0.00012735459302691543,0.001030897133850961,0.00011332936618590691,0.9998039505972087,1.0002131228194715,0.06534302775313935,0.22022345101048968,260640910,3,TIC260640910_sector3.npy,0.3407773662210185
0.0011681702649533766,0.010752433635781156,0.0012556734879574079,0.9981845297326372,1.0019204821308076,0.11513068890265658,0.6219853688134029,150030205,88,TIC150030205_sector88.npy,0.34076265211348433
0.0012872466038498693,0.008131873500375586,0.0014569404969908592,0.9978603584869681,1.002080565833343,0.039841005293389485,-0.10942626728457538,141941708,89,TIC141941708_sector89.npy,0.3407514321648085
0.0013201704326610902,0.009841637539805825,0.001450989355606939,0.9979275037546548,1.0021940236918512,0.09274736894790564,0.47997429388627255,348839788,89,TIC348839788_sector89.npy,0.34070701271773135
0.00013384370560554727,0.0012895630761260435,0.00012530685389008076,0.9997870817452449,1.0002120214723278,0.2529580989746871,1.047949979831344,260640910,27,TIC260640910_sector27.npy,0.3407034867142517
0.0011574698223039733,0.010191719086077078,0.0011928936582416521,0.9980272812704643,1.0019128638772345,0.004279492273062091,0.4421810873651424,150030205,97,TIC150030205_sector97.npy,0.3407003374059239
0.0011009777344244199,0.01030421248741531,0.0011258867270615123,0.9983296797546963,1.0018582600838917,0.29106978069578116,0.8897844258650718,260162387,63,TIC260162387_sector63.npy,0.34063977817707564
0.0013496597133830469,0.011024989453593204,0.0014323754719793933,0.9975843491019405,1.0020636837691708,0.10580626101870622,0.5839386505027955,348839788,93,TIC348839788_sector93.npy,0.34063355332515366
0.001213156630417847,0.0102861830417319,0.001305280773666388,0.9980045395016713,1.0018945373252277,0.08936159191143,0.62732498539695,260419879,98,TIC260419879_sector98.npy,0.34062566544543527
0.000295127842921947,0.002752494968229824,0.00022815387078153743,0.9996205678778567,1.000630876432166,0.5935987958357245,2.5726436965352155,150392584,10,TIC150392584_sector10.npy,0.34062141039132465
0.0002326155180555897,0.0030171864385610814,0.0002520593551454347,0.9996377681724568,1.0003841088448915,0.34559767106331934,2.972654104660071,176876294,98,TIC176876294_sector98.npy,0.340612013507575
0.00016068555833340215,0.0013428330777972564,0.00015662261590730636,0.9997344293421809,1.0002473680005803,-0.24466719846166543,0.9569447724797158,370227780,9,TIC370227780_sector9.npy,0.34058693682771085
0.0013381974646505114,0.009191201681007066,0.0013271290901618281,0.9978578639721756,1.0023128536450812,0.12349795183155196,0.09622714506900909,141941708,62,TIC141941708_sector62.npy,0.3405780426219956
0.000174378352143947,0.0016360183043798715,9.039440679076512e-05,0.9996952451314568,1.000267608936396,-0.2910103453138055,0.5962349466603212,260605873,5,TIC260605873_sector5.npy,0.3405561375725678
0.00020066969340685431,0.0016678145323812954,0.00020502536310555686,0.9997131149442858,1.000374161208351,0.5802820079348773,1.3966182938420424,149988523,9,TIC149988523_sector9.npy,0.340554461831634
0.00016021507448518474,0.0016585703721292422,0.00015326116251966924,0.9997424900153198,1.000241224782456,-0.21601396768042194,1.9973247551624098,350298145,38,TIC350298145_sector38.npy,0.3405070417738066
0.0011992527333242132,0.009386493344712532,0.0012769267018966782,0.9980743335873595,1.0019607922417875,0.07035261039985918,0.627510638447017,260419879,67,TIC260419879_sector67.npy,0.34049867306944387
0.0001936453717576922,0.0012529474840641264,8.579932611141345e-05,0.9996659354560415,1.0002806763514933,-0.2462696956297195,0.3882569292557596,260605873,2,TIC260605873_sector2.npy,0.3404733787576647
0.0011326161312139242,0.009166214289464847,0.0012382493729029608,0.9981770180663933,1.0018871075720683,0.03393664448608116,0.7356514376859922,260419879,88,TIC260419879_sector88.npy,0.3404421205773929
0.00014287179346196812,0.0013466253932687966,0.00015521086288861486,0.9997655047115509,1.000231882046685,0.29316056119652023,1.4854126046813665,260507093,95,TIC260507093_sector95.npy,0.3404099788574159
0.00033841694100464673,0.0037720407075011453,0.0003501946019291553,0.9994763873399816,1.0005743070172861,0.5448955331986406,3.4387849351923236,260079513,1,TIC260079513_sector1.npy,0.34040135651314307
0.00017469085032351242,0.0012391032865634033,0.00013207401392533456,0.9996939700115075,1.0002529610419826,-0.2913490698496365,0.934227647628342,260507093,6,TIC260507093_sector6.npy,0.34034568958417216
0.001411509393661147,0.010564513985103607,0.0014492888525797832,0.9976060832779922,1.0022244018772866,0.08561984577902293,0.2850123463171941,260708537,90,TIC260708537_sector90.npy,0.3402365769995689
0.001254978347405748,0.008598392206795924,0.001359166003557992,0.9978879114961272,1.0019913629851178,-0.06422426307902766,-0.004856858227721972,278683844,95,TIC278683844_sector95.npy,0.34021706654814055
0.00016141591573257713,0.001437786118420048,0.00016540909846375266,0.9997535804107465,1.0002521569331073,0.31311725972414267,1.0208492727702012,260420061,95,TIC260420061_sector95.npy,0.34019938672537914
0.0013570158390781243,0.009267481113626963,0.0014052485481974085,0.9977406077752017,1.002050327782475,0.0375096560577111,-0.06746270321495285,141941708,96,TIC141941708_sector96.npy,0.3401676345880749
0.00012492311468608513,0.0008892397133257735,0.00013533217962960004,0.9997955431899096,1.0002036596312782,0.07004603897931679,0.19609647515413853,141810080,90,TIC141810080_sector90.npy,0.3401577701565658
0.00012244798315643439,0.0009697883618403624,0.00012763422452081853,0.9998051664096493,1.0001966556697426,-0.032193811106036196,0.31403858104911153,260605873,93,TIC260605873_sector93.npy,0.3401282099026514
0.0013230046656158474,0.008960915878270526,0.0014387076720741615,0.9979130778925236,1.0023090002393957,0.0953805388455377,0.2612816506184492,260708537,66,TIC260708537_sector66.npy,0.34009472911563193
0.00033282297214545054,0.0027397614134039294,0.00030248554650181826,0.9995186126441322,1.0005689978275598,0.6779094208948359,2.1364919985585358,350298145,97,TIC350298145_sector97.npy,0.3400508933565248
0.0002156406638587845,0.0019776497101164914,9.37470144605134e-05,0.9995962244321503,1.0002938355061697,-0.3288886198664186,1.8775788805637292,260605873,30,TIC260605873_sector30.npy,0.3399954178219295
0.0012679212849847831,0.008981822138577678,0.0014151190740388027,0.9979157309437958,1.0021471570013092,0.03407835906548204,0.31809257176685346,141941708,28,TIC141941708_sector28.npy,0.3399909587899275
0.0004800402932017704,0.004251936445813453,0.00045852662500493274,0.9993294826031144,1.0007754402757143,0.7697926149275293,3.0228856362688665,141809220,89,TIC141809220_sector89.npy,0.3399474742745021
0.00020500418782270108,0.0013669100574557058,9.642426989192604e-05,0.9997166226072022,1.0003779956304888,0.4993324471148876,0.9602875301115321,260605873,9,TIC260605873_sector9.npy,0.3399412371305591
0.0012349813425291975,0.008489948330009156,0.0013495366609774149,0.997949107199492,1.0020360053339117,-0.07762681134259136,0.1759623724748649,141941708,87,TIC141941708_sector87.npy,0.3399295418840152
0.001264721828281475,0.008605625202568024,0.001387484252563551,0.9979690012299497,1.002150219498258,0.18265143794403688,0.4308434644005761,150030205,27,TIC150030205_sector27.npy,0.33990787524683813
0.0011565136854702705,0.009535312364142623,0.0012728035338721558,0.9981999919758243,1.001884736540042,0.1329825006618259,0.7239360680896381,150030205,63,TIC150030205_sector63.npy,0.3398971675894123
0.00012325977331595957,0.0009206116033405598,0.00013579449515499164,0.9998121067857462,1.0002073319277869,0.11631164526687635,0.3356169857197613,141810080,96,TIC141810080_sector96.npy,0.33984221034398593
0.00011318893890977511,0.0008471285615589963,0.0001191414242446913,0.9998132431054295,1.000192112872494,-0.07475951016788057,0.479909466415553,141810080,13,TIC141810080_sector13.npy,0.3397762742444151
0.00013386052271566044,0.0012460502076186986,0.00014422157097263504,0.9997931755194471,1.0002206774064328,0.2573129750914535,1.2200949907005763,141810080,62,TIC141810080_sector62.npy,0.3397623783535172
0.00012612559771100226,0.0009690357966757324,0.00013838404006280856,0.9997931506693858,1.0002052291449146,0.18184328346648376,0.3711144099288717,141810080,30,TIC141810080_sector30.npy,0.33974275322446607
0.00016182585461700638,0.0013342797936874984,0.00015204099630883883,0.999750353612131,1.0002505267251385,0.3761912134737815,1.2265988037900355,260041674,87,TIC260041674_sector87.npy,0.3396712814996812
0.00015589759882848612,0.0013043905640728326,0.0001403075023502067,0.9997799427173623,1.0002654640715614,0.36888197064971023,1.2577459444703916,260640910,1,TIC260640910_sector1.npy,0.3396658977174107
0.00014160449740442256,0.001114706431030843,0.00015192587793811367,0.9997801959626205,1.0002270441154193,0.23386538217610092,0.16321398887267025,142085842,28,TIC142085842_sector28.npy,0.33965875993715827
0.00015775648901565067,0.0014850561971823106,0.00016889698390947416,0.9997595812323463,1.0002583216289158,0.356105596033732,1.2143108547173949,260420061,33,TIC260420061_sector33.npy,0.33964877252278036
0.00012556088951890597,0.0009662141826052295,0.00013783976017951507,0.9998037583802274,1.0002066149552478,0.09586338583991764,0.33167296169963967,141810080,89,TIC141810080_sector89.npy,0.3396412370296001
0.0008834826412356013,0.011940508636685276,0.0007106420254785667,0.9986152781373293,1.0013361244913943,0.09055425626144202,2.952132675384827,149269178,36,TIC149269178_sector36.npy,0.33962487102926237
0.00013749784943689746,0.0009772005215523683,0.00015193389756401588,0.9997806926157826,1.0002288093270923,-0.010388397631154903,0.32314236997566503,260420061,2,TIC260420061_sector2.npy,0.3396225712358931
0.00013242635505653275,0.0009911070944284006,8.386071378666804e-05,0.9997741248789099,1.0002119699311889,0.08268260815274257,0.4143141278863105,260507093,2,TIC260507093_sector2.npy,0.33958558996524113
0.0001475424589953273,0.0013637293776425086,0.00015200664913650585,0.999765151590033,1.000219818893632,0.04874521142093536,1.7776864883419297,142108949,90,TIC142108949_sector90.npy,0.33955933032331626
0.0009306671890903782,0.010536881300272527,0.0008680052997009526,0.9984793995463579,1.001427065476615,-0.39801116944597426,1.790160650161753,149269178,94,TIC149269178_sector94.npy,0.33954809271826225
0.00012629170146189953,0.0009517813206656456,0.0001353569821073978,0.9998067445023349,1.0002068052217685,0.14586193906709788,0.22923403952009203,141810080,68,TIC141810080_sector68.npy,0.33951877447410655
0.0012398177920149305,0.008675613900363643,0.001376464544400902,0.9979619392672949,1.0020262224262222,0.025337273178708434,0.0628044304448232,141941708,1,TIC141941708_sector1.npy,0.3394726132259846
0.00013063072075691727,0.000999941921915548,0.00014379969078455004,0.9997855145927811,1.00021117632845,-0.028495002520988907,0.39640710157498127,141810080,29,TIC141810080_sector29.npy,0.3394641008790243
0.00015881879523252943,0.0016699380427322996,0.00013967966122598654,0.9997471980462448,1.0002605197655148,0.2961858663581098,1.8787483421714652,350298145,31,TIC350298145_sector31.npy,0.33944322161588425
0.00012720765717044388,0.0010088241918755347,0.0001369079740353375,0.9998045967622662,1.000208696925023,0.20147104895610424,0.7528891435258016,141810080,31,TIC141810080_sector31.npy,0.3394424697758929
0.0001254083244586984,0.0008860210276365743,0.00012925296616774547,0.9998125843716732,1.0002248903928912,0.08941693458869122,0.127263916740195,260605873,90,TIC260605873_sector90.npy,0.33943837669953814
0.001152616825989034,0.00839830590216828,0.0012376298533616336,0.9981995412685838,1.0019526630475422,0.0731461504982216,0.21935527177104008,260419879,90,TIC260419879_sector90.npy,0.3394185517142597
0.00013112467962864493,0.0010968983126914411,0.000144564610748275,0.9998005850591949,1.0002147591277772,0.2290044628435146,0.7588314029477088,141810080,32,TIC141810080_sector32.npy,0.33939824954987796
0.00012354718211718182,0.0009982657955803775,0.00012376230208006295,0.999799416541269,1.0002044639109011,0.06455431829946905,0.3549120676401416,260640910,62,TIC260640910_sector62.npy,0.33936249284704284
0.00013879835142560168,0.0011257637644292995,0.00014834193908316688,0.9997836438502349,1.0002331478191866,0.17576347631582992,0.21130782255694935,142085842,3,TIC142085842_sector3.npy,0.3393549791857918
0.0011268608003327841,0.00990369044840167,0.0012227901523175005,0.998152257024123,1.0018540507944411,0.14980582576256546,0.3978325109550478,150030205,62,TIC150030205_sector62.npy,0.33934427339281953
0.000174808143830705,0.0017428905679627293,0.00015005844857466513,0.9997153741412698,1.0002781307867028,-0.3146694963223095,1.8282393981554863,149347992,7,TIC149347992_sector7.npy,0.3393237895404448
0.00013515634150142595,0.001087754097534921,0.00010113389281315642,0.9997683576375377,1.0002143650359683,-0.0684736291143836,0.47532554425575446,260507093,63,TIC260507093_sector63.npy,0.33932033150181673
0.0010482757936285901,0.008594718451240602,0.0010244960574065604,0.9983411015697725,1.001803085716126,0.33170830107931415,1.051729798014005,149971754,89,TIC149971754_sector89.npy,0.3393150145699833
0.0010215084462435206,0.008477311347047545,0.0007686154283301459,0.9983600624962926,1.0016691431384304,0.3991609115564029,1.008959274251751,350823719,63,TIC350823719_sector63.npy,0.3393108284265433
0.00011657255154560295,0.0008388754190508108,0.00012388128572762329,0.9998081071137624,1.0001967583543168,0.021123862131684334,0.4893551590813683,260605873,87,TIC260605873_sector87.npy,0.3392852095824406
0.0011707852420576122,0.00849846424191969,0.0012354701220603555,0.9982052223772593,1.001964214692962,0.14050599553880927,0.2878715330491599,278683844,87,TIC278683844_sector87.npy,0.3392489620432756
0.00017022479449047993,0.0014058870286388636,7.351983629853419e-05,0.9997261085165683,1.0002657049919323,-0.14164212538717216,0.41682986449928006,260605873,7,TIC260605873_sector7.npy,0.3392289717272107
0.0010533264343778066,0.006205315596794381,0.000740338109570456,0.9984037885872965,1.0018730100486475,0.3053778383834757,0.4030057058451906,350823719,11,TIC350823719_sector11.npy,0.33921654877311663
0.00019447446847606071,0.001332761035654495,0.00010092817601423158,0.9996401214080636,1.000293661753799,-0.2816376748017701,0.521250792088539,260605873,34,TIC260605873_sector34.npy,0.339190033495286
0.00013960980371548876,0.0010909393007103585,0.0001378098458950579,0.999746515569917,1.0002223093975153,-0.06816825688072357,0.24956142028378192,260640910,36,TIC260640910_sector36.npy,0.33916614266901557
0.0011149129056262717,0.009444289932659777,0.0011941846638159285,0.9982391363720827,1.0018265476416826,0.18293938710919494,0.6014550186925116,150030205,96,TIC150030205_sector96.npy,0.3391476731359462
0.00015833655191845148,0.0010356241416941137,7.252825786223113e-05,0.9997368963950183,1.0002586516900167,0.011918030046477188,-0.1286522042476168,260605873,61,TIC260605873_sector61.npy,0.33914316593388577
0.00017800048387794996,0.001228799354718313,7.502347718478473e-05,0.9997389508098264,1.0003146552687827,0.290404284561235,0.634537458465255,260605873,27,TIC260605873_sector27.npy,0.3391164006384734
0.00015033210569701392,0.0013968540301005916,0.00015304982783465032,0.9997766253504238,1.0002635466551086,-0.13192096026130323,1.290079144736107,141810080,27,TIC141810080_sector27.npy,0.3390341542818537
0.00018048320859766613,0.0016627531933925965,0.00011927619403889785,0.9997489807388801,1.0004382094758368,0.41398667458177146,1.6978089874994708,260507093,35,TIC260507093_sector35.npy,0.33901374221668984
0.00012191961906592685,0.0007753241866145233,0.00012694852688178768,0.9997975602279002,1.0001986975254022,0.12374314726117668,-0.05204921314381439,141810080,93,TIC141810080_sector93.npy,0.3390100002246873
0.0005133677909889105,0.00391242295697114,0.0004211709697746548,0.9991131806732633,1.0007085724559122,-0.6562228276871274,2.0369609761751217,141805180,4,TIC141805180_sector4.npy,0.3389703475859567
0.0011350080304613178,0.008685458661766843,0.0012008405463783142,0.9981660480364056,1.0018785920514555,-0.02878055209738808,0.3706268220686,150030205,61,TIC150030205_sector61.npy,0.3389687531265937
0.001130435632132364,0.008956415378710947,0.0011937526210048105,0.9981732269799117,1.0019459250988458,0.08709774992926185,0.5096659034630746,150030205,95,TIC150030205_sector95.npy,0.3388889910696564
0.0010693726412224177,0.010194838220172864,0.00100631924503973,0.9982916496936723,1.0019237990944285,0.07069243426212385,1.1904224532215526,149971754,88,TIC149971754_sector88.npy,0.3388685645460369
0.00033614801966082064,0.002608312664868495,0.0002487983192526632,0.9995580412994233,1.0004533411870224,-0.009413666602231627,4.040230564489568,350298145,35,TIC350298145_sector35.npy,0.3388571892006346
0.00018135956662852085,0.001203591707348961,0.0001444136885495111,0.9996565610681866,1.0002647459981218,-0.3645130238970896,0.5386992667942514,149347992,8,TIC149347992_sector8.npy,0.3388450291024781
0.0011338359549566601,0.008626396360644772,0.0012590801360941326,0.9981871326617358,1.0018989648990315,0.063434786350709,0.14448379402949474,150030205,68,TIC150030205_sector68.npy,0.3388404037176847
0.00013682061922979955,0.000957305053785884,0.00012798168305321695,0.9997876802330223,1.000244593224442,0.03707078173546031,0.02650741632928666,260640910,69,TIC260640910_sector69.npy,0.3388033538007115
0.0001281158718611266,0.0010822213899140953,0.0001268471439456105,0.9997912144622008,1.000218941863936,0.08458834282881987,0.3828759856058741,260640910,31,TIC260640910_sector31.npy,0.33877514433454037
0.00013322673148802368,0.0009805140960451597,0.0001266333323503969,0.9997842964332485,1.0002177530124112,0.06588362416706105,0.09348118031708985,260640910,32,TIC260640910_sector32.npy,0.33876593959223267
0.0011115386598956416,0.010096206811301522,0.0011711917084001005,0.9982778672257874,1.0017813079843914,0.1144870726900287,0.6491073085951764,260419879,95,TIC260419879_sector95.npy,0.3387382226379719
0.0011671400531485913,0.008546806643001226,0.0011931553458207123,0.9981261775471072,1.0018861028657478,-0.04826595347716469,0.12503237586439386,150030205,66,TIC150030205_sector66.npy,0.3387253784385481
0.0001620566789836017,0.001273901562638624,0.00011586037983766434,0.9997544219429294,1.0003101090576518,0.2696499674836989,0.25707776989120923,260507093,11,TIC260507093_sector11.npy,0.33868041131348875
0.00048436133912369456,0.0035695930489444416,0.0004225073077350181,0.9991559496199484,1.0006560892960177,-0.6699935894173747,1.7543910134294833,141809220,2,TIC141809220_sector2.npy,0.338652625720595
0.0001261680863242018,0.0010321475913427358,0.0001400456434895843,0.9997933335287081,1.0002097856493533,0.14747638261753673,0.2597993483038459,141810080,34,TIC141810080_sector34.npy,0.3386266676955643
0.0001270575743559295,0.0011202004399694099,0.00011958785723825897,0.9997836201348476,1.000198393168434,-0.03999873111325896,0.6061490557869273,260640910,2,TIC260640910_sector2.npy,0.33862242667177983
0.0010655887052493423,0.008645489506753923,0.0010208270471359084,0.9981572409758344,1.0015868054820976,-0.35745532790175455,1.049625827008712,149971754,7,TIC149971754_sector7.npy,0.3385979647709096
0.00012576028008110297,0.0011048537904908562,0.00013788379765828878,0.9997983209950052,1.000199149476662,0.20563794059163623,0.7299874655313836,141810080,33,TIC141810080_sector33.npy,0.3385965423075208
0.0011716822306703182,0.007952530970690486,0.001274724961040534,0.998113665634019,1.0019999779386635,0.0021604974829157095,0.35719851536128644,260419879,94,TIC260419879_sector94.npy,0.33853289161807826
0.00013265360955939874,0.0010510670122063637,0.00013853966712020613,0.9997757041773525,1.0002139685869025,0.15673304442163133,0.3337248041326353,141810080,94,TIC141810080_sector94.npy,0.33848779629305853
0.0001770534456412768,0.001844940389171379,0.00018021037636902453,0.9997418788495347,1.000309351203114,0.43318953937025145,2.048960698962575,260041674,38,TIC260041674_sector38.npy,0.3384794045887356
0.00012798955862427906,0.001039319452244336,0.00013846834073986104,0.9997919681986802,1.0002136656285499,0.08697644986180054,0.10933378150133155,141810080,88,TIC141810080_sector88.npy,0.3384613199185053
0.00017960064359059556,0.0014876102627504606,0.00015280596731968437,0.9997296812279842,1.0003273908586252,0.3727526503813341,1.2437700152380442,260041674,10,TIC260041674_sector10.npy,0.33843092861009677
0.00016883407103878177,0.0011355399924155574,6.960891427327258e-05,0.9997278154489213,1.0002679962935432,-0.1452419673341006,0.426279819306167,260605873,67,TIC260605873_sector67.npy,0.33841469909317806
0.00015735654374516168,0.0014548013220255784,0.0001642166678963229,0.9997746195093076,1.0002669119643763,0.2520030116972506,1.4689763541012848,260507093,97,TIC260507093_sector97.npy,0.3383993773206091
0.00014500738761762536,0.0011070465567892818,0.00014951045615197757,0.9997708235125884,1.0002472622456529,0.25118234306483794,0.3704005986438843,260640910,13,TIC260640910_sector13.npy,0.33836353042120815
0.00012981044476407649,0.0010634147218148149,0.00013911996803361507,0.9997937287438616,1.000218083506754,-0.03498024396500822,0.4222433186421868,141810080,95,TIC141810080_sector95.npy,0.33835596292723896
0.000768648967974073,0.009302933801687896,0.0007815509671746306,0.9987656190834835,1.001203923488773,0.44567929739804485,3.0787114269001474,278777070,39,TIC278777070_sector39.npy,0.3382218672495037
0.0010520178279678357,0.006373455157670738,0.0006862206757944007,0.9982226874014183,1.0016025478203208,-0.3310720805059435,0.6035052540426271,350823719,69,TIC350823719_sector69.npy,0.3381664227356299
0.0001568544790375361,0.0011238174388964461,0.0001370693688364765,0.9997352833188762,1.0002542186082772,-0.08505351530371487,0.33543180144784746,149347992,1,TIC149347992_sector1.npy,0.3381627584064216
0.0001471734612818833,0.0013386008672904293,0.00015795946025561435,0.9997622877778641,1.0002286586216178,-0.0858520600044313,1.0876643193736104,141810080,38,TIC141810080_sector38.npy,0.3381568946961028
0.00018771360160192626,0.0015459678052747172,7.848066333819559e-05,0.9996502454552253,1.0002711728636526,-0.11841739254880403,1.1886969825729583,260605873,35,TIC260605873_sector35.npy,0.3381386385260123
0.0011339139518880528,0.009017949363282707,0.0012389579997715572,0.9982002437373286,1.001862668629512,0.14767132324169951,0.5516294497071139,260419879,89,TIC260419879_sector89.npy,0.33813018450815313
0.00014381177838331132,0.0012400511902074252,0.0001114941926867145,0.9997603952589764,1.000237432809748,0.18618229489094812,0.7695470370729667,149347992,3,TIC149347992_sector3.npy,0.3381138885941167
0.0011565815329025993,0.008121862040310401,0.0012390600566785557,0.9981687494446763,1.0019677772850386,0.12045819945486001,0.09179521032655158,260419879,61,TIC260419879_sector61.npy,0.33809674615406776
0.00013617767484635728,0.0012276717194198428,0.00013565530100660705,0.9997784969604095,1.000210914514348,0.014129854024676815,0.41253425881889694,260640910,33,TIC260640910_sector33.npy,0.3380847128874765
0.00017089945172326507,0.0013815079511879658,0.00016519572497250855,0.9997482658556988,1.0002960802031162,0.40436725623173714,0.9692687158901734,260420061,1,TIC260420061_sector1.npy,0.3380559400513936
0.0001423781421308321,0.0012551914567953126,0.00014283251055326036,0.9997707864740768,1.0002277513802569,-0.05627585314340177,1.1083401438159024,150392584,96,TIC150392584_sector96.npy,0.33800512276247746
0.00015026740713682427,0.0011359557670971299,0.00015152653572201487,0.9997771646681268,1.000278568004437,-0.0036495099884273677,0.24075752761391378,141810080,87,TIC141810080_sector87.npy,0.33799542706839625
0.00012817489890500284,0.001001797061446763,0.00013140538686264196,0.9997918021585362,1.0002088906852362,0.0832043020087616,0.4272311822576502,260041674,3,TIC260041674_sector3.npy,0.33798931367671653
0.00015907877824689536,0.0011717083065923006,0.00014456099756222777,0.9997700847544088,1.0002877200848903,0.39996666525699115,0.6977139477978618,260640910,28,TIC260640910_sector28.npy,0.33794484744973824
0.0001299197684719687,0.001152299389424516,0.00013692647474261742,0.9997980047036534,1.0002055969079626,0.1954432514377072,0.8854665740807635,141810080,69,TIC141810080_sector69.npy,0.33790842270744226
0.00014182636934612048,0.0011438294625087941,9.540486951127042e-05,0.9997667221668576,1.0002229862715681,-0.0932793452134751,0.8798837276405629,260507093,5,TIC260507093_sector5.npy,0.3379026792994343
0.00012595084251344383,0.0009851881648863525,0.00011789890901327115,0.9997931081628281,1.000203241346548,0.13060353810798175,0.45691756157698915,260640910,65,TIC260640910_sector65.npy,0.3378602802334913
0.0001610426871477243,0.001156916582201406,0.00015502428417780311,0.9997737508469007,1.0003252457158096,0.3380848422852393,0.4220073967808613,260041674,28,TIC260041674_sector28.npy,0.3378115530195273
0.0001607094477364511,0.0014499643504056747,0.00017251185295955078,0.9997604744400685,1.0002768995570552,0.2937130044184196,1.3204926038440705,142085842,29,TIC142085842_sector29.npy,0.33779105521422703
0.0011016185174910452,0.010577880095085312,0.0010251694120641992,0.99837596153863,1.0020009011451858,0.1761447674830508,0.6639344769765505,149971754,4,TIC149971754_sector4.npy,0.3377269422936481
0.00013398561217105304,0.0011019038839553685,0.00014025732465184238,0.9997857682631852,1.0002141126850468,0.06532899539551336,0.6341113453780407,260640910,29,TIC260640910_sector29.npy,0.33768684239045704
0.0001551802157287811,0.0014640339427810511,0.00016490583179980554,0.999730411445048,1.0002443005497834,0.1834654548971534,0.9656872012559736,260420061,30,TIC260420061_sector30.npy,0.3376823485624088
0.0001259733204728479,0.0011906144666433693,0.0001338284203937712,0.9998006358973427,1.0002105892354163,0.05530531571656725,0.8037053002331946,260605873,94,TIC260605873_sector94.npy,0.3376091478857929
0.001131164799479422,0.008055204102344615,0.0011922790965701055,0.9982148267523953,1.001886216014333,0.16457936277255533,0.3599075170120587,260419879,87,TIC260419879_sector87.npy,0.337535714488734
0.00019145795256639113,0.0018286576427785084,0.00018335879334912427,0.9996864798450674,1.000298228178945,0.4124325501481974,2.1987480608774606,260041674,66,TIC260041674_sector66.npy,0.3375183369016611
0.00014888535680130586,0.0010095383904920041,0.00012775787814714546,0.9997539887819938,1.0002367761535285,0.01865931521975857,0.07100518550570634,149347992,63,TIC149347992_sector63.npy,0.33750295271045444
0.00013855709145708714,0.001223853853659751,0.00015484050534322823,0.9997750676053724,1.000230540224905,-0.0338602412289728,0.8252962193508404,141810080,36,TIC141810080_sector36.npy,0.33748979652845396
0.00012947113380833638,0.000997030381425179,0.00013826460794174052,0.9997884321468352,1.0002141359112127,0.15396276906276876,0.4697953022454944,141810080,61,TIC141810080_sector61.npy,0.3374368922209173
0.0011505863973468116,0.009324698577753754,0.0011169220609178157,0.9981922338275344,1.0018477824018512,-0.0634772770761315,0.696962990256107,149971754,13,TIC149971754_sector13.npy,0.3374360891495654
0.00018293586934613396,0.0014594096386780775,0.0001700470421842902,0.999737892015819,1.0003570879786217,0.42571633647508733,0.8416769327254308,149988523,68,TIC149988523_sector68.npy,0.3374331913218889
0.0001335146503772682,0.0011172984204411707,0.00014335987014409067,0.999786166236777,1.0002185029221113,0.1681930213095163,0.5635771721294192,150392584,3,TIC150392584_sector3.npy,0.33743248996371406
0.00015184017870692007,0.000994373994210651,0.00017241261541363999,0.9997521781630213,1.0002438014610038,-0.02265294209149406,0.18005729426021322,260420061,89,TIC260420061_sector89.npy,0.33740798544703
0.0006619236350953545,0.008765400095945952,0.000675608536318496,0.9989699913560555,1.0010724210720598,-0.2558136822864417,4.126126846895216,149269178,6,TIC149269178_sector6.npy,0.33740706496182293
0.0007407247101502368,0.007706836866006261,0.0007177136272267851,0.9988999848026685,1.0012916640131775,0.5267182208836683,2.4692205411138577,278777070,61,TIC278777070_sector61.npy,0.33739036065276035
0.0001745240777298014,0.0019188679618863391,0.0001799034963281976,0.9997368600995408,1.000287080546661,0.30817393820885736,1.9533501113166052,142108949,62,TIC142108949_sector62.npy,0.33737947338651797
0.00015011201473676567,0.001439240141277831,9.824317942965413e-05,0.9997889674565933,1.0002886397575377,0.09819240677742573,0.7298102918345117,260507093,3,TIC260507093_sector3.npy,0.33736795720436447
0.00021802097408029567,0.002180308892352101,0.000232806172569625,0.9996604502705609,1.0003641451271752,0.4918710424934082,2.3977520331556414,149347992,90,TIC149347992_sector90.npy,0.337306136075867
0.00014966832923235025,0.001532588997470108,0.0001564217066872661,0.9997432793115004,1.0002309051083544,0.11954695496520716,1.0123815701321037,142085842,1,TIC142085842_sector1.npy,0.33730588295118585
0.00013810307107589752,0.0011933856360902828,0.00015314357051564043,0.9997789351967026,1.0002295487080184,0.028331235089738477,0.495550817662207,260420061,3,TIC260420061_sector3.npy,0.3372657876142416
0.0001526634977881567,0.0010833480418585006,0.00014716317416001775,0.9997290943238022,1.0002402945752025,0.09586149810161418,0.17624709339246847,260640910,12,TIC260640910_sector12.npy,0.3372186298288394
0.00026397245218693754,0.0027863949282850298,0.0002864456819014952,0.9995776060195116,1.0004214148148491,0.4711481647878929,2.608174622636806,150393390,98,TIC150393390_sector98.npy,0.33720759877831397
0.001013873831143681,0.007825799586840931,0.0010563627111443274,0.9984682929263407,1.0017938992180484,0.29801058428889116,0.4295858711282827,149971754,27,TIC149971754_sector27.npy,0.3372002585790276
0.00015208135259130913,0.0012168844915955157,0.00016388783135647844,0.999752543191123,1.0002507937378473,-0.036897207659977185,0.4063909790594722,142085842,5,TIC142085842_sector5.npy,0.3371676184653772
0.0002828633575711528,0.002917824828682636,0.00014240595206127377,0.9995139034589714,1.0004233511814282,-0.3763081825881318,1.595928405495819,260041674,30,TIC260041674_sector30.npy,0.337159348037186
0.00018646884472937214,0.001201362090342939,0.00017142451451592928,0.9996674495701661,1.0002728524868352,-0.17616010941641325,0.2919254079742979,142085842,8,TIC142085842_sector8.npy,0.3371544780311552
0.00013532371555169113,0.0013145824004705542,0.0001489468779677199,0.999778802705944,1.0002244560239444,0.11529311007351739,0.8980849486206428,141810080,39,TIC141810080_sector39.npy,0.33715086591381976
0.0001284750566379421,0.0010178496459062325,0.00013951857817412017,0.9997897410614358,1.0002098362230967,0.13920478458366503,0.5700576961138522,141810080,67,TIC141810080_sector67.npy,0.33705019625751936
0.00015852834934040189,0.0012805127120317783,0.00016703175436691027,0.9997396504323414,1.0002463572128317,0.2520847140652941,0.5888665541044937,260420061,35,TIC260420061_sector35.npy,0.33705001479092983
0.0011738322358216648,0.007450446521487297,0.0010180400867439282,0.9982284020038357,1.0022750464494596,0.175633951034433,0.35181906381414896,149971754,97,TIC149971754_sector97.npy,0.3370337570458103
0.0008779169376796861,0.008236047773895971,0.0008785137006816386,0.9986422122747179,1.001384197340622,-0.43404864694018086,2.173756562196912,309792357,2,TIC309792357_sector2.npy,0.3370168878693955
0.00015000883578452764,0.0010252068873509712,0.00014406965067660947,0.9997547477803302,1.0002473250263637,0.21458434185880337,0.09521568727267882,260640910,35,TIC260640910_sector35.npy,0.3370128473161043
0.00014973493676803562,0.0010923322323995732,0.00016155016536136064,0.9997653171565172,1.0002481023122023,0.10098125708039721,0.20019496654832336,260507093,89,TIC260507093_sector89.npy,0.33700554392221566
0.00016494988829317104,0.00114417859012661,0.00013198825772328622,0.9997339989559,1.0002623559296417,-0.11758609537822101,0.16157334322348182,149347992,67,TIC149347992_sector67.npy,0.33697297475207927
0.00014054433727676111,0.0010645402024139772,0.00015285379616931385,0.9997741808622309,1.0002316318055324,0.010271382755231795,0.5150129385194369,142085842,2,TIC142085842_sector2.npy,0.33695737770312884
0.0001610478350539924,0.0014589118327188455,0.00016687133066178427,0.9997425910549199,1.000258794883057,0.2213582677494567,1.357717935715125,142085842,35,TIC142085842_sector35.npy,0.33689200927334934
0.0001588287279544586,0.001123926968300104,0.00016369881316220865,0.9997476066002252,1.0002619484079789,0.10022380214114669,0.2619842325791115,260640910,11,TIC260640910_sector11.npy,0.3368866465972773
0.0001522330601834069,0.0013171352333277708,0.0001627962434647201,0.9997600089427338,1.0002472613855207,0.21158960441936903,1.0126992580803442,260420061,27,TIC260420061_sector27.npy,0.3368080008039045
0.0010083688098685535,0.007619462319949366,0.0010040635831884217,0.9984972109405162,1.0017425362092012,0.34779172402187686,0.9352900006897751,149971754,64,TIC149971754_sector64.npy,0.3367947055886839
0.0001376171321040332,0.0012603940075098796,0.0001356158188120833,0.9997622968093896,1.000213623319021,0.05904558561122085,0.6570729891970295,260640910,38,TIC260640910_sector38.npy,0.33672458008191203
0.0010453431799138434,0.009211295813961962,0.000798419184355721,0.9984009396674541,1.0016296530346636,-0.1054511677549834,1.412403379950339,350823719,27,TIC350823719_sector27.npy,0.3366691637901593
0.0002052994633453119,0.0013072089271031206,7.88853668483732e-05,0.9996900984194259,1.0003931417158307,-0.002720767302782199,0.15090763093948034,260605873,3,TIC260605873_sector3.npy,0.336665720458634
0.0002152939733094362,0.001874485738001197,0.00022292283242328725,0.9996827192722167,1.0003785404146175,0.3839979350780618,1.7843116597247493,142108949,89,TIC142108949_sector89.npy,0.33658011091011575
0.00015558372775428955,0.0011040816951976007,0.00012710240397658426,0.9997506800937283,1.0002523009497923,-0.05378230605546576,0.0936791989650918,149347992,65,TIC149347992_sector65.npy,0.33654190588347
0.0001520499847612273,0.0011574316474221025,0.00015655514203117567,0.9997640481012977,1.0002417798499372,0.15281037262140926,0.339829781226074,350298145,28,TIC350298145_sector28.npy,0.3365371150571794
0.00015173085518448162,0.0016451914841422166,0.00015087545548150925,0.9997605964451453,1.0002514949054226,0.006491816753596516,1.5628088281757861,260507093,87,TIC260507093_sector87.npy,0.3365324499482993
0.00014302356940041735,0.0013455984612367189,0.000146223617662309,0.9997841683514175,1.0002376888409004,0.06581200527372033,0.5708722689231513,260420061,65,TIC260420061_sector65.npy,0.3364936835550227
0.0002733596111259591,0.0016108632050764182,0.00013407690521221875,0.9995589528474389,1.0004689053487947,-0.007829888941943799,-0.35791777414518533,176876294,29,TIC176876294_sector29.npy,0.3364749546626281
0.00015145075262578192,0.0011149188364072415,0.0001525276093328095,0.9997184059472358,1.0002347080094602,-0.07367721579939915,0.434998296362759,260041674,93,TIC260041674_sector93.npy,0.33645823513108175
0.00014290635608657203,0.001195382469764028,0.00014198206390014258,0.9997783088358543,1.0002424754087216,0.10680408023468638,0.470715971955177,260640910,37,TIC260640910_sector37.npy,0.3364539662594558
0.00015098649143207118,0.0012084866775177172,0.00016303102747237236,0.9997649496662836,1.000243400703929,0.2377408888576983,0.6515091552425067,142085842,31,TIC142085842_sector31.npy,0.3363792835444623
0.0001423001585203264,0.0012063091117635594,0.0001378007676366428,0.9997791807835092,1.0002386068943498,0.06233395272357358,0.6435078856604748,260640910,5,TIC260640910_sector5.npy,0.3363585573463374
0.0011488003206849605,0.008403170363426415,0.0007995801933567079,0.9981249165212395,1.0019200295008919,-0.022545350417740685,0.1419232770297958,350823719,89,TIC350823719_sector89.npy,0.33635081954044205
0.0001515772785365121,0.0010691688121622356,0.00012120645595971822,0.9997585872650315,1.0002497452980463,0.09127711636476905,0.3468245438508406,149347992,61,TIC149347992_sector61.npy,0.33634840528922816
0.0001408591498487243,0.0011437176893004386,0.00013826025402409938,0.999777969748413,1.0002309673850214,0.1132736698287828,0.8243169611829564,260640910,39,TIC260640910_sector39.npy,0.3362906201003707
0.00015211528042755298,0.001152744342053702,0.00013294170643325434,0.9997540755655085,1.0002492952207869,0.01569418082664276,0.40040851179024983,149347992,2,TIC149347992_sector2.npy,0.33627800682017267
0.00014719841691468368,0.0010441167229884307,0.000150186241504633,0.9997728738784664,1.0002692454932953,0.05587678951557407,0.048724896970225196,260640910,10,TIC260640910_sector10.npy,0.3362380354224444
0.00021433944993965847,0.0017504817299773823,0.00022673387241865117,0.9996927240988912,1.0003816130652976,0.4768059940022739,1.3642677862906698,260041674,9,TIC260041674_sector9.npy,0.3362311384245509
0.00016207217946131961,0.0013644542626959355,0.00014153120281881797,0.9997442228809822,1.0002551312197696,0.061374468196843016,0.33821951495067326,149347992,34,TIC149347992_sector34.npy,0.33619716364716284
0.00018485858185461696,0.0012135456072629447,8.598798021237647e-05,0.9997263718621062,1.0003547680844953,0.24174451304311664,-0.004954130105458088,260605873,12,TIC260605873_sector12.npy,0.3361764054077844
0.00015227203860724545,0.0010387232250541611,0.0001665806656944032,0.9997543356648804,1.0002522898906652,0.12519029173658636,0.31227894977604675,260420061,62,TIC260420061_sector62.npy,0.336169293392749
0.0007606156822656713,0.009529153403989521,0.0007414193304265575,0.9988227662940956,1.0012161713076129,-0.04494077844873297,2.888474996386809,167523976,1,TIC167523976_sector1.npy,0.3361642390234672
0.00015971855753079127,0.0010220217214390592,0.00013754611543065188,0.9997432657030743,1.0002644952387838,-0.00578732338789069,0.10301384898513533,149347992,10,TIC149347992_sector10.npy,0.3361446012101241
0.00015194134333357205,0.0013921142187440783,0.00016099072195705565,0.9997566281794211,1.000248267926406,0.17144860793291275,0.8579788992129069,142085842,32,TIC142085842_sector32.npy,0.33609231290724295
0.00014401652665205488,0.0012906796249739783,0.00012768738343644638,0.9997602444044835,1.0002396634216573,0.026304814030375892,0.7697544030876724,149347992,33,TIC149347992_sector33.npy,0.3360894423341407
0.00015324299691447165,0.0011705257264064128,0.00016097742794622655,0.9997356554757835,1.0002586577548096,0.11870400868092512,0.34708009215870206,142085842,27,TIC142085842_sector27.npy,0.33606553801202815
0.00014675063020365385,0.0014453526264468497,0.00015850117687180756,0.9997549733049003,1.000244857912632,0.09363992092191319,0.8663459825903415,260420061,34,TIC260420061_sector34.npy,0.33605789941541714
0.0001687670927585521,0.001413902741236317,0.00018317067420576768,0.9997433300519047,1.0002724661624518,0.26151435601153494,0.8524387253095091,260420061,36,TIC260420061_sector36.npy,0.33605517109942734
0.00016943760562147467,0.0014367274658902973,0.00017665407610198931,0.9997058430222998,1.0002621468191726,-0.12809676534529074,0.5389353313490552,260420061,61,TIC260420061_sector61.npy,0.33604894798266005
0.00015511912336053173,0.0011207236464255699,0.00016755431010087574,0.999743758581303,1.000252543285838,0.061447471243793995,0.5569325494774304,260420061,7,TIC260420061_sector7.npy,0.3359794362321852
0.00015773124038274532,0.0012224062275921765,0.00013810798175557568,0.9997399417134043,1.0002525472446364,-0.012479339083843508,0.4465322267847234,149347992,28,TIC149347992_sector28.npy,0.33590980305787366
0.00017296471455284474,0.0016487300488909895,0.00016369895783900534,0.9997126044737721,1.0002598871687882,0.09443033927317908,2.1097208619437735,142085842,4,TIC142085842_sector4.npy,0.33590751536157637
0.0010679126465323748,0.008206708331988888,0.0010988141050940108,0.9983804847778004,1.001960538210715,0.17535020406805119,0.032262077599773065,364326480,27,TIC364326480_sector27.npy,0.3358913927794615
0.0008216147942686939,0.007249522258829022,0.0006961750383499862,0.9988682196998357,1.001476457592372,0.6044729556129703,1.4303859196854072,167523976,7,TIC167523976_sector7.npy,0.33584752816339275
0.00015818032884181953,0.0012196120337972793,0.00012953824072673995,0.9997331402741276,1.000250860183249,0.10436125523544253,0.030851738368073978,149347992,62,TIC149347992_sector62.npy,0.33583502775612334
0.00017340905514852224,0.0011796759258028144,7.818282437220789e-05,0.9997170311557511,1.000293981941909,0.02564334953269657,0.001014552918422229,260605873,10,TIC260605873_sector10.npy,0.3358199008717638
0.0001701698488598013,0.0011297739996110057,0.00018006553389717813,0.9997068572609905,1.0002564806309295,0.19123748093881998,0.1470791897221284,260420061,66,TIC260420061_sector66.npy,0.3357982187977299
0.00014330346754761738,0.0012879278748714196,0.0001459726020818766,0.999775299107394,1.000236244131149,0.13677496150636426,0.5816754999554914,260640910,6,TIC260640910_sector6.npy,0.3357479705044191
0.000737715874164959,0.006396473893970911,0.0007777304644263223,0.9989086656258667,1.0011863273135893,0.5179914876984361,2.5041544135489637,149121385,35,TIC149121385_sector35.npy,0.3357463186925123
0.00016023800253782853,0.0013514836790861073,0.0001642821733888875,0.9997440036250018,1.0002680846967238,-0.05051324289274095,0.2925824925839584,260640910,64,TIC260640910_sector64.npy,0.33568467733894825
0.00016829310393359377,0.001265061449761129,0.00017256281888894598,0.9997513191127079,1.000302777488005,0.2634891249413352,0.5495962739023739,142085842,36,TIC142085842_sector36.npy,0.3356632874906535
0.00015040209088698964,0.0012794966937320629,0.00013516865999866286,0.999770479310712,1.000259241589978,0.19017218748209125,0.8181753430394263,260640910,8,TIC260640910_sector8.npy,0.3356591816050535
0.00013565603330937355,0.001251938751811732,0.00015053560710074552,0.999792385867376,1.000217157806577,0.12307129016808414,0.809393159081083,141810080,64,TIC141810080_sector64.npy,0.33565401018758123
0.0007933637464988656,0.008425461110126209,0.0007284111415302207,0.9988934337827128,1.0014927560321305,0.4816742089342571,2.3310132525644915,370227780,67,TIC370227780_sector67.npy,0.33561661482754834
0.0001562490198992654,0.0016503945140918796,0.00017069350817714004,0.9997543004447812,1.0002494782819407,-0.05848329171980629,1.0886823972125947,141810080,65,TIC141810080_sector65.npy,0.33560007344753906
0.00018385138368057612,0.0014659183049355873,0.00010129254475547716,0.9996984580350338,1.0002932242697407,-0.059644932676347476,0.17851660178997397,260605873,31,TIC260605873_sector31.npy,0.3355773426430956
0.00015162228395738928,0.0014334309082004726,0.00015322349224148693,0.9997504445943828,1.000233502444777,0.10170944026786859,0.838695543268988,260507093,93,TIC260507093_sector93.npy,0.3355572248837714
0.00015413845808200663,0.0012291181261304684,0.00015777750495273615,0.9997610891065195,1.0002654914002787,0.03967152154142625,0.35694525946278866,260605873,97,TIC260605873_sector97.npy,0.33551924309884457
0.0011119716235258093,0.0090815320721086,0.001026572762968542,0.9979762025362783,1.0017286096168414,0.11112754517940762,0.41607763197207825,149971754,8,TIC149971754_sector8.npy,0.3354852706248944
0.00015076198841305828,0.001035094729389563,0.00015519086424052106,0.9997637837482298,1.0002661714188548,0.09667400898372878,0.15292239263688856,141810080,97,TIC141810080_sector97.npy,0.3354847178500762
0.00015601047463849977,0.001181588331446104,0.0001673089225861128,0.9997534430510889,1.000259431269411,0.1176961345528732,0.319396391061181,142085842,11,TIC142085842_sector11.npy,0.3354576484252936
0.0009285233276551088,0.007990063898222433,0.0008833493142976352,0.9986771609460627,1.0017625523799596,0.32631686803000143,0.5884432785378286,309792357,66,TIC309792357_sector66.npy,0.3354296593361446
0.0001686461939410396,0.0011170410862842983,0.0001704205881350751,0.9997409581487913,1.0003050345618985,0.09207768508804604,-0.08420615770930429,260420061,68,TIC260420061_sector68.npy,0.3354216366486461
0.00015387919807906305,0.0011053882968408146,0.00013766593979693646,0.9997587018958404,1.0002615489037967,0.14297760803078702,0.06607261761659444,260640910,4,TIC260640910_sector4.npy,0.33541656388451874
0.0001510900943218561,0.001220168706997371,0.00014762351622816898,0.9997572329024202,1.0002532492722647,0.021714121104071112,0.5021498581152066,260640910,63,TIC260640910_sector63.npy,0.3354106247951473
0.00015618576052638014,0.0012761784960485523,0.00017126129207008995,0.999751558678536,1.0002615132793362,0.022732882057348226,0.37692702314143034,142085842,6,TIC142085842_sector6.npy,0.33540981727059643
0.00030329586738072554,0.004029201909070634,0.0003015594175500927,0.9995419872986179,1.0005023170529965,0.09888387913015709,3.9334039137201042,142108949,30,TIC142108949_sector30.npy,0.3353951147514345
0.0011119146663790729,0.007510939039256814,0.0010337187860532137,0.998334537297396,1.0020454748068879,0.10823408453061431,0.22164235886825434,149971754,12,TIC149971754_sector12.npy,0.3353833600159463
0.0001577246568994313,0.001502547025804546,0.0001749246896443145,0.9997515223844037,1.0002537780614138,0.18558666622104988,0.845881516896454,260420061,32,TIC260420061_sector32.npy,0.33536224220604205
0.0010117550370601046,0.011136967331117908,0.0010330146355594597,0.9983610833710536,1.001564564525949,-0.12055787921937478,1.2948102396596157,149971754,39,TIC149971754_sector39.npy,0.3353378712712719
0.00016193112369350556,0.0011526007484029543,0.00014401044740045232,0.999741717516501,1.0002733773758816,0.05577365465105105,0.24276358794335762,149347992,27,TIC149347992_sector27.npy,0.33532478574757046
0.0001567644626110983,0.001384858465765082,0.00016862626115763407,0.9997473192477075,1.000256365092748,0.06575078720505056,0.6312345952864571,260420061,63,TIC260420061_sector63.npy,0.3352898803256483
0.000182464787270444,0.0011839613001091154,0.00010519968705899879,0.9996861769621881,1.0002963424654223,-0.07636966535211295,0.09658104442006454,260605873,38,TIC260605873_sector38.npy,0.3352812668581933
0.00015657711965219711,0.0014920348279827689,0.00013598072099776617,0.999747916677792,1.0002567196748893,0.06793485196078491,0.4311651174672342,149347992,38,TIC149347992_sector38.npy,0.3352667705812954
0.00016992579519552203,0.0016326284804952795,0.00015770095976623368,0.9997341368574528,1.0002970979239878,0.23523809343638954,0.7680106240538502,149347992,13,TIC149347992_sector13.npy,0.33519039943879886
0.00015752843846695433,0.0013597570581467266,0.0001413295274424983,0.9997181156978028,1.0002483721688773,-0.00934292669109963,0.20079923417215761,260640910,34,TIC260640910_sector34.npy,0.33517365634280505
0.0004293077297937858,0.003591574111501683,0.00034230697009990585,0.9993959376840333,1.0007494234311913,0.7167541610980688,1.8860102563072756,278865342,4,TIC278865342_sector4.npy,0.33516641285322396
0.0008568197342782463,0.009283470069498145,0.0008278294142101914,0.9986939788512167,1.0013958318288532,0.31422701678072634,1.6644701443488064,167523976,66,TIC167523976_sector66.npy,0.3350978708006433
0.00041488774069334164,0.005179706371207682,0.00040544816128100953,0.999330711170336,1.0006662699119981,-0.31568590021111353,2.8351151126937753,260128701,7,TIC260128701_sector7.npy,0.3350859430033821
0.0001509623576797055,0.00138033000323734,0.00014717401690426355,0.9997631876871804,1.0002462048322398,-0.01904653391270624,0.6041936508959864,260640910,61,TIC260640910_sector61.npy,0.33503940155830336
0.0001621765302884089,0.0012967739284230895,0.00018015574410077114,0.9997310973009219,1.0002642279485363,-0.027711202523235525,0.3571111376214633,260420061,6,TIC260420061_sector6.npy,0.33503657722767843
0.0007873752825437643,0.008022282503615363,0.0007296175704027644,0.9986168056763665,1.0011004135636872,-0.42371083484105837,1.8130897170334164,350862394,2,TIC350862394_sector2.npy,0.33498896341115464
0.0002073856066355812,0.0016149141560263258,0.00020080275139985044,0.9996915893800634,1.0003651167881589,0.38077059357157617,0.8804878621771297,149988523,10,TIC149988523_sector10.npy,0.3349238402393621
0.00016735002872425353,0.0011067272583962229,0.00015437707413360288,0.9997167056210423,1.0002677872581054,-0.05678398962609023,0.21750455962578874,149347992,64,TIC149347992_sector64.npy,0.33490081191172444
0.0009668236979504863,0.0070056928855648515,0.0009524089268893243,0.998580489665724,1.0018684568056038,0.31039202003734967,0.3571654163126903,149301575,69,TIC149301575_sector69.npy,0.33489697214080405
0.0001592672521753269,0.0012476066745154002,0.00013842738073135047,0.9997348570151263,1.000270011643489,-0.017927697766599325,0.7008302117218652,149347992,29,TIC149347992_sector29.npy,0.3348436952349346
0.0001481887759434174,0.0012705446923034769,0.00016072032714362273,0.9997731015646953,1.000249268295737,0.11575828068904086,0.7732408187100441,142085842,37,TIC142085842_sector37.npy,0.33481358421449997
0.0002316599722763984,0.0016720245863354188,0.0002189751664681871,0.9997009457169383,1.0004704744279262,0.42586954878164673,0.1857008834768643,350298145,10,TIC350298145_sector10.npy,0.3347897717599471
0.00015196149938494205,0.001216394038918156,0.00016295381487774227,0.9997599530462851,1.0002501425827008,0.08694287344963138,0.6565032711887953,260420061,69,TIC260420061_sector69.npy,0.334780060018096
0.00019371858502725324,0.0013905155098720146,0.0001216471067391602,0.9996815629788942,1.0003184471210673,-0.09120203858151421,0.42506000745797756,260605873,13,TIC260605873_sector13.npy,0.3347186190932664
0.0007455236073747045,0.006660142750300135,0.0008072845046104086,0.9989494913878127,1.00127421936525,0.5764586514414105,1.9711181210449231,149121385,33,TIC149121385_sector33.npy,0.33468056813266445
0.0001613151340798212,0.00115621396794785,0.00016509736713697307,0.9997455646107393,1.0002792107381966,0.06927378856451534,0.04320680848747882,260640910,9,TIC260640910_sector9.npy,0.3346283005876116
0.0004963268007713542,0.005403934453312553,0.00045930455734635007,0.999279713035231,1.000850374985407,0.34341563178234186,2.932423062756677,176873028,12,TIC176873028_sector12.npy,0.3346095334338652
0.00018082372535903603,0.0012897743721230759,0.0001669835853422177,0.9996973740327014,1.0003018888567339,-0.052973968605856146,0.28785198869071227,149347992,11,TIC149347992_sector11.npy,0.33455986702150475
0.0010577499044055277,0.007433563479666172,0.0007394574699163969,0.9982005316070024,1.0018182355797975,0.10708733882460593,0.292207523683333,350823719,12,TIC350823719_sector12.npy,0.3345554933798388
0.0001666708975587956,0.001316559551010732,0.00017703742261456336,0.9997324929859659,1.000270501941174,0.20351007253431272,0.3955545814640087,260420061,5,TIC260420061_sector5.npy,0.33452221784163627
0.0003893472607886878,0.0021052094800884102,0.00016824713165498434,0.9992221388885453,1.000564824060617,-0.2691872581211075,-0.12947892734033717,150393390,8,TIC150393390_sector8.npy,0.3345165202591653
0.0009296731617879194,0.00995821626846094,0.0010057584497157872,0.9984935557947238,1.0015291441902032,0.19881723106347438,1.4175915909297023,364326480,29,TIC364326480_sector29.npy,0.3345156679439553
0.00018991071259846884,0.0016251349900689993,0.00018234894103804432,0.9996828224905909,1.0002984618765491,-0.16127669545255882,0.5487256751493277,260640910,67,TIC260640910_sector67.npy,0.33451320953912944
0.0009790357906654483,0.009537034112245601,0.0009644386752482513,0.9984288093601137,1.0015483714086988,-0.13960181216992923,1.0010276079311646,167523976,97,TIC167523976_sector97.npy,0.33449460610560955
0.00017741604129985325,0.0018428270843172667,0.00017723691224690174,0.9997090937198257,1.000284865708058,-0.014452715886103758,2.1879228120873995,149988523,97,TIC149988523_sector97.npy,0.33449260486788396
0.001100764560370681,0.007452481136574596,0.0011209898232106543,0.9982597837144431,1.0018914832710832,0.05352898708040177,0.15009493049035694,149971754,30,TIC149971754_sector30.npy,0.3344737539676458
0.0003332866780462572,0.002415778816824643,0.0003402100607623325,0.9994862785319494,1.0006258064281364,0.7682510499701912,1.1633225954524251,350298145,29,TIC350298145_sector29.npy,0.33445386456188214
0.0010569225490714637,0.00782832157546165,0.0010401293599800526,0.9983599854792206,1.002016113967954,0.14596645094407446,0.36928057411136805,149971754,29,TIC149971754_sector29.npy,0.33445135082801974
0.00016100222160219188,0.0012866682731688117,0.0001331412439289791,0.9997343865158814,1.0002705756041501,-0.03841539348632323,0.5673790253599851,149347992,69,TIC149347992_sector69.npy,0.33444117114620786
0.00016293707321705372,0.0012704808127511624,0.00017616798727047845,0.9997336810810415,1.0002638122583047,0.025378866594015843,0.8262053404285754,142085842,7,TIC142085842_sector7.npy,0.33440568904775103
0.0011308582421297357,0.008488661479549076,0.000878270227841697,0.9981232560119904,1.0018534575320026,0.21509238557429833,0.15403526411894797,350823719,67,TIC350823719_sector67.npy,0.33440305643620166
0.00016901382389700425,0.001933325829858057,0.00017698925495808363,0.9997141291871015,1.0002613823383997,-0.06500581453606491,1.9383463551709248,150392584,28,TIC150392584_sector28.npy,0.334378575301392
0.000721140870707467,0.0074693908423489885,0.0007790307219056287,0.9988822549875308,1.0011489618389036,0.45236481441670945,2.6808075241137663,149121385,39,TIC149121385_sector39.npy,0.33437564324024993
0.00016718847240766122,0.0013454196989598488,0.00016760857587208296,0.9997062781484892,1.0002714203981384,0.12038459859151769,0.2579574995997942,142085842,33,TIC142085842_sector33.npy,0.33437116228134656
0.00016331522154585732,0.0012933852593182138,0.00017579124529146003,0.9997438723576257,1.0002713362369355,0.07749661584663214,0.36999121172227545,142085842,13,TIC142085842_sector13.npy,0.334324490044554
0.000688560892651084,0.0068650176392894835,0.0006875636768366966,0.9990104935200989,1.0010844956007772,0.5103802741614175,2.6812032696810455,350444342,95,TIC350444342_sector95.npy,0.3342671623304825
0.0011081185661426468,0.00765338498778545,0.0011484983733949673,0.9981470380873749,1.0017966698766636,-0.019005649518402005,0.02783911411867912,260419879,66,TIC260419879_sector66.npy,0.33423921186474465
0.00017853665904520803,0.0013283103086108028,0.0001662100173935441,0.9997006950670376,1.0002881970657718,0.07563886328406377,0.21241601609399297,149347992,9,TIC149347992_sector9.npy,0.334202891976429
0.0006230033588375892,0.006310958336837036,0.0005264930936101179,0.9989610603392465,1.0008984916031431,0.25188645700557555,3.5473196733532184,150392584,87,TIC150392584_sector87.npy,0.33418519573736544
0.00018805511256462243,0.001745551496467268,0.00016334908672204862,0.9997090294703569,1.0003298303446746,-0.12591784493349376,0.943663382584623,149347992,37,TIC149347992_sector37.npy,0.3341118599174672
0.00018124471338142327,0.0014196135120876363,0.00016718797308146616,0.9996948102435312,1.0003047827927052,0.04333372429381392,0.3684518381051167,149347992,39,TIC149347992_sector39.npy,0.3340955139489485
0.00020978252935379858,0.001781736676428225,0.00018277428498942656,0.9997092367833085,1.0004815488718783,0.29965070108812086,1.3342770586677828,260041674,95,TIC260041674_sector95.npy,0.33406282234924123
0.0001986205284567373,0.001934273689423227,9.189861620140191e-05,0.9996526185582153,1.0003004622306506,0.12318946306377872,1.4088584477372974,260605873,65,TIC260605873_sector65.npy,0.33402542415004105
0.00018353156011614277,0.0015964038569289407,0.00015310997664504778,0.9996629179309391,1.0002763874957659,0.05610804308513467,0.39114310630448434,149347992,68,TIC149347992_sector68.npy,0.33402452103177555
0.0008584900449886013,0.009728734110723614,0.0008468777350272453,0.9984860910931084,1.0013783217264722,-0.24461938222921778,1.9443417319982341,167523976,5,TIC167523976_sector5.npy,0.33396470425244684
0.00021997794812346876,0.001958482247243709,0.00021964928387925608,0.999707159326341,1.0003988542336009,0.4105379359505923,1.05883023495909,260041674,13,TIC260041674_sector13.npy,0.3339464435660002
0.0001746247273198488,0.001251387894624978,0.00015674632614822185,0.9997178615213146,1.000279770794923,-0.030389155595928707,0.28658930463558807,149347992,31,TIC149347992_sector31.npy,0.3339418102067869
0.00016449249520454588,0.001338083992084238,0.00017191850543488274,0.9997425733209849,1.0002838942970247,-0.06733208090056451,0.4622578399215338,142085842,30,TIC142085842_sector30.npy,0.3339108156278328
0.00017484815063693014,0.0016349624187211864,0.0001530995283327313,0.9997141507504006,1.0002736269998869,-0.024240746864591094,0.9190061665886256,149347992,5,TIC149347992_sector5.npy,0.33388004118523334
0.0007000358748900404,0.006449598159970149,0.0007261310503175439,0.9989426836362425,1.001126569305397,0.5552822980230222,1.9046883914689516,260127606,67,TIC260127606_sector67.npy,0.3338087117666358
0.0005388466892093017,0.0043849014282741905,0.000554544691695562,0.9992401861797129,1.0010334754113,0.624188164956303,1.1310260531399425,260041674,29,TIC260041674_sector29.npy,0.33376270071090247
0.0007888330467963534,0.008659080840267674,0.0007314236956416165,0.998624424904666,1.0011467084461223,-0.2326678785093666,2.676191151508924,278777070,93,TIC278777070_sector93.npy,0.33367609903810186
0.00017077883863691128,0.0014740897670316722,0.00018332817518944622,0.999733172076407,1.0002905953255254,0.23727875347736538,0.9863162962891887,260420061,28,TIC260420061_sector28.npy,0.333641935922614
0.00018474877140290934,0.0016345215301718508,0.000177272888136127,0.9997024476002487,1.0003229764555002,-0.13465205461522714,0.8397662073631293,260420061,98,TIC260420061_sector98.npy,0.3335790653049177
0.00041326249476423123,0.0030581758722393326,0.0003440167849030373,0.9994203282831248,1.000646076913764,0.7259243457902383,1.6700418180291194,278865342,95,TIC278865342_sector95.npy,0.33357695537738646
0.0002991370439471784,0.0027378176465754356,0.00013011756845857065,0.9995029531135541,1.0004533357477963,0.275614485792985,1.5304469003645274,176876294,68,TIC176876294_sector68.npy,0.3335141647682502
0.0009572717001170281,0.005774252295942417,0.0007596931559104508,0.9985470098005211,1.0018199416011428,0.24521879757135345,0.14815745878298126,350823719,9,TIC350823719_sector9.npy,0.33348120391331787
0.0001698537582647066,0.0012430901551467866,0.00014655422702010513,0.9997258760255339,1.0002757180861785,0.11150755226435217,0.0340781773054295,149347992,6,TIC149347992_sector6.npy,0.333454689468145
0.0009526126056544844,0.008136854477950761,0.0010479001933810298,0.9985353659881782,1.0016217022534395,0.2558524692885624,0.59911742069403,364326480,38,TIC364326480_sector38.npy,0.333454500858219
0.0001601519572243757,0.0014732885700404763,0.00017501340433783387,0.9997490365818977,1.000268923029997,0.09273609626248853,0.6571204578148255,260420061,13,TIC260420061_sector13.npy,0.33343235202350846
0.00018688974377364316,0.001633544439184842,0.00017482843116014055,0.9996766806018139,1.0002978799510405,0.1259630169337761,1.3678284585493667,260041674,69,TIC260041674_sector69.npy,0.33342102229501036
0.00039469592603680494,0.005017468538167202,0.0003936738474771276,0.9993875101023603,1.0006166449209413,0.28041409085254243,2.86772548996899,350522196,97,TIC350522196_sector97.npy,0.3334177612191008
0.0009939749054593626,0.00782949914765807,0.0009816446062901195,0.9984686113524073,1.0016393947011335,0.3156815543418569,0.5153227856225966,167523976,4,TIC167523976_sector4.npy,0.33339959319281876
0.00017359092147564812,0.0012193878068954556,0.00016931554401619167,0.999717010683719,1.0002802838919291,0.22565336821792023,0.42133232117963404,260420061,4,TIC260420061_sector4.npy,0.3333088800951942
0.0002053948780133617,0.001463107460937585,0.00022147909943358434,0.9996611249943912,1.00034202719809,0.11944926526003119,0.36369445638759323,149347992,96,TIC149347992_sector96.npy,0.3332752909544052
0.00018057171266982696,0.0012948880141462338,0.00015319843119139317,0.9997139324263152,1.0002914830939085,-0.02375797638458124,0.04490013782461233,149347992,4,TIC149347992_sector4.npy,0.33319578820939505
0.00018316032253572139,0.0014772531851872106,0.00015391871321007017,0.9997173270148377,1.000295292762763,0.06585594185199492,0.40254449194009423,149347992,36,TIC149347992_sector36.npy,0.3331947565693507
0.000290998583186233,0.0019684750986481703,0.00012468648243854733,0.9995091838327922,1.0004684377721837,-0.2645361239461686,0.4633913411260395,176876294,3,TIC176876294_sector3.npy,0.33315961637011227
0.00018765914525577942,0.0019359526085708234,0.00018470701921762529,0.9996688757008054,1.000280080994961,0.07325859646273085,1.8055888944120086,142085842,9,TIC142085842_sector9.npy,0.3331231371646148
0.0010668117581451868,0.007712897252602602,0.0009670702057210909,0.9982133169468023,1.0015458412985008,-0.3039861403748905,0.8803306306016965,149971754,28,TIC149971754_sector28.npy,0.3331230645548996
0.00016558418210239675,0.0013467199168087918,0.00018306582370038017,0.9997333992476891,1.0002739362962751,0.18445918272068115,0.5888278724941163,260420061,39,TIC260420061_sector39.npy,0.33306583981999305
0.00016915985761516942,0.0013207411991132956,0.00014428460473234583,0.999718015243257,1.0002845094436945,0.043515546020461766,0.1222901514536976,149347992,12,TIC149347992_sector12.npy,0.3330592326761124
0.00023916581279193855,0.0022679642691865176,0.00021402584638572454,0.9996443182227764,1.000498220391654,0.34246165994819133,1.0382296519056116,260041674,88,TIC260041674_sector88.npy,0.3329430839996257
0.0001826997813467877,0.0016366247606516282,0.00020347542258044302,0.9996996328434513,1.000288345523001,-0.11412435090713387,0.7654059847438801,141810080,63,TIC141810080_sector63.npy,0.332942724849413
0.0001720957465369505,0.0016587169902283483,0.00017351453187942082,0.9997470789845357,1.0002819841365367,0.21971742658923213,1.1762351597838538,260041674,62,TIC260041674_sector62.npy,0.33292590769395913
0.00016770518812011493,0.0017898977842411012,0.00014351804155410914,0.9997455838812004,1.0002824070853067,0.14753074748239975,1.1517419278799128,149347992,30,TIC149347992_sector30.npy,0.3329212087153898
0.00019720576190807365,0.001411446722601739,0.0001753446624295768,0.9996936104346672,1.0003073796901334,0.11852066589166597,-0.02215693344794234,149347992,66,TIC149347992_sector66.npy,0.3329120205812843
0.0008972000446013223,0.005520207140406352,0.0007237297718500142,0.9983821386353782,1.0013065225811006,-0.335534419801121,0.2843779085714946,350823719,33,TIC350823719_sector33.npy,0.33291198500608327
0.00021031939212984389,0.00209320017894854,0.00019991901592910182,0.9997033797158005,1.0003901724605346,0.31868290062254606,1.2713164497024012,149988523,88,TIC149988523_sector88.npy,0.33283291025542217
0.00016581095542561193,0.0013134916416410736,0.00017894262769336543,0.999721459558174,1.000258690221398,-0.007466049215656976,0.6325248340107237,260420061,90,TIC260420061_sector90.npy,0.33281549871433036
0.0003113791502353555,0.0020408141372135757,0.00014867213286200517,0.9994875440569978,1.0004894339078176,0.11027336774049215,-0.33204784739623516,150393390,27,TIC150393390_sector27.npy,0.3328084807548687
0.00020635795120239745,0.0013680971855531965,0.0002267810417653938,0.9996765395489605,1.0003365006357956,0.10483905038177072,0.14420046252152385,176876294,88,TIC176876294_sector88.npy,0.3328042259386604
0.00020990979561183318,0.0015415430675326247,0.00022918468149592204,0.9996544290553775,1.0003418282932073,0.005688230808212654,0.1257458275563832,260655847,2,TIC260655847_sector2.npy,0.3327417068252763
0.0001684788138559669,0.0012559637174196503,0.0001775131398864218,0.9997265145362718,1.0002717626496305,0.042773788353501686,0.16772387500394492,142085842,12,TIC142085842_sector12.npy,0.33273854764845645
0.00045806053892279613,0.00417297351707524,0.0004508277248201479,0.9992724913912366,1.0007402734431188,0.5282236355072777,2.463717426183992,141809220,93,TIC141809220_sector93.npy,0.3326909796497724
0.00048528184028334475,0.004751957187624112,0.00047037655524762424,0.9992152449799644,1.0007667609314281,-0.3046433968680894,2.5783487345929013,350298145,87,TIC350298145_sector87.npy,0.33268756920018144
0.0009143468717273737,0.00924320096257547,0.0009267136320845099,0.998499563509126,1.001500906722652,-0.005877751257346606,1.1518876668747104,149971754,66,TIC149971754_sector66.npy,0.33259511900169725
0.00017456596612444277,0.00131500863570011,0.0001839754159425441,0.9997283935920084,1.0002825974474758,0.07649052549830676,0.3350375620420949,260420061,31,TIC260420061_sector31.npy,0.3324425813813907
0.0008686547070578621,0.006019093480768789,0.0008200439350850747,0.9984876631215471,1.0012004367653347,-0.4294783634772667,1.1088829295168106,309792357,3,TIC309792357_sector3.npy,0.33241115192149506
0.00017520609241320756,0.0015614585263780123,0.00017729302525125185,0.9997186735259768,1.0002841033656993,-0.0787647307211469,0.2812288935929299,260420061,88,TIC260420061_sector88.npy,0.3323857187660396
0.001024258578519671,0.006594636629109862,0.001072698900121476,0.9980958313437274,1.001549058174933,0.009339700028149952,-0.0005223329743255789,149301575,36,TIC149301575_sector36.npy,0.33237762676504357
0.0001675604241511161,0.0014060058853684332,0.0001721628839186036,0.9997177662033192,1.000272775172778,0.00437791247087921,0.7246383656529183,142085842,34,TIC142085842_sector34.npy,0.33236720738687237
0.00017390180792459307,0.0011475161737071193,0.00018165224617458053,0.9997191180525573,1.0002820658490073,0.055717996451736126,0.23155479801632994,260420061,8,TIC260420061_sector8.npy,0.3323582584529953
0.00030554587769912546,0.0027859627980160173,0.0003289444954326186,0.9995299644213499,1.0005223698776768,0.5297746561713635,1.5586586701772625,278730120,13,TIC278730120_sector13.npy,0.3323384161094848
0.00017394000663059124,0.0014235079075923807,0.00017517463497935832,0.9997399092489928,1.0003187223826626,0.14949464921599376,0.5757574474803357,350298145,9,TIC350298145_sector9.npy,0.33232492025870497
0.00018579545811280246,0.0012926194147037107,0.00019940751535802264,0.9997040412639674,1.0003051230103432,0.07745817126765325,0.35053670826704364,260420061,12,TIC260420061_sector12.npy,0.33229075636588457
0.0002026220010088515,0.001525408356138791,0.00022169435361996687,0.9996778927523945,1.0003438064443548,0.10476061946340942,0.3133472882392909,176876294,93,TIC176876294_sector93.npy,0.33226210132893363
0.00023264502385351489,0.00170831642294067,0.0002507289411805246,0.9996445938914091,1.0004033160016659,0.4015237359747905,0.7156194195291397,142108949,9,TIC142108949_sector9.npy,0.3322440372294793
0.00032490647222803984,0.003499550493789916,0.0003066491298861233,0.9995336238739178,1.000534774190355,0.27090243259752556,2.548525242231734,150392584,62,TIC150392584_sector62.npy,0.33224367920219783
0.00016319165703761787,0.0014669449008948288,0.00017924667387681802,0.9997385722642632,1.0002707931992434,0.15224962422948216,0.6661902369258303,260420061,9,TIC260420061_sector9.npy,0.3322114994631553
0.00023541531433988295,0.002569233530094639,0.00023630295571315757,0.9995994449917147,1.0003406598054485,-0.1631379383254165,1.1891757921996113,176876294,96,TIC176876294_sector96.npy,0.33220818625459897
0.00022731746339475415,0.002013895636329255,0.0002264777264361187,0.9996118244810651,1.0003448061506481,-0.2048173782715038,1.0133622608121042,370227780,68,TIC370227780_sector68.npy,0.33217772580060456
0.0009777493072992787,0.0064763406457855055,0.0010207550779981554,0.9984914337522668,1.0017547517709806,0.004029715237321614,-0.21290464820155952,149301575,29,TIC149301575_sector29.npy,0.33216975691171907
0.00021410947865818476,0.0016331108948356432,0.0002219538642341876,0.9996463651503437,1.0003403063069347,0.18000893122739287,0.5499948171655769,260655847,3,TIC260655847_sector3.npy,0.33213666357474897
0.00019119375600251237,0.0017935014156706952,0.00019790232197090042,0.9996916190546558,1.0003048816824094,-0.08270199635237083,1.1451206933026814,260420061,96,TIC260420061_sector96.npy,0.3320100903761075
0.00017445635240803564,0.0011821485609944116,0.0001858330447164337,0.999721296616417,1.000298414142733,0.16334046032674057,0.1696456178471819,260420061,11,TIC260420061_sector11.npy,0.33199140325824594
0.00020582036797876855,0.0015618047498188181,0.00022359643456949956,0.9996659550147207,1.0003445032044929,0.12080098210422148,0.2224344120082189,176876294,87,TIC176876294_sector87.npy,0.33196825609724007
0.00030021507106803844,0.001838112793147939,0.0001382382864746749,0.9995053549010049,1.0004850742640305,0.006308280913318396,-0.21970856306730235,176876294,35,TIC176876294_sector35.npy,0.3319455269007291
0.0010030965202505995,0.008034358658875362,0.0010936873636022448,0.9983978772209344,1.0016746383563848,0.1879222819661609,0.5244911535579844,364326480,13,TIC364326480_sector13.npy,0.33193001117822757
0.0007792988757993705,0.006432743208225955,0.0007585235255207719,0.9988960926628162,1.0014020788153002,0.5337216270402132,1.1459194974280518,350444342,34,TIC350444342_sector34.npy,0.33192100305785815
0.0010189732115469588,0.0068883628389337925,0.0010196816661441012,0.99848366229766,1.0018834937258123,0.15592344426876492,0.06280009016678356,149971754,5,TIC149971754_sector5.npy,0.3318868133053795
0.0002091531508626489,0.0015067953175122994,0.00023194170317197415,0.9996634745305976,1.0003452108196471,0.10016267481200988,0.3645147297947431,176876294,89,TIC176876294_sector89.npy,0.33187394966121186
0.00017137376169539594,0.0012426064171211504,0.0001853223002679389,0.9997215201325176,1.0002767460001227,0.0807759051756625,0.21161374221635088,260420061,10,TIC260420061_sector10.npy,0.3317981079198302
0.00021253774831911864,0.0016388183254908428,0.00023480016501373888,0.9996488858653774,1.0003567526371133,0.20671249613994347,0.370224203047711,260420061,37,TIC260420061_sector37.npy,0.33172307706751086
0.00019375090793178506,0.0015061827177276221,0.0001801017405118398,0.999714084017539,1.00033349904306,0.11549677206999584,0.38572307194741073,260507093,12,TIC260507093_sector12.npy,0.331675292992069
0.00018186470295602917,0.0012381254827686927,0.00019428270215028127,0.999697839770774,1.0002808535435337,0.05650760519411016,0.42967477541064003,350298145,37,TIC350298145_sector37.npy,0.33166752436663816
0.00032679291212971167,0.002003852079310642,0.0001508264136701252,0.9994573037052372,1.000544315478521,0.017183732327500822,-0.26172103797770463,176876294,13,TIC176876294_sector13.npy,0.331648942875346
0.00023169714882850985,0.0016426629542423132,0.00025282958807020884,0.9996462620622866,1.0003983530568261,0.2499151385863698,0.4752794606821138,260655847,32,TIC260655847_sector32.npy,0.3316387514886494
0.0007822800357341999,0.008707337470789778,0.0007409478225683784,0.9987534946290251,1.0012244982403584,0.051649911652974764,2.2912955903938377,350765991,68,TIC350765991_sector68.npy,0.3316306861350531
0.0009717251059279641,0.006879274776271482,0.0010885046087191475,0.9983527243480799,1.0016432050059008,-0.09329220220108304,0.27363964444929145,149301575,5,TIC149301575_sector5.npy,0.3316276459553002
0.00032079772859010453,0.0020025809846722087,0.00014607167016018416,0.9994706818772543,1.0005270755408355,-0.06035659728247385,-0.28614353901184186,150393390,65,TIC150393390_sector65.npy,0.33162249657063814
0.0002976057319083244,0.0022354203444920895,0.0001412592923666056,0.9995027692876574,1.0004726491595641,-0.1679427560836533,0.09981290733942982,176876294,10,TIC176876294_sector10.npy,0.3315768546146964
0.00019361023787815512,0.0013750131515262165,0.0001930216039292679,0.9996741686376177,1.0003179954965318,-0.04420179358344834,0.4191695791918919,260420061,97,TIC260420061_sector97.npy,0.3315218133626315
0.0009847637131258562,0.009039126916034257,0.0009847354804848167,0.9984663468003542,1.0016096564627264,0.23201567684040686,0.6938031333731685,149971754,34,TIC149971754_sector34.npy,0.33144191490063096
0.0003148680527884053,0.0021974216424449633,0.00016033186146474594,0.9994811960628908,1.0005098806855814,-0.06691508195490603,-0.24496523783933455,150393390,33,TIC150393390_sector33.npy,0.33141879953096404
0.00018387536642517304,0.0014225697091980738,0.0001869716495510339,0.9996674196531488,1.00028491825455,0.07941765238680575,-0.027076125523357586,260041674,11,TIC260041674_sector11.npy,0.33140259074923184
0.00023717412411997479,0.0022569645247499937,0.00025552259312311605,0.9996391962759645,1.0004065882777697,0.31458015671951217,0.9863705584380535,260640910,94,TIC260640910_sector94.npy,0.3313961925248544
0.0001761135049904767,0.0013573886405376934,0.00018500439309591726,0.999717534191798,1.0002762484571455,-0.1057297309188841,0.6429815563936105,260420061,87,TIC260420061_sector87.npy,0.33137741889648725
0.00019479797786433323,0.001716929166498904,0.0001786414550893134,0.9996298747663511,1.0003011186021784,0.13177134905579485,1.6252998986091445,350298145,34,TIC350298145_sector34.npy,0.3313534421035953
0.00037571631291006803,0.002226291627495214,0.00016647772680607233,0.9993985410420355,1.0006741372874695,-0.012652676494391222,-0.3614559302583733,150393390,6,TIC150393390_sector6.npy,0.33130007666695
0.00035464404167274527,0.0023953644945584607,0.00033314232326727013,0.9995114212063702,1.0007095355694402,0.578566374660179,0.9067805942298341,278730120,29,TIC278730120_sector29.npy,0.33127295435584375
0.0010485573817778464,0.006790290157176249,0.001004102090900052,0.9981425393191403,1.0016702112427887,0.04151732781284888,-0.07394321701106676,149971754,9,TIC149971754_sector9.npy,0.33125494593600724
0.0006757519492402759,0.007211729668575972,0.0006600448405840548,0.9989002915066721,1.0010324178657035,-0.2782481626624113,2.4942117776673784,261417533,64,TIC261417533_sector64.npy,0.33121491878135934
0.00018935942936925142,0.001969286405851145,0.00019794725300507739,0.9996833030490276,1.000305126232589,0.04915650425225409,1.2787262974106781,142085842,38,TIC142085842_sector38.npy,0.3311924790796263
0.00020319503667268283,0.0014310506729470207,0.00022123281259928417,0.9996869487692094,1.0003508844857132,0.15275633025042626,0.480821284875546,141810080,98,TIC141810080_sector98.npy,0.3311434985184381
0.000939025800813512,0.006285453588157797,0.0009369053889091705,0.998650544681469,1.0017799923441724,0.04678659148349899,0.1768959158412069,260004324,8,TIC260004324_sector8.npy,0.3311070371218341
0.00024504621785809285,0.002139241793724933,0.0002567785174175875,0.9996315396624161,1.000423998672905,0.3302356114928699,0.9268682361514875,260655847,9,TIC260655847_sector9.npy,0.33108816135121083
0.00034082861731513623,0.0021198472980112903,0.00018028984339381923,0.9994297142187655,1.0005526103134506,0.04053170676091759,-0.3759657383779169,150393390,32,TIC150393390_sector32.npy,0.331070709298427
0.0010592617896224435,0.007671734129587993,0.0009798309202983472,0.9982806483352885,1.001775641004053,0.06253055132413975,0.23666069767398046,149971754,61,TIC149971754_sector61.npy,0.3310358104340963
0.0004688548506393797,0.0053795067410373765,0.0004557169833630229,0.9992639038930151,1.000720271167976,0.19227949283709683,3.0968203609343847,176873028,95,TIC176873028_sector95.npy,0.33101904651155134
0.00020767589664437728,0.0017141652520702433,0.0002259988619334724,0.9996584884844052,1.0003348774791856,0.0665106721943932,0.36715881408643236,176876294,90,TIC176876294_sector90.npy,0.3309858432180091
0.00022807558737715213,0.0015517774428575049,0.0002386068389222644,0.999587834023434,1.0003541403421807,0.046598084809005236,-0.09200076868735829,260640910,87,TIC260640910_sector87.npy,0.33097294957883183
0.0009519395285254095,0.006884127556300856,0.0010264936053081743,0.998460953579269,1.00149799358131,-0.13519704427504273,0.4804976210226837,149971754,33,TIC149971754_sector33.npy,0.33085827122655975
0.0002143213093187861,0.0014302361926553653,0.00022537178026439092,0.9996491934728364,1.0003460772262012,0.09512641810601416,0.07810377719889772,149347992,97,TIC149347992_sector97.npy,0.330838930443135
0.0009381340261479772,0.006862391353056774,0.0010008031347869414,0.9986096938144432,1.0016110050026539,0.2587204653497723,0.42709869526995003,149301575,34,TIC149301575_sector34.npy,0.33078776119200426
0.0008723699229308243,0.006123089901316825,0.00038451299392381195,0.9987364027867198,1.0015452757440755,0.3432826231410335,0.41321397586521025,278777070,5,TIC278777070_sector5.npy,0.330761089267327
0.0003325073182427961,0.002144136453413492,0.00016513281871546626,0.999453887061827,1.0005397484232041,0.060871353352861444,-0.17473913097717775,176876294,7,TIC176876294_sector7.npy,0.330759353797091
0.000246065827479985,0.0015756829359718783,0.00025824389946752055,0.9996111343041991,1.0004053261287884,0.059012384043689185,0.013492178130578125,260655847,11,TIC260655847_sector11.npy,0.33073132986700593
0.0008602420931898521,0.005247470110311125,0.0008400242155652631,0.9987481407649692,1.0015476534528107,0.29632183986999544,0.08822571044630312,149302552,33,TIC149302552_sector33.npy,0.3306999284915285
0.00018823201858623087,0.0017781553364933922,0.0002006499324626259,0.9996889895231327,1.0002906357725179,0.13150320708273622,0.9824771181128726,260420061,67,TIC260420061_sector67.npy,0.330678469694885
0.00029844790809762517,0.0018744510851833596,0.00014834130714530539,0.9995219820786748,1.000487306533589,-0.06693944820029629,-0.13661650550879623,176876294,64,TIC176876294_sector64.npy,0.33065812710972564
0.00030255660363193875,0.0019303421082417227,0.0001314159939757634,0.9995127917490121,1.0005068682977774,-0.004610395969147526,-0.21816236089462615,176876294,62,TIC176876294_sector62.npy,0.3306525708346164
0.00025561053863878063,0.002428376905052043,0.0002597017840480756,0.9996038381579191,1.0004277598342688,0.3575693641568553,1.3865156835492334,260041674,12,TIC260041674_sector12.npy,0.33064458992803153
0.0010365816518661441,0.006823260918220275,0.0010359199896561018,0.9984234364575378,1.0016550290224921,0.025269991888224468,-0.017315462720854047,149971754,37,TIC149971754_sector37.npy,0.3306401089606384
0.0010255707625149014,0.008434750393377821,0.0010297150603753454,0.99830038817648,1.001603442291994,-0.06677490684336175,0.16431353288718764,149971754,87,TIC149971754_sector87.npy,0.330631343973246
0.0007439374902352882,0.007156353928453929,0.0006387289794698477,0.9988724798094917,1.0011622624969454,0.5011901547943738,2.037123494918032,348839788,3,TIC348839788_sector3.npy,0.3306259371236594
0.0009854955245746733,0.008420976927414281,0.0007398763034364923,0.9983523210807103,1.001531745410983,-0.037103989561053714,0.47473784737122937,350823719,65,TIC350823719_sector65.npy,0.33060617179767327
0.00040321808552814647,0.003349890822034518,0.0003970805792868414,0.9993994934290903,1.0007142561769853,0.594753386162284,1.2499697969998946,260041674,8,TIC260041674_sector8.npy,0.330590108485203
0.0002093502604763377,0.0019480160640679145,0.00021535317728448028,0.999683787136588,1.0003636651352694,0.18531900173905047,1.0546840449404904,350298145,63,TIC350298145_sector63.npy,0.3305422771771688
0.00018945352105593396,0.0017354822047233043,0.0002084545124903993,0.9996964969987469,1.0003113003029789,0.15662071183947346,0.8584348471336214,260420061,38,TIC260420061_sector38.npy,0.3305180249673369
0.00032556702922885064,0.0028976379493595994,0.00026205810597313903,0.9995200514131372,1.00059135068768,0.4112735825908674,2.0511077611320223,370227780,98,TIC370227780_sector98.npy,0.3305064617078179
0.0007434766184721793,0.007765857352628469,0.000779969253956532,0.9987823199333202,1.0011186773542766,0.3216878815666572,1.6243740641958828,278777070,38,TIC278777070_sector38.npy,0.3305050368459056
0.0007215879944971129,0.006576144805673367,0.0006672159514121561,0.9990588702735262,1.0013824308069776,0.44849431257753664,2.090149459884917,350765991,10,TIC350765991_sector10.npy,0.33049911248127456
0.00017123674874426197,0.0013768289867281958,0.0001876810947855322,0.9997174794605895,1.0002733523602003,-8.307266634333077e-05,0.5823303014374823,260420061,93,TIC260420061_sector93.npy,0.33041769961527995
0.0010364016961802276,0.007515490248786394,0.00105990348552912,0.9983538305598239,1.0016727784490267,0.1546313436943134,0.1095358544554319,149301575,39,TIC149301575_sector39.npy,0.3303844420680664
0.0008814813564753755,0.005712527140127488,0.0008324537457279937,0.9986987323990574,1.0015818199028037,0.282144446219252,0.30607141280684,149302552,13,TIC149302552_sector13.npy,0.33038128773634784
0.00018372994580299266,0.0014540702413856632,0.00018382162077884687,0.9997184990792536,1.0002939034550944,0.04084682163731356,0.6251949397495058,260420061,94,TIC260420061_sector94.npy,0.3303732889092486
0.00033304603492575,0.002293541063500326,0.0001428156911844408,0.9994743036008344,1.000524103055913,-0.09841296935637334,-0.19219303390019604,176876294,32,TIC176876294_sector32.npy,0.33032756370230676
0.000979082072619767,0.007949192295970353,0.0007574042203945583,0.9984246706119972,1.0015532922989032,-0.16591890126811057,0.5591785827442748,350823719,64,TIC350823719_sector64.npy,0.33032743359711364
0.0009644213334700761,0.007561890613105304,0.0010725052881297473,0.9984496179186273,1.0016534859637651,0.18728289601571219,0.35486656138368344,149301575,12,TIC149301575_sector12.npy,0.3303227422359446
0.000336206980846417,0.002032684476791391,0.00016331337609830734,0.9994592730509326,1.000588713173752,0.12425205195838177,-0.14150590552985332,150393390,37,TIC150393390_sector37.npy,0.33032253655577315
0.0003168199970315417,0.0022498124766638927,0.0001529274955772649,0.9995027393723703,1.0005264791104629,0.1294650307961664,-0.17837291712458958,176876294,61,TIC176876294_sector61.npy,0.33030316086628136
0.00033275029566390545,0.002140189161644379,0.00016452309954321755,0.9994483855350893,1.0005425025449353,-0.09211478787722924,-0.07236358047411384,150393390,31,TIC150393390_sector31.npy,0.33029792489986204
0.0007882881133018859,0.00762025601864702,0.0007745992146229235,0.9988348970676776,1.0013620157342644,0.46346987304578197,1.1582985389483182,278777070,34,TIC278777070_sector34.npy,0.3302925548054778
0.00021220738663739426,0.0016278617937175444,0.0002257063512670051,0.9996410283413522,1.0003470619948507,0.05852573638620305,0.14621735217994836,176876294,94,TIC176876294_sector94.npy,0.3302668970703149
0.001013903829482976,0.007575675188589703,0.0009671849971131263,0.998318484774332,1.001749374219742,0.06776259040884776,0.384764502483109,149971754,62,TIC149971754_sector62.npy,0.330241928607083
0.00029193978303561965,0.001789124710611878,0.00015102439806992775,0.9995016956795212,1.0004689873038275,0.06004789213206359,-0.09729590284041079,176876294,9,TIC176876294_sector9.npy,0.3301996817936807
0.0008328293480024743,0.008163646693934323,0.0009015910005206741,0.9986906330223058,1.0013136873832276,0.2453706440204673,1.4181952388738077,350299588,90,TIC350299588_sector90.npy,0.3301929651290378
0.0009323233258321545,0.0076445663378422735,0.0009686644899790354,0.9984139843352667,1.0014244301386905,0.1410051407445418,1.0075267561842782,260004324,66,TIC260004324_sector66.npy,0.33017020339400893
0.00022177852303899696,0.0018167595307001516,0.00023920772452238256,0.9996535333029771,1.0003819258397688,0.2329500621954049,0.39482195746780624,260655847,34,TIC260655847_sector34.npy,0.3301686932822037
0.00024196457632472858,0.0017892996739418132,0.0002482579911196564,0.9996141014705159,1.0004068049290717,0.22805254357181143,0.20253724444909293,260655847,8,TIC260655847_sector8.npy,0.33015006058366425
0.0009612552261557436,0.006220337592266367,0.0010171048669114938,0.99824605181954,1.0015397023951995,0.030326407786755247,-0.028283529569411048,260004324,93,TIC260004324_sector93.npy,0.3301283985138476
0.00073395671678199,0.006256644803740885,0.000789074181505189,0.9988217019245221,1.0012203644877178,0.5404476533440508,1.684595572902567,149121385,27,TIC149121385_sector27.npy,0.3301263351984973
0.00021256898014275865,0.001680172735915364,0.0002259800123506091,0.999652840995436,1.0003435612412903,-0.03969239352741196,0.013912251644946583,149347992,93,TIC149347992_sector93.npy,0.3301117457915695
0.0007739194071904631,0.00868342565631075,0.000748650580333504,0.9987838727590993,1.0012376685607662,-0.24597380061202154,1.6497391182041508,167523976,65,TIC167523976_sector65.npy,0.33010066670956667
0.0008415721534147521,0.008765399360208148,0.0007319912534676154,0.9988720846449074,1.0015128582029864,0.15468944369344745,1.6544864460628137,167523976,8,TIC167523976_sector8.npy,0.3300807860901113
0.0010021786637385347,0.00700941024827928,0.0007371531894819049,0.9982534075037186,1.0016181442300969,-0.016249511609811026,-0.20491680347502195,350823719,68,TIC350823719_sector68.npy,0.3300634686914978
0.00027325257380856634,0.0017734460963324539,0.00013380243139263904,0.9995408327970287,1.0004272826210912,0.01195858050739069,-0.05808764785309828,176876294,28,TIC176876294_sector28.npy,0.33002189787209196
0.0009723355300994566,0.006498811327203535,0.0009713373078875606,0.9982055551957334,1.0014811350869015,-0.04308727338078315,-0.1265520159388802,260004324,3,TIC260004324_sector3.npy,0.3300134014606985
0.000345488087712994,0.002154395557995681,0.0001564564417410449,0.9993953392169641,1.0005423287446507,0.08278018901497379,-0.18970050853379972,176876294,37,TIC176876294_sector37.npy,0.330008325885477
0.000224985243414264,0.002022889870882616,0.00024541476906369197,0.9996503275728089,1.0003715008517828,0.20201697519524506,1.0323522546880257,150392584,12,TIC150392584_sector12.npy,0.32997469155187537
0.0003358814492870067,0.0021353000290622592,0.0001623244471835855,0.9994573444351336,1.0005933388640709,-0.10694053929716638,0.03709993957533886,150393390,61,TIC150393390_sector61.npy,0.32993167706013604
0.0002785387920431783,0.0024890643437712745,0.00030241296379422233,0.999573109759517,1.0004562130120358,0.3314878398478933,1.2836786983323663,142085842,63,TIC142085842_sector63.npy,0.3299272767060543
0.000985098770694407,0.007328521299132085,0.001033804438059478,0.9983827652471386,1.0017420734204365,0.05329323191617036,0.1292146807943504,149269178,63,TIC149269178_sector63.npy,0.3299221663999003
0.0003505379620275579,0.0032058125747492783,0.00033268954253082045,0.9994384635485408,1.0005299301116035,-0.426069784483425,1.6258746927145173,278865342,93,TIC278865342_sector93.npy,0.3299207763878682
0.00021172414740671606,0.0018887552208473046,0.00022749957606337578,0.9996667674812841,1.0003382235674119,0.09170620919639437,0.8383280571110241,149347992,88,TIC149347992_sector88.npy,0.3299171071811373
0.0008094729956330491,0.00788827793045721,0.000853222461293751,0.9987176497758055,1.0013143146900951,0.28509776805656917,1.2493028402884034,149971828,37,TIC149971828_sector37.npy,0.3299145280916186
0.0009530488205231086,0.008029072576822283,0.0010569741550836387,0.9984713150767084,1.0015915481474142,0.11087828331090593,0.4286777118417131,149301575,32,TIC149301575_sector32.npy,0.3299060208149174
0.00023321600157870552,0.0018093095981764895,0.00025841950418012914,0.9996170310815798,1.0003900461368627,0.16940290454971307,0.24233937531206795,260655847,13,TIC260655847_sector13.npy,0.3298835883415997
0.0005229838401261859,0.005448579506714402,0.00042401721388866964,0.9991636586865648,1.0007410316200687,-0.10358852617463293,2.619977228218623,176873028,67,TIC176873028_sector67.npy,0.32988254695986396
0.0008839249545714196,0.008009365356197562,0.0009400632418265971,0.9986241840521874,1.0013826438699167,0.19355661336927252,1.1539109432124803,293268667,93,TIC293268667_sector93.npy,0.32988088732394594
0.00047232111811546234,0.0039200764204191385,0.00047444467543607754,0.9992966192651358,1.0007666298587803,0.5256967590826744,1.5765364895820584,350343922,1,TIC350343922_sector1.npy,0.3298744814421321
0.0002308991016502559,0.0017269625907664343,0.00024413895145227753,0.9996283553979335,1.0003748819649843,0.19287420361648963,0.3535554607300653,260655847,27,TIC260655847_sector27.npy,0.3298740334093877
0.0003823808718306663,0.004438145345613598,0.00037462620556927295,0.9993987025791357,1.000635609081274,0.4284449252425859,2.464779903512013,350522196,31,TIC350522196_sector31.npy,0.32987234830540185
0.0009176103764773182,0.0067793340912485345,0.0008381045190762097,0.998324938518914,1.0013800474960493,-0.21297116284356207,0.3539081567729947,350823719,31,TIC350823719_sector31.npy,0.3298702782116254
0.000979955013461968,0.006505437368670042,0.0006912708633275718,0.9982921331422633,1.0014642494906179,-0.14716081216255592,0.01392903998435191,350823719,61,TIC350823719_sector61.npy,0.3298634347200389
0.0009609880448755231,0.00731745051771826,0.0010631355018893502,0.9984747722718876,1.0015961909011704,0.19849287869374185,0.6635083077464738,364326480,28,TIC364326480_sector28.npy,0.32982749091846514
0.0010171791019343704,0.007916632470191476,0.0010201561865942651,0.9983142511006637,1.0015643534511216,-0.11098161284313107,0.7745958618158624,149971754,63,TIC149971754_sector63.npy,0.32978901696138635
0.0002270863053953877,0.002021812729116612,0.00023259621370938312,0.9996330483506445,1.0003431348209915,-0.048866756543520025,0.42464716326499286,260078030,66,TIC260078030_sector66.npy,0.32977890302187934
0.0002056862040238481,0.001703112364695225,0.00022362067088041633,0.9996576318611611,1.0003221806985092,0.09086748671203394,0.5770862194839084,260420061,29,TIC260420061_sector29.npy,0.3297598428178602
0.0009391203926109626,0.0068290989134311975,0.0009510868249498851,0.9985812918257506,1.001857927501732,0.07600927504196463,0.21303904021175057,260004324,67,TIC260004324_sector67.npy,0.3296907121248819
0.0009498453947821056,0.006852810399957665,0.0009443442153865579,0.9982415074698311,1.0015600952959083,-0.026359741029394448,0.19301907410407226,278776865,68,TIC278776865_sector68.npy,0.3296725838964661
0.00032195344325624994,0.002446685443770691,0.00016136532673767702,0.9994868325989424,1.0005187579508454,0.20014313071455841,0.21138338468856288,150393390,69,TIC150393390_sector69.npy,0.3296530878455416
0.0009403769493282985,0.0073526210752071774,0.0007337784304374289,0.9985962454585171,1.001613035929179,0.2729114683746127,0.5545363394487395,350823719,6,TIC350823719_sector6.npy,0.3296347906991339
0.0007265240301375892,0.007829280719589438,0.0007823039481971152,0.9988846716685315,1.0012158716556387,0.38975103646363574,2.0003042114961653,350444342,98,TIC350444342_sector98.npy,0.329633036119855
0.0009220527083495672,0.0065633032405217895,0.0010070542031029234,0.9984787296403047,1.0014599655185752,-0.14580964127027124,-0.005195177745734636,364326480,87,TIC364326480_sector87.npy,0.32962287014914216
0.0005378632488095238,0.005798093598771814,0.0005259581743348668,0.9991765423717167,1.0008885289151974,0.2619632322423759,2.4079315591656947,176873028,29,TIC176873028_sector29.npy,0.3296156435585053
0.0009537874402509493,0.008172846961285174,0.000996261087528819,0.9984729683264014,1.0015285051618612,0.03381820882436364,0.2666252286936679,149301575,65,TIC149301575_sector65.npy,0.3296109378749374
0.0009545853941730962,0.006364269635356856,0.0009665852615489861,0.9984510621859635,1.0015794926059707,-0.1065457868352848,0.03484227952760088,149301575,98,TIC149301575_sector98.npy,0.32953760081350675
0.0009937583223583238,0.006996323598281173,0.0009777714634152934,0.9981941806729918,1.001496544264296,-0.01030055444667126,0.7303941096052067,350862394,10,TIC350862394_sector10.npy,0.32952287039076195
0.00024086359510505114,0.0018835062949527082,0.00025837424742143964,0.9995921051953778,1.0003813188903719,0.2036937018356233,0.6049518065317381,260655847,10,TIC260655847_sector10.npy,0.3295218647178731
0.00031787562915405905,0.002017271157292888,0.00015295921487436866,0.9994949527065349,1.0005714880195051,0.12595735553532267,-0.049834864338207385,176876294,27,TIC176876294_sector27.npy,0.32948901151077
0.0009214740042460392,0.008396057678986324,0.0009750719106639313,0.9984729148236547,1.001535503376168,0.19179223659675576,0.8401003898145842,364326480,34,TIC364326480_sector34.npy,0.32948458786140034
0.00022763442899370793,0.0017919996288979778,0.0002532707152786967,0.9996461666275501,1.0003816428416081,0.1488640993930233,0.23554093141525234,260640910,89,TIC260640910_sector89.npy,0.3294610479652992
0.0007497924957133113,0.0068830257699262765,0.0008253933527549517,0.9987947368177188,1.0011666656998324,0.4436725702610948,2.149029594280207,350522196,65,TIC350522196_sector65.npy,0.3294445959648394
0.0009002678662962373,0.008441853144378064,0.0009638102303259607,0.9985357450878095,1.001474981412638,0.1369065544155156,0.8389788797283075,293268667,88,TIC293268667_sector88.npy,0.32942267019658295
0.0003218165320950141,0.0020726943921008933,0.0001656555044016499,0.9994768125254351,1.0005401127317834,0.09128313671373792,0.021586450472594443,150393390,39,TIC150393390_sector39.npy,0.3294175972635586
0.0009685877182042708,0.006358153363668184,0.001000688451677485,0.9983507819958792,1.0015733666776343,0.09187805067268245,0.19548780683556632,149301575,1,TIC149301575_sector1.npy,0.3294152146601171
0.00023967981651000094,0.0017101770318410647,0.00025794405014413995,0.9996050217999359,1.0003787245309683,0.051645859720304096,0.3803947769448808,260655847,38,TIC260655847_sector38.npy,0.329387853340434
0.0005880619605483689,0.007227042432035535,0.0005347419807000156,0.998959127031447,1.0008921526118204,0.1691715764289503,2.4837767679191005,350765991,33,TIC350765991_sector33.npy,0.32935923326218586
0.000227385586480068,0.001735579577241575,0.00024256540680471928,0.9996570959360771,1.0003733478789594,0.20570912015028317,0.6642934040143871,260655847,31,TIC260655847_sector31.npy,0.32933875547129937
0.000300438467252586,0.0021235220493410756,0.00015670757583751725,0.999514227017754,1.000467627215828,-0.07392278757799492,0.2500100536921277,176876294,65,TIC176876294_sector65.npy,0.32929818972350156
0.00027397594652866006,0.002776379108337612,0.00029600553334305885,0.9995859084997285,1.0004515636848745,0.2719372665564791,1.1440669119371405,260043481,11,TIC260043481_sector11.npy,0.32929142554371305
0.0002254675396140454,0.0017433437008793629,0.00023413855231450422,0.9996244129543508,1.0003584852509961,0.05221959004022455,0.3458179271185644,176876294,97,TIC176876294_sector97.npy,0.3292878353455443
0.0009270977885240168,0.00639294793850953,0.0010322524413729024,0.9984871065514198,1.0015481962261106,-0.05463622939625492,0.3234082703701402,364326480,5,TIC364326480_sector5.npy,0.32928027897190004
0.00032187554078578475,0.0021438171527362604,0.00016430639403157372,0.9994838977621572,1.0005031148942365,0.03891291965855737,-0.10958505032677701,150393390,62,TIC150393390_sector62.npy,0.32926915412169233
0.000301768621564661,0.0020289662386485663,0.0001517622236631113,0.9995220257504621,1.0004859396853345,-0.0691203672848239,0.22224259885072284,176876294,36,TIC176876294_sector36.npy,0.32926796174338385
0.0003100312351504434,0.002121759052807204,0.00014027655427524947,0.9994920846557664,1.0005018898116074,-0.056008202594097604,-0.08391499105989952,176876294,2,TIC176876294_sector2.npy,0.3292414242610221
0.0008496338154660667,0.005723371053570903,0.0007082758706691518,0.9987755897868711,1.001613269989149,0.3623307638526782,0.4429416013983105,350823719,29,TIC350823719_sector29.npy,0.3292318242786145
0.000376920897608633,0.0024339790228127267,0.0001553485157902858,0.999421527764811,1.0006247624892541,0.04054417224591057,-0.36419442139624936,150393390,3,TIC150393390_sector3.npy,0.32919677515994045
0.0008169060420329531,0.007178341482920181,0.0008808704469474398,0.9987461364262138,1.0013683451562319,0.3594827440157848,1.0556011861006551,350299588,63,TIC350299588_sector63.npy,0.32918114482649113
0.0009713151354396767,0.00748985784953804,0.0010041475493840395,0.9982928396704633,1.0016112881022587,-0.019281580248626404,0.21950460401779992,149301575,64,TIC149301575_sector64.npy,0.32917838149413914
0.0009346918998159078,0.007685675217779853,0.0007273857766646687,0.9984903900192528,1.0014429830845526,-0.19018506131871232,0.9925189912522439,350823719,30,TIC350823719_sector30.npy,0.32916218745062487
0.0009351542781527415,0.0060948159378946265,0.0009942241086549185,0.9984395654291325,1.001485813702114,-0.0721741654047179,-0.04803580628770243,364326480,7,TIC364326480_sector7.npy,0.32916181928372384
0.0005471670303984604,0.004481546034421302,0.0003677123184659426,0.999047344900355,1.0007626178593276,-0.4456930936811079,1.4006981773587608,350444342,1,TIC350444342_sector1.npy,0.32915780395676486
0.0009665950883992709,0.006432602883052141,0.0009988061109771967,0.9982186451939824,1.0015158568438949,0.07154067107439824,0.02343275967385594,364326480,11,TIC364326480_sector11.npy,0.3291348087330903
0.0010037870155331135,0.008229061399388282,0.0009804798624444536,0.9983707813822998,1.0015758685598555,-0.06250179651384921,0.46880467876553,149971754,67,TIC149971754_sector67.npy,0.32913203937050517
0.00029537846669025405,0.0023988259518042954,0.000303667573137828,0.9995705464880066,1.0005231423516152,0.43526241266460847,1.3232403704861824,142085842,64,TIC142085842_sector64.npy,0.3291191542351764
0.0009399906630264953,0.006500230829155518,0.0009827234738960821,0.9983882952852375,1.0015534405308577,0.21720618131310507,0.09731678751176753,364326480,6,TIC364326480_sector6.npy,0.3291185435364086
0.00030512492420233265,0.001967865555457471,0.00014232512561485562,0.9994973300658584,1.000501119633633,-0.02484143266847264,0.021159518086476314,176876294,6,TIC176876294_sector6.npy,0.3291079186608529
0.0009134308747206255,0.0061044127748450805,0.0010160915264314807,0.9984831821197805,1.0015336344658707,0.05282711246259077,0.06335256575069836,149301575,7,TIC149301575_sector7.npy,0.329081783585308
0.00030234288702696304,0.002085609657894061,0.00014770563341976814,0.9995032528244467,1.0004689605874004,-0.06810903207535894,0.061384915433474685,150393390,28,TIC150393390_sector28.npy,0.32908114239484165
0.00023802791201587504,0.0016545333923361216,0.0002551353147877066,0.9996037130233202,1.0004047225203445,0.11703733015526922,0.30406290738603703,260655847,6,TIC260655847_sector6.npy,0.32906825795204026
0.0009102774685353243,0.006197800489116001,0.0010051669489581807,0.9985163106245769,1.0015024313464382,0.15729762295640598,0.22488782195407442,260004324,9,TIC260004324_sector9.npy,0.32906601265349944
0.0008229349808426166,0.008682440638741906,0.0007859610443716062,0.9987219769914737,1.0012272746057307,-0.20497288020737403,1.9843212888174087,167523976,2,TIC167523976_sector2.npy,0.3290619822749113
0.00020902539185119174,0.0018545975024588657,0.0002209047170157346,0.9996808905150727,1.0003556597264942,0.15500699340193194,0.5114848441431534,176876294,95,TIC176876294_sector95.npy,0.3290567861607965
0.0009777203124736512,0.007254673616033047,0.000997149614049407,0.998303924590448,1.0014812462548388,-0.06653669122582118,0.2282905110576916,149971754,95,TIC149971754_sector95.npy,0.3290478203181551
0.00031821755961912906,0.002491996902755922,0.00033551462372651464,0.9994985918961606,1.0005128000108332,0.44358349633279903,1.3196120642855957,278899461,93,TIC278899461_sector93.npy,0.3290440957970683
0.0006705075006145387,0.003831403383016685,0.00043588339205940027,0.9987950942456978,1.0010362404569177,-0.37210775131531915,-0.1303107106027408,293268667,66,TIC293268667_sector66.npy,0.32902449800126304
0.00035462352271045585,0.002458838139022923,0.00016967948069472182,0.999380531423879,1.000542626525047,-0.12541042746731282,0.25082773974378636,150393390,10,TIC150393390_sector10.npy,0.32900909669773204
0.0009170493292699947,0.007875194329178714,0.0009885800159716044,0.9986294547780291,1.0015754837948765,-0.07141926183473467,0.4909149468694709,364326480,95,TIC364326480_sector95.npy,0.32898965122017815
0.0009227589477918416,0.0061270544778455616,0.0009584742146812827,0.9984599244783369,1.00146167496913,-0.049606388845503155,0.20968587334357558,149301575,63,TIC149301575_sector63.npy,0.32897608206651624
0.0009843238563840356,0.007555970998301631,0.0009649629976815065,0.9984832650483592,1.0017349802706597,0.06708967476138102,0.4213331543518035,149971754,2,TIC149971754_sector2.npy,0.3289626425767446
0.0002829619274139719,0.0020219324810104577,0.0001409394097031082,0.9995371666535178,1.0004627192971096,-0.05942417786210759,0.054047584248163805,176876294,1,TIC176876294_sector1.npy,0.328945880607292
0.0003352627691541074,0.002245198728738629,0.00014110435206863666,0.9994510320141007,1.0005632060385483,-0.035270097046626,0.13407289612381224,176876294,31,TIC176876294_sector31.npy,0.3289435855453094
0.00037741866891462174,0.002227643225373277,0.00015334641628393032,0.9993099192681827,1.0006097165418808,-0.07236361259099763,-0.11873264456623644,150393390,66,TIC150393390_sector66.npy,0.3289306891046983
0.00020810728630925112,0.0017206837455128188,0.00021634775695282435,0.9996735837099019,1.0003508799313758,0.10220292102656935,0.4580961209831065,149347992,87,TIC149347992_sector87.npy,0.32891974210957936
0.00030782435112991236,0.0021489837954501434,0.00013825791525554846,0.9994992582454773,1.0005011689994032,-0.0723815273440164,0.05258173861114068,176876294,12,TIC176876294_sector12.npy,0.3289057661848967
0.0007984957275837547,0.007444402837817443,0.0008647048368954468,0.9987415334041004,1.0013211748233566,0.3352471068648383,1.0209612282811058,350822079,30,TIC350822079_sector30.npy,0.328897201136778
0.00023327477846306403,0.0020809188022099523,0.0002513044347980186,0.9996178374405358,1.0003790501090783,0.21128136555015023,1.029349155921504,260078030,2,TIC260078030_sector2.npy,0.3288888349415918
0.000766332126723015,0.007319299365711629,0.0006672915845023774,0.9988298859443481,1.001286160653592,0.2996530448430778,2.149455376892486,350862394,61,TIC350862394_sector61.npy,0.3288810082399698
0.0002411023415911284,0.0024872076504074414,0.00025533278708440713,0.9996137718004428,1.0003757523975678,0.0531355763359925,1.2677624704821948,149347992,94,TIC149347992_sector94.npy,0.32887863224036806
0.0008218438031024945,0.0070487487765422685,0.000900899988900306,0.9987267802071675,1.0014230858363877,0.3899092429578531,1.220060220950903,141805180,29,TIC141805180_sector29.npy,0.32885640784894193
0.00023910855481521848,0.0018192994185229905,0.0002511172049463753,0.9996181970507828,1.0003880727686938,-0.03439450108744401,0.4261438045002235,260078030,68,TIC260078030_sector68.npy,0.3288423274292424
0.0009677840199502321,0.007171956093466547,0.001050340792615864,0.9984261214256045,1.0015915514391482,0.13239999004940442,0.3082829929136359,364326480,12,TIC364326480_sector12.npy,0.3288390773388798
0.0009257107839144999,0.006319223763048276,0.0010320349705336491,0.9985246428267349,1.001581648525105,0.14988951212301677,0.09780876507245617,149301575,37,TIC149301575_sector37.npy,0.32882824744102873
0.0002959983985555263,0.0027676721430343054,0.0003233086958976983,0.9995350742159385,1.000478959244938,0.4267499832880662,1.3236173550591994,261417533,13,TIC261417533_sector13.npy,0.32882592692664986
0.0003123187713944453,0.0026449044707396174,0.0002848874773550861,0.9994685636784734,1.0004516515471473,-0.2673858612245223,1.0189224722616679,142085842,95,TIC142085842_sector95.npy,0.3288214165409635
0.00023423527393058358,0.0017477286998822672,0.0002513914041244367,0.9996175787354603,1.0003921794059627,0.07250190170099008,0.3713971119442232,260078030,28,TIC260078030_sector28.npy,0.32879301780599135
0.0002428318618897178,0.0022426288963923735,0.0002557616166659392,0.999626068844454,1.0004022021461616,0.23551712472780315,0.9407386986925621,260078030,34,TIC260078030_sector34.npy,0.3287767612943122
0.00023411612749925164,0.001771937085910169,0.00025056205219468013,0.9996353462330015,1.000381174572458,0.13808364014421723,0.3580752414144195,260655847,39,TIC260655847_sector39.npy,0.3287667307204369
0.00024513947597923705,0.0017564493796362601,0.0002556647999152987,0.9996375862860933,1.0004192953233118,0.12581418628517393,0.19251894040347217,260655847,35,TIC260655847_sector35.npy,0.32875895830876856
0.000330348929803212,0.002151860137596162,0.0001708109041553536,0.9994676360275753,1.0005440334406808,0.0665495542807835,-0.1038130105539925,150393390,63,TIC150393390_sector63.npy,0.3287584826998107
0.00023031891074076123,0.0017671566841138686,0.0002446671571831994,0.9996198027367943,1.0003830757997325,0.05869369824948796,0.3745830898890272,260078030,67,TIC260078030_sector67.npy,0.3287485888602083
0.0007720731663057907,0.006863263177933954,0.0008238852186671115,0.9987761863696267,1.0012219834530693,0.5026302162302521,1.7030901979957784,140997242,37,TIC140997242_sector37.npy,0.328714419604173
0.0003188177492373119,0.0020974813642014034,0.00015544570135857176,0.9994889946917173,1.0005157446311697,0.12015359378785999,0.056739532820857086,176876294,11,TIC176876294_sector11.npy,0.32869452359952217
0.00032868874544244637,0.0023572858082909764,0.0001666091725425174,0.999472103489723,1.0005273792056555,-0.002662158289408626,0.1980900817215403,150393390,9,TIC150393390_sector9.npy,0.3286824996408969
0.0009259942655359925,0.006482145703705533,0.0010051891301695883,0.9984807574180806,1.001568725577607,-0.006036082942838451,-0.002994346726614694,149301575,11,TIC149301575_sector11.npy,0.32866709933701593
0.0002939603150556754,0.002115787020874449,0.0001468543521178663,0.9995345424452454,1.0004849838904557,-0.05928032924624528,-0.13161296436735181,176876294,30,TIC176876294_sector30.npy,0.32866244467032313
0.00024257420798150809,0.002067653623102794,0.00026076265078089146,0.999623984310674,1.000410343051964,0.22497755747142556,0.864129270617334,260655847,5,TIC260655847_sector5.npy,0.3286471303346868
0.0003011008358249123,0.002091350106010803,0.00015351724230545333,0.9994314377504276,1.0004973552756247,0.012807508889846471,-0.07325896021279288,176876294,8,TIC176876294_sector8.npy,0.3286364136208534
0.00023941072518819735,0.0017589730188631858,0.0002485896164998013,0.999607649903151,1.0003787382425302,-0.012719580202248842,0.035352123419087,260640910,97,TIC260640910_sector97.npy,0.3286194112949605
0.0008861131919772876,0.006444785270535824,0.0009815371820194793,0.9984989220715794,1.0014350177693225,0.043184030982433064,0.20978298612931257,364326480,90,TIC364326480_sector90.npy,0.3286066271096401
0.0003450517305292754,0.002153856502954188,0.0001518208532276018,0.9994029080466803,1.0005749070741037,-0.0005792319866647473,0.026297474454744396,150393390,34,TIC150393390_sector34.npy,0.3285607603310187
0.00030645311367182503,0.002226684187845329,0.00015880349765417192,0.9994951143614024,1.000505704626018,0.053524186426758984,0.1479333443029307,176876294,34,TIC176876294_sector34.npy,0.32855650567482775
0.0009007208089599854,0.006329657422246893,0.0009764557766275712,0.9985679141615352,1.001516316964776,-0.06218159390826414,0.38299828017216564,149301575,90,TIC149301575_sector90.npy,0.328551858079725
0.0007366463701752517,0.006487186755464336,0.0007641119563170057,0.9988703907269425,1.0011681776437882,0.42581744125525456,1.9261802143121889,350444342,90,TIC350444342_sector90.npy,0.32854166777716415
0.0009423079181639987,0.006861774555732669,0.000987392825087287,0.9984902888146063,1.001656266951014,0.026331714740541967,0.06854564031127852,364326480,10,TIC364326480_sector10.npy,0.3285239573569352
0.00022075374027384883,0.002102998148670654,0.0002321801749801707,0.9996527730138787,1.0003603119923756,0.15872582429143572,1.1413667811859787,350298145,64,TIC350298145_sector64.npy,0.328493931960104
0.000949916153039937,0.006984712780314428,0.0007565782443784957,0.9983385675144076,1.0014248766344074,-0.04527365482931563,0.44017401310434323,350823719,7,TIC350823719_sector7.npy,0.32848643719863224
0.0009592773792619388,0.006643319021461425,0.0009878530730161896,0.9984788641581057,1.0015909720929193,-0.013559563185952219,0.13082084820379913,149971754,1,TIC149971754_sector1.npy,0.32848290195959057
0.0009470373978716106,0.008118389893056577,0.0009466702405207993,0.9982779066376202,1.0014386131956643,0.07849555780475448,0.5090179276580145,364326480,97,TIC364326480_sector97.npy,0.3284795032489484
0.0008714857490541535,0.007934419126006231,0.0009440375279527979,0.9985484702615408,1.0014137870074165,-0.05484118285751689,0.6648672605753001,149301575,96,TIC149301575_sector96.npy,0.3284723749655357
0.0009247485764687309,0.007829791912613127,0.0009925123267650136,0.9985095031193314,1.0015066421246805,0.03046553384517617,0.46057304835095136,149301575,67,TIC149301575_sector67.npy,0.3284673399801547
0.000902839414889331,0.006690641114529883,0.0009386559844590939,0.9985685599909522,1.0016749184891094,-0.010312763745137824,0.24099783587913004,260004324,95,TIC260004324_sector95.npy,0.3284592841178664
0.0009624990132215642,0.006735435416529545,0.0009954984031512975,0.9984388575706759,1.0015408498465905,0.12204160944593359,0.21840349238676815,149301575,97,TIC149301575_sector97.npy,0.3284482398986431
0.0009438674424742726,0.007268840673369081,0.0009810304075434267,0.9984238052764856,1.001584736094809,0.04825382135329561,0.30913666798273587,260004324,12,TIC260004324_sector12.npy,0.3284329315915809
0.0003311883681799332,0.0028023557841911906,0.0003494640607905765,0.9994851825562174,1.000552838528307,0.4870283507534023,1.4531100503564645,278899461,32,TIC278899461_sector32.npy,0.32843162006475873
0.0008964360758753376,0.006299659252776313,0.00101423620769295,0.9985745660646476,1.0015397721486174,0.047004756970581464,0.07096607239871933,364326480,89,TIC364326480_sector89.npy,0.32842022861724507
0.0009255001681355269,0.007024693868089349,0.0010136880603855627,0.9985157150061247,1.001573858991063,0.17616704119629711,0.6889198700951256,364326480,35,TIC364326480_sector35.npy,0.3284040015937901
0.0007383707392633111,0.008021885514617355,0.000791437661214652,0.9988684694512758,1.0011949425097344,0.310772074414004,1.3581894573084972,140997242,39,TIC140997242_sector39.npy,0.32839905931169655
0.0002627807947851767,0.0022050682420161616,0.00028472342861319443,0.9995997453721049,1.0004458023887486,0.31534572190078786,0.6351894998031602,260078030,39,TIC260078030_sector39.npy,0.32838314010889547
0.00025784773498337306,0.0020937619762918525,0.0002836457274359613,0.9995882864223289,1.0004257437859783,0.27701772597852137,0.8485396081672572,260078030,63,TIC260078030_sector63.npy,0.3283731823869219
0.0009947522110245856,0.007478561354017477,0.0009925669642622595,0.9984050708992814,1.0015719995715258,-0.03802069195823018,0.020904553773679613,149971754,3,TIC149971754_sector3.npy,0.32837097867759246
0.0009684977913616356,0.007404212859608683,0.0010294604487641388,0.998413558813595,1.0015741626594588,0.08552673193609568,0.5109003876835287,149971754,31,TIC149971754_sector31.npy,0.32835592181271767
0.00028996515776355053,0.0024770483038795144,0.00015147137679942185,0.9995111424819209,1.0004758746319065,-0.11116512260512026,0.1751523376478743,176876294,5,TIC176876294_sector5.npy,0.32835577267572646
0.0002842435546082334,0.001910263031985604,0.0001432880706877937,0.9995292547896519,1.0004703397330776,-0.047656216253299,0.11692844441953465,176876294,63,TIC176876294_sector63.npy,0.3283266016290573
0.0007314834826934128,0.007028861196150316,0.0007737809764074568,0.9989014867245111,1.0011923941751615,0.3900033266626243,1.8455185123871445,278777070,37,TIC278777070_sector37.npy,0.3283227987197885
0.0006663790055393808,0.006360130386482643,0.0007020280873424497,0.9989536381484905,1.001123994770866,0.4838860102398436,1.800546860062104,350444342,35,TIC350444342_sector35.npy,0.32830891396321893
0.0008851645678123935,0.005938800760662444,0.0009860372932148681,0.9985526636619636,1.0014355577569243,0.0014346881415404555,0.10442969934468138,364326480,63,TIC364326480_sector63.npy,0.32829824438122673
0.0008955066639360852,0.006223763296030027,0.0009888309197115294,0.9985196242212933,1.0014954864722947,0.02009880876577781,0.18133824065378468,149301575,62,TIC149301575_sector62.npy,0.32829824438122673
0.00024729498473639313,0.0017074065410368489,0.00027102264135655304,0.9995936276384003,1.000399725122486,0.08484094328375945,0.34360143805665855,150393390,94,TIC150393390_sector94.npy,0.32828657308523695
0.0009378458201235294,0.00695136836085275,0.0007033363340187505,0.9983889609469581,1.0015492477539947,-0.09654102732180445,0.04888315847282598,350823719,62,TIC350823719_sector62.npy,0.32823065163359577
0.0003262118798038976,0.002411850488557188,0.0001566710128771301,0.9994570700620731,1.0005300614347121,-0.01539388455261177,0.4536297182290081,176876294,66,TIC176876294_sector66.npy,0.32822842304604377
0.0008127602221269004,0.006967078736032195,0.0008887471022422814,0.9987473865884625,1.0013453048793741,0.3285293893611764,1.2478945069574987,149971828,38,TIC149971828_sector38.npy,0.32821426279255256
0.0008382951745509688,0.008337274274890616,0.000904484636611602,0.998670443907012,1.0013424879034123,0.19804684682032664,1.343652862878069,350862394,39,TIC350862394_sector39.npy,0.3281976065239451
0.0009724511699019885,0.007422236204624122,0.00098338325177907,0.9982416288407275,1.001620213185855,0.09402228011598887,0.2857930631151646,149301575,66,TIC149301575_sector66.npy,0.32819363986212063
0.0002175987513653662,0.002128403729115824,0.00024223362080660747,0.9996553101925957,1.0003651065149635,0.14070864958406548,1.059940770540904,149347992,89,TIC149347992_sector89.npy,0.3281887683616671
0.000244673897308091,0.0023141305288862934,0.00025981137343280625,0.9996221885163029,1.0004042785875376,0.23076191731210163,1.1150622666291081,260655847,12,TIC260655847_sector12.npy,0.32818724419288386
0.0009197280120747377,0.0064926097191332355,0.0010126712611932907,0.9985072214455756,1.0015616778591505,0.07033196500155622,0.366804920857255,364326480,32,TIC364326480_sector32.npy,0.3281818508207634
0.0008981144113781667,0.0073477757570047375,0.0009930171421114577,0.9985092982099013,1.0014482250397803,0.0020272055717999566,0.5655122933042489,364326480,33,TIC364326480_sector33.npy,0.3281660249591757
0.0002512758181363788,0.0018223670507057088,0.0002605509661388176,0.999603902375982,1.0004078999588235,0.07735266909840151,0.2066886548248208,260078030,95,TIC260078030_sector95.npy,0.3281478973357816
0.00030838282249112664,0.002403273148920415,0.00015160550172757528,0.999476643016247,1.0004998348813188,-0.0010537731695283849,0.1541360418230644,176876294,33,TIC176876294_sector33.npy,0.32814593599360664
0.0003286500536760555,0.0022057116744946814,0.00017609396429071376,0.9994471377824872,1.0005394878828866,-0.018036640638709547,0.08234201242976225,150393390,38,TIC150393390_sector38.npy,0.3281292148699961
0.0002325872279716255,0.0017270929611009622,0.0002475598769998925,0.9996208621454831,1.000366555411453,0.10116608219957107,0.16424572601516374,260078030,3,TIC260078030_sector3.npy,0.3281252333919808
0.0003421232678416739,0.002236986924347706,0.00015845195660481814,0.999438516250391,1.0005605081314963,0.04117225341451096,-0.06181540407108077,150393390,2,TIC150393390_sector2.npy,0.32812377449560537
0.0009069575201726636,0.006406802718147642,0.0010203159982960148,0.9985351051421317,1.0014916295367224,-0.048096356271587315,0.04530297182606402,364326480,64,TIC364326480_sector64.npy,0.3281160046526418
0.0003477189651845476,0.0021335740905030764,0.0002069426468441868,0.9994250292824893,1.0005507464238341,0.008507321479576143,-0.20689032361124893,150393390,12,TIC150393390_sector12.npy,0.32810928988089294
0.0009048059075913185,0.006679628997895426,0.0009684158563391154,0.9985755817233635,1.0015059660764225,-0.09052237292564506,0.42288795180508254,364326480,93,TIC364326480_sector93.npy,0.3281091586828528
0.0008889204290586835,0.006528074092035152,0.0009544283308656121,0.9984232845377904,1.0014271235533054,-0.011391411100645494,0.19341696906808448,364326480,88,TIC364326480_sector88.npy,0.32810653600948897
0.0008977085605820114,0.005699467805372227,0.0009855847206052815,0.9985055817639737,1.0014835162880797,0.04582750650402035,0.09326632978256288,260004324,94,TIC260004324_sector94.npy,0.3280849700250281
0.0003414622614734321,0.00199398436718512,0.00018311750077356956,0.9994599890593724,1.0006150063035388,0.08585704931819955,-0.21176217954313659,150393390,11,TIC150393390_sector11.npy,0.3280694020229721
0.0008259030411091215,0.007605008208369735,0.0007844567379324406,0.9982689343635597,1.0012227998630823,0.045508929766448374,0.9716409433212703,140997242,87,TIC140997242_sector87.npy,0.3280538348397337
0.0009112402428955567,0.0068274225290529955,0.0009775567408758109,0.9984971100287467,1.001536112222173,0.17548031467220954,0.43759110795495815,149301575,8,TIC149301575_sector8.npy,0.32802246330286833
0.0004836001836158835,0.004430432477169455,0.00042009778708284863,0.9990885039459236,1.000677219146862,-0.37400337394930416,1.663067092196047,176873028,87,TIC176873028_sector87.npy,0.3279990565461338
0.0009084039457896146,0.006267616901176831,0.0009734459976168943,0.998555482030986,1.0015516763717276,0.03894959144563416,0.12954275983689634,149301575,30,TIC149301575_sector30.npy,0.32799777962691345
0.0009384755401759272,0.006846796804464872,0.0010122559838643373,0.9984642389549931,1.0014653245148364,-0.029646207725284136,0.13823151182387772,260004324,13,TIC260004324_sector13.npy,0.32799606625170824
0.00022360327224278854,0.0017670515817649335,0.00023869848877530083,0.9996596757473291,1.0003795587574666,0.11258404832406887,0.579778590669787,260655847,29,TIC260655847_sector29.npy,0.32798817221009685
0.0004266987938781571,0.004691291386106244,0.0004403112877942711,0.9993435406162055,1.0007177198476425,0.4969687329552941,1.9765939022230183,141809220,7,TIC141809220_sector7.npy,0.32797639309129883
0.00033021579394663356,0.0022598562817507384,0.00015863076084399503,0.9994762453153004,1.0005406095445986,0.040764732514339236,0.1622949189620142,150393390,4,TIC150393390_sector4.npy,0.32795447898086083
0.0007590898940639458,0.007508799330318117,0.0007232789778392249,0.9988083984978093,1.0012528039273394,-0.24008548365965565,1.6798444685095264,167523976,62,TIC167523976_sector62.npy,0.3279287909231494
0.00031629917117569046,0.002210169760362257,0.00017763998428140201,0.9994811978124278,1.0005401965274983,0.08139088598464143,0.19857778684413452,150393390,29,TIC150393390_sector29.npy,0.3279189081636119
0.0009259727430888366,0.007406041865590796,0.0010130358543650939,0.9984738754514234,1.001533207323646,-0.0022351295565487895,0.3634769716259938,364326480,96,TIC364326480_sector96.npy,0.3279072813381297
0.0009200440011937637,0.00746197616599753,0.0010132697536723698,0.998495477137026,1.001539750882643,0.023993637324383067,0.27114716842999975,149301575,2,TIC149301575_sector2.npy,0.3279072813381297
0.0008962560180898028,0.007724836085075237,0.0009778903767145755,0.998602671912801,1.001500937587221,0.17564231592265384,0.4189061672814214,260004324,64,TIC260004324_sector64.npy,0.32789959183335815
0.00022363917566030187,0.001889064624235881,0.00024336191929205173,0.9996266150536297,1.0003560120082653,0.15893603372832402,0.6897476590416098,260640910,90,TIC260640910_sector90.npy,0.3278563901771023
0.00023354806024785443,0.0018681842569994167,0.00025009666300383065,0.9996288265165391,1.0003904676266235,0.15925962786316486,0.7273451256846704,260655847,30,TIC260655847_sector30.npy,0.3278563901771023
0.00023623454341490383,0.0019257758606131548,0.00025205533445719496,0.9996216215525714,1.0003771397128254,-0.005080368233942927,0.43820038339818623,260640910,93,TIC260640910_sector93.npy,0.32780349307298545
0.00032312676922190907,0.003023547386496128,0.00032305463754271667,0.9995317400290363,1.0005618781482981,0.41648310799030114,1.2971482390107232,278899461,65,TIC278899461_sector65.npy,0.3277906291755446
0.00032665742742989676,0.0024719181041868987,0.00015436020795001493,0.9994424523772418,1.0005175203153256,0.08367545157783167,-0.02043388872048091,176876294,39,TIC176876294_sector39.npy,0.3277887742854788
0.00022917100651358456,0.0017227496204711423,0.0002505585574399296,0.9996159252126909,1.00038052537304,0.128526266480244,0.43662453371179355,260640910,88,TIC260640910_sector88.npy,0.3277850829403147
0.00033410646145686353,0.0023523694999361133,0.00017521161857988787,0.999514932667876,1.0005763673796855,-0.10643456748104933,0.09664621532484574,150393390,35,TIC150393390_sector35.npy,0.3277536910380939
0.0009335668164972482,0.007282986633559085,0.0009838389874561391,0.9984549587133361,1.0015808242250825,0.0902690535885348,0.5211503054578217,364326480,39,TIC364326480_sector39.npy,0.32772638598483894
0.00077882867767921,0.0071402938757114676,0.0008424173678719865,0.9987870356557392,1.0012404112653586,0.37887266153851534,1.453498859707385,140997242,98,TIC140997242_sector98.npy,0.3277165507958528
0.00025436796306690257,0.0019083146935199302,0.0002723981131310926,0.9996087600311088,1.0004378567575474,0.24817097223421458,0.42194828079037716,260078030,31,TIC260078030_sector31.npy,0.3277105801585034
0.0009639061589632478,0.006524500492596008,0.0009634268330118448,0.99831322953437,1.0015134440944262,0.10034328305886098,0.10608533701201539,260004324,11,TIC260004324_sector11.npy,0.32770320060556907
0.00023066673801816335,0.0019209112833852293,0.00024536386018892895,0.9996267651850983,1.00037142971246,0.21041633868634413,0.5317025755613414,260655847,36,TIC260655847_sector36.npy,0.32770305394474863
0.0008656305437794321,0.006282208060835681,0.0009782234245857707,0.9986189889749726,1.0014068939179273,-0.04123867212887574,0.19139801846979942,149301575,9,TIC149301575_sector9.npy,0.32769647244709
0.0009468667409211808,0.0063428289076225,0.0009583225683351328,0.9985405606900892,1.001510907723725,0.13519779926775832,-0.13222081215863346,149301575,88,TIC149301575_sector88.npy,0.3276643231166996
0.00022594633106612835,0.0018765301387173583,0.0002450555169500538,0.9996268406604549,1.0003655557161943,0.005269012851533374,0.4507578130441603,260655847,1,TIC260655847_sector1.npy,0.3276423127670889
0.0009129441513168312,0.006329535944539,0.0009567854043574755,0.998544651887464,1.0015050814781639,0.10436469970640663,-0.084422848441152,364326480,94,TIC364326480_sector94.npy,0.327639579450413
0.0008038803628273,0.005771168032338347,0.0007047562261245192,0.9987755150262603,1.001357683029511,-0.2659682392599856,1.381754466341949,278777070,67,TIC278777070_sector67.npy,0.32761969848786354
0.0002962794272534051,0.0020943162247560876,0.00017422447001161714,0.9995230224236605,1.0004885453993675,0.12383170638925328,0.20906047909950276,150393390,13,TIC150393390_sector13.npy,0.3276176730974137
0.0009425292069330781,0.006945424595311667,0.0009909932956666096,0.9985096661318379,1.0015565010496907,-0.028722110503862336,0.12206083762795572,364326480,69,TIC364326480_sector69.npy,0.3276135865615283
0.0009728045448793937,0.007568597415931633,0.0009620116113929423,0.9984317939020032,1.0015090716697173,-0.0102294888150223,0.38925903122071137,149971754,93,TIC149971754_sector93.npy,0.3276009445145623
0.0008450699193785948,0.006226505880166822,0.0007199406760308507,0.99869468623302,1.0014489860415983,0.3463649254367473,0.6395420784693502,350823719,8,TIC350823719_sector8.npy,0.3275810891915466
0.000914227755925065,0.007377406208664006,0.0010291986003234264,0.9985638734273622,1.0015145640667396,0.134966123796186,0.6311088529510904,149301575,10,TIC149301575_sector10.npy,0.32757203731628187
0.000756315731075377,0.008278694258505803,0.0008149655541050364,0.9987579048432593,1.0011849609602552,0.17416773412266412,1.4221368282151383,350522196,61,TIC350522196_sector61.npy,0.3275697149801729
0.00025639641185563856,0.0021084075671073954,0.00027781169513445893,0.9995814850379244,1.0004242601502003,0.2624165955320007,0.5863580529536541,278730120,3,TIC278730120_sector3.npy,0.32756337187067114
0.000876253853904482,0.006040658481500372,0.0009506682764037641,0.9985717169207425,1.0014768961722862,-0.012361599630528113,0.2296650389081476,260004324,68,TIC260004324_sector68.npy,0.3275618541477115
0.000944898856016648,0.007512525957478644,0.0010059311768450807,0.9984767033786669,1.001508510411983,0.17192421894921345,0.3207523680356559,149301575,6,TIC149301575_sector6.npy,0.32754869249699475
0.0008765537029984025,0.007871291307993467,0.0009309791067296754,0.9986337275306492,1.0014207494699612,0.08275438150052888,0.6017918422563482,260004324,88,TIC260004324_sector88.npy,0.3275225974056722
0.00022597858689103604,0.0019052683410308857,0.0002473215732359505,0.9996195520256014,1.0003687809545467,-0.04944544306027367,0.44113621476950415,260640910,95,TIC260640910_sector95.npy,0.32751508723122974
0.0008315887910603106,0.007174215900954017,0.0008682259398472112,0.9986848074567755,1.001426114268958,0.336488898266069,0.559165669531942,350299588,62,TIC350299588_sector62.npy,0.32751053834393995
0.000622438843404843,0.005245445748977562,0.0005870715012130434,0.9989177965592281,1.0009094699544472,-0.36681680195896715,1.2625632059991858,350842552,8,TIC350842552_sector8.npy,0.32749763099399837
0.0002978716663595894,0.0024895250054859375,0.00032500355543719605,0.9995247272346915,1.0004864221130187,0.28577431632786604,1.2110588289996596,142085842,98,TIC142085842_sector98.npy,0.32749747812948293
0.0008821153315381119,0.0059479464948225536,0.000992004272991152,0.9985543248068323,1.0014257221556313,0.11174952778923417,0.03231864546667662,364326480,9,TIC364326480_sector9.npy,0.32748272216028856
0.0009432809918709977,0.0077870442925798145,0.0010268849829682737,0.9984712119442224,1.0015598891139073,0.19085407796216444,0.32234235268377187,149301575,38,TIC149301575_sector38.npy,0.32744404695326806
0.0008572539307894781,0.006004993321913177,0.0008499625110973149,0.9986971262111612,1.0016624792049411,0.2161036898841107,0.18375310500323616,278776865,28,TIC278776865_sector28.npy,0.32742148349551553
0.0006972209784811809,0.00629747701698713,0.0007605914941584994,0.9989420836916159,1.001176608313384,0.4299708235582822,1.4283900228721604,350444342,63,TIC350444342_sector63.npy,0.32740810326837116
0.00033061911169055864,0.0029630349198004335,0.00035864401653474783,0.9994871713049579,1.000542854744235,0.4165488305047414,1.5354111409113278,141770198,5,TIC141770198_sector5.npy,0.32740625968683595
0.0008614011167099544,0.005780731932603644,0.0009392854649720995,0.9986446996851299,1.0014576678213012,0.02583629168906647,0.329636219189299,260004324,96,TIC260004324_sector96.npy,0.3274030602519054
0.0009301724868598669,0.007102948617877969,0.0010159474379141844,0.9984924097193392,1.0015378603226308,0.07125555484172241,0.31419636669469586,149301575,31,TIC149301575_sector31.npy,0.3273901931446461
0.0009046121023120366,0.0064927259798127634,0.0010014326872490752,0.9985476992776567,1.0015453310897722,0.15652239080801308,0.11289449768632975,260004324,2,TIC260004324_sector2.npy,0.3273861311830197
0.000908744446789947,0.007542592033665474,0.0009812272633867086,0.9984916698039704,1.0014958732092933,0.08332844721264103,0.6837479064816496,149301575,93,TIC149301575_sector93.npy,0.3273765556511304
0.0008812430225532504,0.006722021353538499,0.0009279652341969729,0.9986259273939776,1.0014710380373872,-0.06836838989062816,0.21154919292297958,364326480,67,TIC364326480_sector67.npy,0.32734760059205464
0.0002943695619874336,0.0022617865105436508,0.00015098791638882682,0.9995188110634287,1.0004855581700645,0.06189619966908687,0.1780279823367641,176876294,4,TIC176876294_sector4.npy,0.32734462326697705
0.0002594652326860384,0.002033544425152467,0.0002746556659508221,0.9995845798301325,1.0004208847781166,0.22159087238547256,0.3323693052252663,260078030,11,TIC260078030_sector11.npy,0.3273078788506368
0.000244434072250756,0.0020332962550381195,0.00026208885564024876,0.9995938106764634,1.0003968929263527,-0.013157554298104949,0.4353242226296552,260078030,62,TIC260078030_sector62.npy,0.32728645005194557
0.0008988005438599083,0.00736067022764475,0.0009395391985500121,0.9984751096980772,1.001410398218987,0.02213061626831046,0.387370952641954,364326480,36,TIC364326480_sector36.npy,0.3272848496024897
0.0002652906744117403,0.002449986926026493,0.0002892854044684972,0.9995620960421648,1.0004319351974056,0.19422737443904828,1.038789551463318,260043481,34,TIC260043481_sector34.npy,0.3272715336252521
0.0009130013165150837,0.007245814042108445,0.0009713522307968305,0.9985878478350336,1.00151806077652,-0.030033038205753707,0.14917877474747154,149301575,87,TIC149301575_sector87.npy,0.32726973587862385
0.0009446318790248953,0.006598061448253811,0.0009446968127085505,0.9985436438283208,1.0016758213586718,0.09755417948928113,0.15078869373844572,364326480,98,TIC364326480_sector98.npy,0.32718751028961024
0.0008635389665730213,0.006220545583522252,0.0009429282732035037,0.9985754753234275,1.0013989223876296,-0.08165015707778787,0.09391207644335609,260004324,10,TIC260004324_sector10.npy,0.3271640354062257
0.0008799901838583506,0.006100758046117427,0.0009667509491402457,0.9985841563653156,1.0014853054833586,0.06243346010355564,0.26170618766221354,149301575,33,TIC149301575_sector33.npy,0.3271399688985874
0.0003139568626567249,0.0025756070154742128,0.00032454672791441873,0.9995060569113705,1.0005182142408116,0.38992343097504245,1.1238578745700192,278899461,29,TIC278899461_sector29.npy,0.32713081930182175
0.0002546013403967606,0.0018020543769385888,0.00027104999880402857,0.999572408341258,1.000413761947786,0.08475254064441565,0.13228113967971433,150393390,96,TIC150393390_sector96.npy,0.32711950244746774
0.00024744710559128927,0.0021571492036920326,0.0002577498558661267,0.9996112185365553,1.0004087896016238,0.14569897864833986,0.795238618673682,260078030,35,TIC260078030_sector35.npy,0.32707546072324795
0.0009282896887166542,0.007372104520651845,0.000956251524751498,0.9985027298711635,1.0014834233285232,0.020570838572474232,0.23826136845158263,260004324,69,TIC260004324_sector69.npy,0.3270726103818026
0.0007280427905966262,0.005645123533888352,0.0006751360040747599,0.9990136620961718,1.0015246214275126,0.43952357670998116,0.5253905623317672,350862394,62,TIC350862394_sector62.npy,0.32705321898169387
0.0009444829216623929,0.006797290935695366,0.0010228742437727934,0.9984952129786246,1.0015800076888288,0.1016447462349893,0.18868815133845107,364326480,1,TIC364326480_sector1.npy,0.3270505378263925
0.0005620899562444624,0.005724985531481708,0.0006143891624989303,0.9991079669023774,1.0009328402895363,0.2690430959906796,1.3334779229853497,278683844,6,TIC278683844_sector6.npy,0.3270455834553479
0.00027209019339087857,0.0026557581802194585,0.0003005680509389584,0.9995596238869965,1.000451472576104,0.2519938950001287,0.871658819305245,142085842,65,TIC142085842_sector65.npy,0.32702597454279836
0.000980039134523859,0.006400538368130593,0.0007983529391947492,0.9984256391787385,1.0015732009171838,-0.028354442416732996,-0.10890346992506883,350823719,95,TIC350823719_sector95.npy,0.32699864906024206
0.0009333783475291847,0.006908421294704481,0.0009061131418635317,0.9985265272705164,1.0015773074293925,0.10494838760519454,0.1977745832796547,167523976,12,TIC167523976_sector12.npy,0.3269912518032462
0.00024958155358927503,0.0018737521837888238,0.0002373378343325883,0.9995423869147583,1.0003912003547504,0.14041488377057076,0.409838553774696,260655847,4,TIC260655847_sector4.npy,0.3269890645919392
0.0007401605098020868,0.006700638438744133,0.0007390723504452134,0.9989594319307565,1.0013180683694896,0.4308838637461717,1.268338690457342,260127606,37,TIC260127606_sector37.npy,0.32698580711147535
0.00087977214221317,0.006720401927554409,0.0009237662759093132,0.9985904334855623,1.0014643304529969,0.03605504259819913,0.3720199510340181,364326480,66,TIC364326480_sector66.npy,0.32698514154203157
0.00022986623070543868,0.0019699249528363216,0.0002416253970063406,0.9996184314434848,1.0003876910303997,0.14279064803051858,0.4874881634580439,260078030,65,TIC260078030_sector65.npy,0.32698026623654625
0.00023072748524185786,0.002088273829004228,0.00025451035725868623,0.9996356141778598,1.0003737720305148,0.12518232960066236,0.8440125701076053,260640910,98,TIC260640910_sector98.npy,0.32697320607666713
0.0009080687543867672,0.006780791715607082,0.0010074429474152863,0.9986046947792521,1.0015360833265132,0.14688050691051385,0.2942452116052463,364326480,30,TIC364326480_sector30.npy,0.3269724523202935
0.0008743820037471552,0.006271659339782465,0.0009324066887030798,0.9986175883303214,1.001455159534943,0.04889641312071605,0.032610341263688,260004324,1,TIC260004324_sector1.npy,0.3269591632017819
0.0009123196075701434,0.007846275687758753,0.0009564732165268566,0.9986131400579054,1.001522907264682,0.13283961382212506,0.16246129184954183,260004324,65,TIC260004324_sector65.npy,0.3269586866316884
0.0008635433565719748,0.0059180432077855505,0.0009054466613771415,0.9987204987223842,1.0015320116517816,0.20277882983175524,0.2463462425144023,309792357,12,TIC309792357_sector12.npy,0.3269417283445717
0.00025497509686392834,0.0018723184146882677,0.0002738298546111772,0.9995921396172633,1.000408826180329,-0.0327749627110865,0.021892363081862154,260078030,93,TIC260078030_sector93.npy,0.32693848768059364
0.0008685194391879181,0.006377462619701291,0.0009487966240816646,0.9985845310249774,1.001437300962399,0.013916959483957042,0.25534028922479335,364326480,62,TIC364326480_sector62.npy,0.326935973783335
0.0009281055559099542,0.006158310745877582,0.0008185022009905731,0.9985378908889827,1.0014897333162642,0.199986431940263,-0.08486259749295888,350823719,13,TIC350823719_sector13.npy,0.32692318464208525
0.0009107713146963136,0.006749188558303532,0.0009287861239176499,0.9985279221776608,1.0014723215741834,0.08996333156988487,0.26715319770886925,364326480,4,TIC364326480_sector4.npy,0.3269214788004837
0.00022622331330526683,0.0019124197219666517,0.00023520777648631996,0.9996501240374812,1.0003921311544142,0.12346221254287636,0.4544846821211159,260655847,28,TIC260655847_sector28.npy,0.32692085313268293
0.0007274720654963226,0.00816010652046295,0.0007782295105787977,0.9988621805756318,1.0011982572175613,0.10964571099100921,1.8470653574248583,278777070,65,TIC278777070_sector65.npy,0.3269095758556545
0.0007140329833091599,0.008005170850609145,0.0006642585742199691,0.9988664535871103,1.0011010336914916,-0.09633121738285899,1.6798848524601206,167523976,61,TIC167523976_sector61.npy,0.32690366995049336
0.00036690796439972954,0.004005899782604572,0.0003733266724809086,0.9994419848975815,1.0006043821282988,0.30411802352897543,1.9348073471251954,350522196,30,TIC350522196_sector30.npy,0.32685423260430335
0.0008467119577499799,0.006514283802315446,0.0007214367880727891,0.9986773746376268,1.00140421507829,-0.15965374996988246,0.3833458920117887,350823719,97,TIC350823719_sector97.npy,0.3268444652150694
0.0008859654744958855,0.006901675369785698,0.0009367312670936032,0.9985958210325494,1.0013853333130567,0.01569799697665953,0.2724814659583905,149301575,94,TIC149301575_sector94.npy,0.32677192200783345
0.00025214907593073903,0.0018576056082171277,0.00025819090896196103,0.9995927616031219,1.0004006381429995,0.060423942038938146,0.5523257123174936,150393390,97,TIC150393390_sector97.npy,0.32676743795318647
0.00024250532499660562,0.001925061085578772,0.0002575766348199975,0.9996027293763079,1.0003906883379154,0.1596130276460578,0.45429533343912176,260078030,1,TIC260078030_sector1.npy,0.32673724191027176
0.0003684039212910789,0.0024504381754820725,0.00017021115573496898,0.999442193538,1.0006880811871746,0.15589300532673636,0.21301554820578072,150393390,30,TIC150393390_sector30.npy,0.3266954988236805
0.00024246886015210327,0.0019929525278397087,0.00026790961564526896,0.9996132927087167,1.000394931474253,0.15325177160974943,0.5559508535894766,150393390,89,TIC150393390_sector89.npy,0.3266740164270823
0.0003585075815796316,0.003273219085398904,0.0003570819212908537,0.9994377066253687,1.000579711170819,0.42969058190343484,1.6482787301752007,278865342,32,TIC278865342_sector32.npy,0.3266713764556069
0.0006539956334849843,0.006021802868331316,0.0006419257399409158,0.9990012370016813,1.0011222858081088,0.37606529213505785,1.5632382140766037,149269178,35,TIC149269178_sector35.npy,0.32665208746838803
0.00029171189113107117,0.0022746107198965415,0.00015454688897940388,0.9995457072844531,1.000454623652755,0.11640241241940384,0.7468478615125842,176876294,67,TIC176876294_sector67.npy,0.3266470200346722
0.0002945570313559608,0.0022355388115726793,0.000313384431524892,0.99953157570982,1.0005056783990072,0.3169971618592728,0.3654562234551677,278899461,68,TIC278899461_sector68.npy,0.3266288165945238
0.0008519718822659443,0.006232990823266671,0.0009593824789405317,0.9986568283034568,1.001439712178498,0.17820463736776898,0.46870608061526653,350299588,65,TIC350299588_sector65.npy,0.3266066942258448
0.0009182133177990727,0.007400874731346874,0.0009674897706663803,0.9985095244874032,1.001465175928033,0.1525837522565568,0.7285034933579686,149301575,4,TIC149301575_sector4.npy,0.326604223777496
0.0003908498053843936,0.0034164285008363438,0.0004145323606822739,0.9993723637659016,1.0006090328289974,0.4286315159658192,1.6389791130728106,260659557,31,TIC260659557_sector31.npy,0.3266001160777756
0.00026669616485889023,0.0020111595377175773,0.0002796521787457687,0.9994942277565474,1.0004212605106126,0.05363220926900662,0.3045860718488598,260078030,8,TIC260078030_sector8.npy,0.32659942069401454
0.0008935378448428715,0.006512270957234612,0.0009191045677925313,0.9985067429526768,1.0014058777411543,0.10416730376176364,0.06592881354463831,260004324,87,TIC260004324_sector87.npy,0.32659761805944476
0.0002638787871177131,0.0019984758524856927,0.000284841765245766,0.999580623694435,1.0004439129536526,0.2321598322357434,0.6359229811058622,260043481,3,TIC260043481_sector3.npy,0.32657554843336667
0.0002719082793204284,0.0019029746929677405,0.0002767832357558895,0.9996032546287126,1.0004698051775858,0.1861485312298287,-0.004132155967873974,260078030,9,TIC260078030_sector9.npy,0.3265677063765268
0.0002705310607534481,0.0018694314786524835,0.0002763630237644544,0.9995621118679878,1.000445789566144,-0.019588587195182916,0.025074186380852126,260078030,96,TIC260078030_sector96.npy,0.32655127177082394
0.0002637028631722255,0.0022861588582028247,0.00027507062195564533,0.9995696928169195,1.0004137303741947,-0.0024896478524650987,0.9989429797718823,260078030,94,TIC260078030_sector94.npy,0.32654853741129
0.00027571751880580233,0.0021029102380870635,0.00029579913995992827,0.9995481301900527,1.0004469696434886,0.2516177562924321,0.542893581285989,278730120,32,TIC278730120_sector32.npy,0.32654105439891956
0.00024097934246578611,0.0023358570243341426,0.0002505088969541137,0.9995727472652988,1.000377909392915,0.10997746855040151,1.0170182356226993,260640910,96,TIC260640910_sector96.npy,0.32653018759843283
0.000920014381231291,0.006969896351060045,0.000966284885734616,0.998502613563825,1.0014689693963692,0.06933289769585656,0.3570553550162141,364326480,68,TIC364326480_sector68.npy,0.32652996339960344
0.00024860334992312673,0.0018127242620057382,0.00027328384894272507,0.9996018110390075,1.0004048149696498,0.10323077248317451,0.5672776092030936,260078030,12,TIC260078030_sector12.npy,0.3265225084934934
0.0006784711427250334,0.006413613095961446,0.0007453758998428888,0.9989685884698476,1.0011003955128577,0.4406342049548058,1.6292138361399706,350444342,61,TIC350444342_sector61.npy,0.3265137191419798
0.0008884368357417963,0.0072949132478313805,0.0009625882664112788,0.9985531694903128,1.0014425217685858,0.10662401570208824,0.4460033673933004,364326480,65,TIC364326480_sector65.npy,0.32650616947218614
0.000757853374878811,0.006141275667787438,0.0007172325075099687,0.9989308508113718,1.0015866853234854,0.3624685460732445,0.6248101721463555,278777070,69,TIC278777070_sector69.npy,0.32644836982810893
0.0006028856709183845,0.005775349941447572,0.0006354032612978197,0.9990226019090207,1.0009949887235399,0.32152613978538075,1.426212379657823,149269178,38,TIC149269178_sector38.npy,0.3264473425652529
0.00025590345658092317,0.001823436214440033,0.00027162809258766664,0.9995924459297502,1.000432680572139,0.09725733874012718,0.09631145878425063,150393390,90,TIC150393390_sector90.npy,0.32644683755071036
0.0008449595189752063,0.006094183759717153,0.0009220029645726641,0.998574133719485,1.0013762661759318,-0.04387414053308793,0.25804784734820574,260004324,61,TIC260004324_sector61.npy,0.32643542296930655
0.00027224699600300465,0.002177983577995257,0.00029133557539859215,0.9995606219423849,1.0004341925880778,0.173171606069115,0.31957122579682773,260043481,5,TIC260043481_sector5.npy,0.32643270919871464
0.0002557761540811189,0.0019447532809931944,0.00026706278495839357,0.9995932481122827,1.0004616558773616,0.06531832451239347,0.04043400245068529,150393390,93,TIC150393390_sector93.npy,0.32642736915611564
0.000786317039855533,0.0056097013146915176,0.0008358733047852665,0.9988869844961608,1.0015577477061834,0.34088744724689624,0.2946138465052659,278777070,29,TIC278777070_sector29.npy,0.3264255945070678
0.0008680407941137079,0.0060684332377199945,0.0009551596574814859,0.9985969990270078,1.0014145956597247,0.0717817495674239,0.29632297319708645,260004324,62,TIC260004324_sector62.npy,0.3264064053181088
0.0009046262552233692,0.006736661116432674,0.0009301447993112481,0.9986400852795189,1.0015077169566147,0.1713665655649774,0.2837803793343241,260004324,5,TIC260004324_sector5.npy,0.3263911653289017
0.0008763429612814817,0.0059769375400762215,0.0009688274526075504,0.99861193472726,1.0014456085892767,0.07910026007426514,0.2512238115660548,149301575,89,TIC149301575_sector89.npy,0.3263893392010273
0.0009064104448409165,0.006776220850533532,0.0009815870197094306,0.9985519412106452,1.0015284097364583,0.07218100491379285,0.14565604282858624,364326480,31,TIC364326480_sector31.npy,0.3263822268571146
0.0007286447061549849,0.005274122245883639,0.0005750506903521153,0.9986442370733246,1.0010658601432965,-0.2839248722833281,0.057084949052288,293268667,98,TIC293268667_sector98.npy,0.3263561160086456
0.00030553911546038086,0.002808042382968612,0.00031583488259169523,0.9995300644437494,1.0004947787415892,0.2884119143900495,1.1568676370448747,278899461,2,TIC278899461_sector2.npy,0.32633778031213373
0.0006833322012395593,0.005696944123697367,0.0007199087714807105,0.9989682418543872,1.001125952293412,0.47043947278460296,1.6907308905360168,260127606,35,TIC260127606_sector35.npy,0.32630902554077035
0.0002824971280010091,0.002434923541698275,0.0003073703515191546,0.9995520918054968,1.0004668004404609,0.1700859909744035,0.9455312483151932,142085842,67,TIC142085842_sector67.npy,0.3263084024651574
0.0006932303142076469,0.006388890226642463,0.0007448945601138388,0.998939090133639,1.0011381749792536,0.44045001847448517,1.427337455109245,350444342,33,TIC350444342_sector33.npy,0.3263030866467445
0.00034354952417641583,0.0023029129694273065,0.0001729056098135988,0.9994274371274472,1.0005635086000906,0.039103341656231416,-0.06735985528192945,150393390,1,TIC150393390_sector1.npy,0.326243658277475
0.0003422646708062188,0.002072005622494988,0.00032606017246679733,0.9994955414724918,1.0006218600060248,0.2549127837197722,0.26057686081568665,260127606,3,TIC260127606_sector3.npy,0.32623892821500505
0.0007363031159427292,0.006402322881018274,0.0007754461216254041,0.9988634098716122,1.0011717270583267,0.39717460142478817,1.3836114840773943,149121385,28,TIC149121385_sector28.npy,0.3262386656723817
0.0008626890403918016,0.006958952103116034,0.0009202725936168568,0.9986157256289121,1.001431392115935,0.05289393461129931,0.38475386418841007,260004324,7,TIC260004324_sector7.npy,0.3262353051092096
0.0007341659398910515,0.007913232104916124,0.0007288652970105545,0.9988617753075827,1.0011769243790059,0.11301710462309104,1.469446598886953,167523976,68,TIC167523976_sector68.npy,0.32623354198768223
0.00037670066031470216,0.0025488325471677564,0.00020666914248127345,0.9993693101396602,1.000601514740369,-0.10323871432793975,0.10663354250918955,150393390,5,TIC150393390_sector5.npy,0.3262250188238067
0.0007491057379541231,0.006214499940183971,0.0007649400581881868,0.998718693707629,1.0011672104483242,0.2964285432435461,1.3105083024104998,350444342,28,TIC350444342_sector28.npy,0.3262134217320034
0.0008858001577213326,0.007230880402743001,0.0009588279663973392,0.9985534508935155,1.0014679523223577,0.09045106425128173,0.3212499288994941,149301575,61,TIC149301575_sector61.npy,0.32620947511318715
0.000259044859122069,0.002027650673613768,0.00028089890240956436,0.9996112061493607,1.0004484972829069,0.043123847849281895,0.29963908966890695,260078030,29,TIC260078030_sector29.npy,0.326208446523663
0.0005061607272518287,0.004293208786921188,0.0005309091203297999,0.9991399565949912,1.0007905585826908,-0.31879058851378544,1.1110377496541428,350522196,12,TIC350522196_sector12.npy,0.32620488358203376
0.00028545836740894213,0.0027178577904192203,0.00030121488582482637,0.9995546675676562,1.0004660764823492,0.19146177053456875,1.0413224912768833,278730120,35,TIC278730120_sector35.npy,0.3261949853284601
0.0008727345920916839,0.006292454278705728,0.0009087523585773222,0.9985754235846175,1.0014089015581908,0.027582766651963065,0.10983932635083571,260004324,4,TIC260004324_sector4.npy,0.32618335777349006
0.0007195537582535725,0.006591237846379938,0.0007754814840614943,0.9988774887177775,1.0011553372109985,0.3394798378771563,1.4255999452951063,350444342,65,TIC350444342_sector65.npy,0.32618142654608895
0.00030990006218624085,0.0028903823145074448,0.00033708808117151854,0.999518315209254,1.0004980513425927,0.2970318772580962,1.2483092812100196,261417533,9,TIC261417533_sector9.npy,0.326179788178463
0.0007711860914964585,0.0077870827763175665,0.0008295155007162085,0.9988002975070382,1.001246159490907,0.17685116702970147,1.3327185653111124,278777070,63,TIC278777070_sector63.npy,0.3261796309529113
0.00024926378111550653,0.002118204481844743,0.0002662728738481643,0.9996142220325674,1.00041357199254,0.16897591392201167,0.5759103093544486,260655847,33,TIC260655847_sector33.npy,0.32612391419824577
0.00029803152201092795,0.002007834246225193,0.0002995320184900966,0.9994825988727825,1.00046156566767,0.2172063142507493,0.027608002119752673,278730120,27,TIC278730120_sector27.npy,0.32610776806313907
0.0002519911332309207,0.0020533261856248153,0.0002638383941176025,0.9995938359337024,1.0004117359952438,0.03496140309940658,0.4174037056436153,260078030,87,TIC260078030_sector87.npy,0.3261034377661212
0.000334523164426568,0.0030777150719943913,0.0003673624177228124,0.9994818814615288,1.0005654264928354,0.32993139481774775,1.174743175997654,278899461,31,TIC278899461_sector31.npy,0.3260502447836793
0.00025621413381718904,0.0018837084402260063,0.00027610546807667113,0.9995988216718112,1.000428964698376,0.09257176949537568,0.4628976576197159,260078030,4,TIC260078030_sector4.npy,0.32604046358984434
0.0002658840241973918,0.002002538838689727,0.00027623725836299195,0.9995559676864121,1.000418637769487,0.002483294000750647,0.08937577685352016,260078030,69,TIC260078030_sector69.npy,0.3260381604537388
0.0007201100325513504,0.008263579791275122,0.000795310560444534,0.9988191588312202,1.0011833775061514,0.17970418164942042,1.7140931958805403,149121385,98,TIC149121385_sector98.npy,0.3260303073529292
0.000351707166487233,0.0031953680729005507,0.0003730161955914509,0.9994822164146037,1.0005918248532817,0.36198788189676184,1.3792196661263159,141770198,10,TIC141770198_sector10.npy,0.32601025446736104
0.0007498413856570225,0.006493159247958347,0.0008178766616431378,0.9988302457878296,1.0012089665323483,0.38695823773319693,1.4745473011082764,141770198,63,TIC141770198_sector63.npy,0.32599773248730346
0.0006520274955432646,0.0065130407947300295,0.0007174006577487614,0.9990234975308143,1.0011230393979667,0.39557001550668763,1.473984965661229,260419879,13,TIC260419879_sector13.npy,0.32599141208680615
0.0008635055409883227,0.0055083824044595,0.0008367498293990247,0.998500622992265,1.001332582820804,-0.1028744963018408,0.4507372187208927,149971828,35,TIC149971828_sector35.npy,0.325980915336081
0.00038855073510007444,0.003612585641697086,0.0003423023326654305,0.999392519750018,1.0005856550445291,-0.21892542312411029,1.885369500613197,350298145,69,TIC350298145_sector69.npy,0.32597777895584745
0.0002981664434658436,0.002461921392622468,0.0003219098317022646,0.9995610646121141,1.000494932446193,0.3249439611073921,0.8648191675037777,260043481,38,TIC260043481_sector38.npy,0.3259573966588647
0.0007291215795680718,0.0068565938210862765,0.0007886242328979237,0.9987884820977413,1.001174026444364,0.3159081283504206,1.467145619236848,140997242,88,TIC140997242_sector88.npy,0.3259571245902474
0.0008591271408512744,0.0067164458196979915,0.000966930044896137,0.9986707083946601,1.001407455021548,0.08907603869340111,0.3043893387216894,260004324,89,TIC260004324_sector89.npy,0.3259541829773684
0.00033234021109355494,0.0024094340397430303,0.00031183841586348513,0.9995477693400561,1.0006860632832026,0.4806145140032381,0.6020673705954329,350765991,11,TIC350765991_sector11.npy,0.325949309720994
0.00033852823168363386,0.0024468426033953383,0.00018743074636509761,0.9994622545537855,1.0005383068633789,-0.07285955834769,-0.10755298968466054,176876294,38,TIC176876294_sector38.npy,0.32590896546923076
0.000544068090357074,0.004342164015620598,0.0003725824169597533,0.9991050637326042,1.0008358946098266,-0.3589282946208863,1.0383699256502812,350444342,6,TIC350444342_sector6.npy,0.32588657102061963
0.0003163131697621308,0.0028458708389190734,0.00034194781520389305,0.9995247313737154,1.0005270301351856,0.3026869636697572,0.981253677252774,278899461,3,TIC278899461_sector3.npy,0.3258836908229592
0.0002581497431540208,0.0021500769417559518,0.0002869793884799147,0.9995982379134922,1.0004280969021258,0.20087753631296196,0.6509549958988172,260078030,38,TIC260078030_sector38.npy,0.3258718183648002
0.0007477284299638263,0.006641699528780465,0.0008068819197964735,0.9988502498777735,1.0012315851295703,0.36493013677673924,1.6116139716839504,140997242,38,TIC140997242_sector38.npy,0.3258091887130225
0.0008786556994549263,0.00655464970332531,0.0009554314377745803,0.9986173622657968,1.001441540988543,0.18775089902487796,0.3010345719335632,364326480,37,TIC364326480_sector37.npy,0.3257841334999841
0.00025522884647649554,0.0019356659257659947,0.0002678834158114874,0.99958865359684,1.0004115382654442,0.10713480653705348,0.5638821607229216,260078030,10,TIC260078030_sector10.npy,0.3257744354329673
0.0008492671426301086,0.006076486214641852,0.0009386159430412491,0.9986217034672401,1.001458772706051,0.1457430914000866,0.15540475399334586,364326480,3,TIC364326480_sector3.npy,0.32576949430038427
0.0008715629450938806,0.006238332756214882,0.0007707042543806264,0.9985222988311127,1.0014224448075089,-0.03490744121160039,0.28950975014731206,350823719,1,TIC350823719_sector1.npy,0.3257679676529846
0.0008400758649351504,0.007144436618467753,0.0008008722685187282,0.9987574888313573,1.0014898454657508,-0.11004861548796707,1.117927014217627,350862394,87,TIC350862394_sector87.npy,0.3257672913367164
0.00027036396868096766,0.0019907657795809053,0.00029262987793542394,0.9995735403864209,1.0004370054570362,0.08255560490542671,0.17850513231492648,261417533,2,TIC261417533_sector2.npy,0.32575389977042213
0.0007374055777687022,0.0061558860377518565,0.000749839336296778,0.9988923681472663,1.0013602995707531,0.380421355578407,1.047711743572635,278777070,28,TIC278777070_sector28.npy,0.32575192356829114
0.00024357483436026015,0.0022071666573496573,0.0002636720813553837,0.9996167304478005,1.000413100701385,0.09923163365452252,0.5803857842143727,260078030,90,TIC260078030_sector90.npy,0.3257460721360377
0.0002824087797386381,0.0025069534690121964,0.00029855455630905777,0.9995504645121716,1.0004560917862735,0.17683228605984902,0.9209545329411979,260043481,32,TIC260043481_sector32.npy,0.3257357431712829
0.0002670536951337955,0.002159887454868281,0.0002830753550089501,0.9995695724252159,1.0004401060405907,-0.03224109200290961,0.3650094458034827,142085842,87,TIC142085842_sector87.npy,0.3257329396342583
0.00030435532724786094,0.002053413599620635,0.00031628112372270533,0.9995391262926838,1.0005440344436554,0.24142620078286472,0.05811650265665591,261417533,29,TIC261417533_sector29.npy,0.32571955434954736
0.000470628972275191,0.004025377714819589,0.0005011130391483468,0.9992450044698358,1.0007615188792989,0.32444768559051196,1.2542157723102045,177252842,35,TIC177252842_sector35.npy,0.32571379180607
0.00028243654633980814,0.0020324175735175753,0.0003141057521189441,0.9995510333768225,1.0004671905604365,0.15346777514537033,0.38487998392265643,260043481,7,TIC260043481_sector7.npy,0.3257115431006839
0.0006216556721149663,0.005642207543671063,0.0006746260322154042,0.9990398665026374,1.0010415242951771,0.35165234123885275,1.4142361439885631,261417533,62,TIC261417533_sector62.npy,0.32569541616325376
0.0008332203099473845,0.007282695683999751,0.0008211246958229357,0.9984539984046885,1.0012473508592725,-0.13813136889553193,0.48424599944430824,141805180,87,TIC141805180_sector87.npy,0.325693344851514
0.0007027898293486551,0.006453480373583398,0.0007670432851606825,0.9988746124991215,1.001158849750378,0.3450256945966151,1.3133681104004893,260079513,67,TIC260079513_sector67.npy,0.3256560653401812
0.0002636782552579497,0.0021887288430720853,0.00027568224031591156,0.9995871693825475,1.000440691250915,0.21809554776760115,0.4247974339885725,260078030,7,TIC260078030_sector7.npy,0.32563732660488715
0.0008095664188632116,0.006773166860611246,0.0008879433070953279,0.9987627197899865,1.0013675545094092,0.2597927869634331,0.8316549849125501,149971828,39,TIC149971828_sector39.npy,0.3256088943494365
0.0009008193654739691,0.006898796662929696,0.0009692746450928069,0.9985232717057158,1.0014537768925391,0.09549705306921946,0.07977410524922934,149301575,3,TIC149301575_sector3.npy,0.3256018438106636
0.0004236710206634603,0.0036157446414940564,0.0004076190657457474,0.9993757103658707,1.0007693653814556,0.5051648313899335,1.0459829135339378,260659557,36,TIC260659557_sector36.npy,0.3256007717281742
0.0003565962927520562,0.0023675023881817303,0.0003451345369683859,0.9994257576249294,1.0005774017191895,-0.18626325156433537,-0.1035999184289551,141865875,36,TIC141865875_sector36.npy,0.3255410291219905
0.00027982800949430853,0.002086221977424585,0.00030252978342109406,0.999565260303214,1.000464807790437,0.18737385693248212,0.6857117154262551,260043481,39,TIC260043481_sector39.npy,0.325538735825906
0.0007329071813215573,0.006931663216721895,0.0007139152338790255,0.9988891984695256,1.0012723822822718,0.3497580787522042,1.3870097056825177,278777070,66,TIC278777070_sector66.npy,0.3255254526123855
0.00025175394434186877,0.002023719536948354,0.0002765909482709781,0.9995924341823963,1.0004065524107637,0.08565335905439572,0.43372347511442877,150393390,88,TIC150393390_sector88.npy,0.32550413966161956
0.0007705819676107487,0.005986377196747217,0.0007379237737664673,0.9988690455334945,1.001468595849968,0.27957868629498517,0.2703328369508,278776865,6,TIC278776865_sector6.npy,0.32548060060398243
0.00031632854772296567,0.002862751349314352,0.0003452909363210482,0.9995079880437259,1.0005427204752386,0.2584091406029964,1.266461224681227,278899461,36,TIC278899461_sector36.npy,0.3254793764228177
0.0007642213162087878,0.005577032941631588,0.0008532080289240633,0.9987571597185637,1.0013033222872512,0.2472486088747689,0.3845144537848304,375059587,10,TIC375059587_sector10.npy,0.3254614263968322
0.0006775850567794918,0.00672165732989527,0.0007242338702207979,0.9989327190356784,1.0011274876312461,0.3519017033734516,1.5192013722119517,261417533,65,TIC261417533_sector65.npy,0.3254601627584952
0.00026899830972790397,0.0020329091966518886,0.0002870930603254861,0.9995667958022534,1.0004415122264882,0.08948049386021571,0.4142689484053661,260078030,37,TIC260078030_sector37.npy,0.3254501075014697
0.0006166430480662779,0.006109704759719836,0.0006812292453644234,0.9990610412079027,1.0010275092647791,0.32113369096833,1.201878856507708,278730120,63,TIC278730120_sector63.npy,0.32544633672676476
0.0007729056188235453,0.006777914752202796,0.0008325331089983786,0.9987418825897141,1.0012638768063689,0.4058962860644325,0.8694479206348054,149302552,38,TIC149302552_sector38.npy,0.3254386538334516
0.0007708789569133492,0.00625457219168013,0.0008072224501401103,0.9987975203227218,1.0012192989594428,0.3949735090051291,1.093691864890216,149121385,29,TIC149121385_sector29.npy,0.3254082565464061
0.0006382245587501431,0.0045711848932256105,0.0006212952879809402,0.9989446148202923,1.0009454746358313,-0.2734606599921816,0.9875575765486104,141809220,27,TIC141809220_sector27.npy,0.32540028039467817
0.0002533316477408753,0.00218678692988028,0.00026751950751864346,0.9995829212612652,1.0004102635937069,0.10207060671667748,0.6626598417912621,150393390,87,TIC150393390_sector87.npy,0.3253843448351886
0.0007432841346025585,0.006881303830122865,0.0007305151113251171,0.9988137001206406,1.0012412111191797,0.3162004344227707,1.3438502133187766,350444342,66,TIC350444342_sector66.npy,0.3253746960747526
0.0002538834548743081,0.002189089590648896,0.0002764447165160609,0.9995968785745639,1.0004072748131998,-0.05183607976725901,0.4489998626925873,260078030,64,TIC260078030_sector64.npy,0.3253728694012057
0.0007116869214683422,0.006731318717863144,0.0007701333291890159,0.9988826862936587,1.0011256372984876,0.29697353870349535,1.531685473301886,278777070,27,TIC278777070_sector27.npy,0.3253644461726572
0.0002616518552683638,0.002020221035528569,0.0002806739215639337,0.999582065942399,1.0004180527751834,0.12036827403132021,0.6236544329340692,260655847,7,TIC260655847_sector7.npy,0.32536053221256317
0.0005442205821168276,0.004409076396292511,0.0005731509858162135,0.9991282091547374,1.000904002838356,0.45144246667102583,1.1021212336372468,260043481,68,TIC260043481_sector68.npy,0.3253575438493631
0.0005975976100571958,0.00445339460560934,0.000551839097318175,0.9991239540969541,1.001160507073742,0.30434963873361776,0.04639472263492195,141911519,35,TIC141911519_sector35.npy,0.3253442023892224
0.00025462014367777497,0.0020343942980600715,0.00028526095259554033,0.9995942090208687,1.0004132929575071,0.12454316391421234,0.6801944573156815,260043481,2,TIC260043481_sector2.npy,0.3253381003366445
0.0003440966731979942,0.002734699057859835,0.0003583123415361196,0.9994832959068728,1.0005586941153908,0.3368353261245479,0.9179796739973707,278899461,12,TIC278899461_sector12.npy,0.3253337228624811
0.00032167390595569444,0.0025452551258526857,0.0003375715613433576,0.9995063828432743,1.0005367933566514,0.30286996736436117,0.8515515568766125,278899461,37,TIC278899461_sector37.npy,0.32532640066902524
0.0002524801631619544,0.0019824106221475457,0.0002807465331642183,0.9995852372732257,1.0004233801900644,0.14917052995532126,0.4448276966647722,260078030,32,TIC260078030_sector32.npy,0.32528979244932177
0.0007723996834783548,0.007779062996934982,0.0008423479001906259,0.9988060593379555,1.0012530860138824,0.19267097620209575,0.9873180227917984,141805180,39,TIC141805180_sector39.npy,0.3252843011986065
0.0004709205138867472,0.005745474264376438,0.00037755883928074116,0.999309481556002,1.000823133279881,-0.041651771802193406,2.1255683826612826,350522196,33,TIC350522196_sector33.npy,0.32528254127739054
0.0006870285552129053,0.005165451282889699,0.0006789818761168049,0.9989662002588267,1.0012826916144493,0.4866658898723287,0.8927765606504638,260708537,4,TIC260708537_sector4.npy,0.3252624263144659
0.00033685444169418024,0.0027631857302509166,0.0003457607185062008,0.9994718926506844,1.00056184772811,0.3392392988779431,0.3920802652059936,141770198,4,TIC141770198_sector4.npy,0.3252585941426298
0.0004167264645706838,0.004404871247730813,0.000370605662111125,0.9993185012832165,1.0006892316076765,-0.1050835248737071,2.1941885249023416,350765991,29,TIC350765991_sector29.npy,0.32524067452500155
0.000537041324440907,0.0050727697788348625,0.0005589810758384756,0.9991564465686853,1.0008269087490316,-0.23370471509020518,1.5721950674093979,350842552,62,TIC350842552_sector62.npy,0.32523398170396556
0.0006798705161738176,0.006189181352072248,0.0007572702929311131,0.9989698406602272,1.0011435865435323,0.3953549173690774,1.0550318354343613,260127606,63,TIC260127606_sector63.npy,0.32523177732521036
0.0002695622467670324,0.002230090433523957,0.0002916164548622077,0.999571870361789,1.00043672278996,-0.013316861679106555,0.5056979227074514,260043481,1,TIC260043481_sector1.npy,0.3252171809573745
0.0008759029268993382,0.005562077426761958,0.0007070412331264337,0.9985469472822697,1.0014621157692016,0.0012360794877310584,0.05786797824762546,350823719,10,TIC350823719_sector10.npy,0.32518195496045815
0.0006323937256984114,0.00627421582939891,0.0005665899894999359,0.9988442368961318,1.0009063953928627,0.14150696435682572,1.9143744001917353,370227780,11,TIC370227780_sector11.npy,0.3251794648291274
0.00025451340833260855,0.002139190222525955,0.0002755466007555451,0.9996025111758187,1.0004143076901384,0.04174670931960837,0.64334384361179,260078030,36,TIC260078030_sector36.npy,0.3251760349250014
0.0007022614384535678,0.005417273177711901,0.0006193147389654921,0.9989705099534052,1.0013118778617613,0.3493383468082427,0.6569373790684256,149269178,88,TIC149269178_sector88.npy,0.325171562052993
0.0002663629355280055,0.0022194957765231393,0.00028861508377449525,0.9995841357466448,1.0004680327752737,0.09661550439643152,0.8521256131282504,261417533,3,TIC261417533_sector3.npy,0.3251454736458075
0.0005640251454092429,0.005310039177415904,0.00053769347178578,0.9991540419136401,1.0010144431950825,-0.06657057233118044,1.483970821434597,141809220,35,TIC141809220_sector35.npy,0.3251081615995197
0.0002683395725791001,0.0020015922728195967,0.0002880729310909271,0.9995763301088421,1.0004415372594768,0.0983820941136476,0.5728210746693967,260043481,35,TIC260043481_sector35.npy,0.32509004455554186
0.0008829235229428573,0.007016039171550581,0.0009460881494612239,0.9986113006737531,1.0014356397777886,0.11446946937590655,0.5468681811627119,149301575,35,TIC149301575_sector35.npy,0.32508593769408956
0.0007993497657503534,0.007615892062229457,0.000853972097840791,0.9987250295303687,1.001324333662571,0.11717273330128126,0.8326179159642013,141805180,98,TIC141805180_sector98.npy,0.3250791113272472
0.0007075232138655085,0.005922104533602646,0.0007655541471583285,0.9988292686068811,1.0011760737681938,0.3418653224145274,1.2209672249431094,140997242,32,TIC140997242_sector32.npy,0.32507437527002353
0.0004101361962560404,0.004012650042265031,0.00042204421297078787,0.999347671820347,1.0006505965101196,-0.2549200088708622,1.456126181683901,149971828,93,TIC149971828_sector93.npy,0.32506215550485584
0.000684485186893133,0.006342194933839473,0.0007102154087969769,0.9989818302490158,1.0013027566295507,0.30904279931436734,1.20814032930953,350862394,29,TIC350862394_sector29.npy,0.32505205501196327
0.00039290477628397473,0.002868249633200315,0.00020547462890536255,0.9993519541313624,1.0006559013173684,-0.04383039932121785,0.2525470895306161,150393390,67,TIC150393390_sector67.npy,0.32505104439713256
0.0007604902400030476,0.0054948040474240845,0.0006903933676260528,0.9988247712604449,1.0012562075672822,0.4332941727274995,0.7572198921907685,350862394,98,TIC350862394_sector98.npy,0.32504905336406986
0.0005246247396481032,0.0035365385183335762,0.0005452347951784272,0.9991329087778482,1.000857251048828,-0.18149778051413093,0.04461745212207591,350842552,90,TIC350842552_sector90.npy,0.32502775146761176
0.0007152879292599481,0.007330411024335071,0.0007724037851875617,0.9988683360702206,1.0011947496050793,0.24465272038515937,1.3882956976116025,140997242,67,TIC140997242_sector67.npy,0.3250273534203792
0.00027345794237157515,0.0021991522221671556,0.00030260504497919475,0.9995693402482987,1.0004692337871235,0.08543016885057074,0.7321046781124774,260043481,27,TIC260043481_sector27.npy,0.32501855797524
0.0002950742459763744,0.0023809632845135376,0.00031734315835373034,0.9995402947856713,1.0004894762811494,0.39865849838367323,0.8260170515463447,261417533,10,TIC261417533_sector10.npy,0.32500667069014905
0.0007211568919745802,0.005965330235626398,0.0007672935563900211,0.9989193277047608,1.0011805625874302,0.3212125133683691,0.9878110648443763,350444342,36,TIC350444342_sector36.npy,0.32498526492329605
0.0008612949138644619,0.007400133399628639,0.0009176586974111707,0.9985913531879035,1.0013836817330724,0.15482275807324675,0.4089899422378953,364326480,61,TIC364326480_sector61.npy,0.32496312752400064
0.0002680944991406762,0.0022009569648411276,0.0002925649974923876,0.9995751166936162,1.000431598212484,0.06375557002107973,0.6747072117948258,260078030,13,TIC260078030_sector13.npy,0.32493829604233804
0.000263657980179094,0.002382257446259861,0.0002695070504504841,0.9995711465518714,1.000430651802932,-0.05091798805311344,0.5060711077588231,260078030,88,TIC260078030_sector88.npy,0.3249327238563694
0.0006836800697139049,0.006175378058779879,0.0007260212452975177,0.998919617163739,1.0011808351593199,0.33880520562869193,1.1790439006489022,278777070,68,TIC278777070_sector68.npy,0.32490720367306486
0.0005180604161408743,0.004648180687648051,0.0005671918251980033,0.9992053435646246,1.0008368194443806,0.3334254545400785,0.9741145783791936,150030205,34,TIC150030205_sector34.npy,0.32490405865489247
0.0002716359493956385,0.0022221762168634918,0.0003029598407808596,0.9995608902354381,1.0004469618088032,-0.02688053068673408,0.4360899456321339,142085842,88,TIC142085842_sector88.npy,0.3248897725027235
0.0002719217737687695,0.002182110259051462,0.000293637057012814,0.9995370126374962,1.0004363854716631,-0.04127226383488946,0.17674659886995325,142085842,94,TIC142085842_sector94.npy,0.3248796329151587
0.00028962343148773104,0.002407128329935393,0.0003037657232145226,0.9995400170468257,1.000477052285961,0.2730288384028899,0.8218654020015683,278730120,36,TIC278730120_sector36.npy,0.3248559181934838
0.0007566659871468685,0.006731281199973127,0.0008162870127284195,0.9988378384036809,1.001247523480324,0.2667181055738307,1.3497071974760297,140997242,28,TIC140997242_sector28.npy,0.32485540489433046
0.0003464259370194906,0.0024524508147550916,0.00017933472381507712,0.9994658081830586,1.0006058732960823,0.01664293298432675,0.1781296807075945,150393390,68,TIC150393390_sector68.npy,0.3248371180994785
0.0002722039443402531,0.002037816481852195,0.0003011467015107488,0.9995488632814473,1.0004463452265224,0.08518988324071065,0.5303271510440015,260078030,30,TIC260078030_sector30.npy,0.32483336755299735
0.0005681546559141575,0.005047977679390692,0.0005852274151399449,0.9991169049142524,1.0010220095161824,0.26889477033145837,0.8570599601199516,350842552,9,TIC350842552_sector9.npy,0.32482609039008
0.0008144163230412125,0.0070951061190558384,0.0006980184861671939,0.9986369643761057,1.0013123792366112,0.240359538174662,1.030482355526476,278776865,62,TIC278776865_sector62.npy,0.32481611296227225
0.0005500642848249418,0.005057926873611507,0.0005372587308295464,0.9991671161827607,1.0009089523335781,0.011944980060865553,2.0378903796441943,141809220,1,TIC141809220_sector1.npy,0.3247964467454096
0.0008321731283540718,0.005716376626690001,0.0007800127111823007,0.9986002512043766,1.00141785361601,0.0365031505831272,0.05440448560434419,167523976,98,TIC167523976_sector98.npy,0.32478197961063543
0.0004083137448517094,0.004002073757871871,0.00043865529738556944,0.9993726581829053,1.0006697553730384,0.36277626820400416,1.5024472658115364,260659557,39,TIC260659557_sector39.npy,0.32478129136080214
0.0003040513836120193,0.002988167673285136,0.00032816920498040576,0.999534685346229,1.0005097868499822,0.24502831232006486,1.0846743201165436,261417533,27,TIC261417533_sector27.npy,0.3247811883985565
0.00030815719355163504,0.0020670446246651153,0.000330968659014322,0.9995372703187212,1.0005586488747251,0.2271161642897978,0.29272020054184944,260043481,37,TIC260043481_sector37.npy,0.3247784959628938
0.0002777877559152582,0.002358105819062817,0.00029523410096612957,0.9995645683543085,1.0004729942819193,0.18336698701472084,0.6925452121367268,261417533,1,TIC261417533_sector1.npy,0.3247693966387872
0.000742865023799114,0.005979942998321719,0.0007352018768392734,0.9988784606248842,1.0012259411144648,0.3094667807812571,1.0371384931580803,149269178,65,TIC149269178_sector65.npy,0.3247468545556924
0.0008597334552430746,0.0066558828001463954,0.0008975109985709648,0.9985629260888741,1.001388256775674,0.027425449926798413,0.604543118421514,364326480,2,TIC364326480_sector2.npy,0.32473851607899046
0.00071486479031459,0.00678637106037272,0.000677168437119445,0.9989793890171228,1.0012197188683563,0.3977967884284747,1.129600884909939,149269178,2,TIC149269178_sector2.npy,0.3247152347707424
0.00027820233904525933,0.0024617638427698596,0.0002904015544554179,0.9995569140422849,1.0004652069193778,0.19322381881321754,0.5856756205630345,142085842,66,TIC142085842_sector66.npy,0.32471108609588195
0.000566804848784511,0.00501657887748197,0.0006290374182258331,0.9990833327537728,1.0009083351055088,0.25975763675110747,1.0304318420975465,260043481,65,TIC260043481_sector65.npy,0.3247030621733276
0.00027322282681328596,0.002323693880192157,0.0002961499362542711,0.9995502552013761,1.0004488577677422,-0.015075444403556846,0.4972170528824704,142085842,93,TIC142085842_sector93.npy,0.32469880606378226
0.0006779990201481141,0.006275848089444147,0.0007239605263938295,0.9989529635778623,1.0011125539577697,0.3762316065375609,1.2658692880209772,350444342,37,TIC350444342_sector37.npy,0.32469813806379977
0.00030936444812910475,0.0027520492232526728,0.00031329091901933197,0.9995488395990406,1.0005560743452566,0.25128128267315897,0.6645668340352806,278730120,7,TIC278730120_sector7.npy,0.3246939448829014
0.0003366979884097399,0.002924035919247059,0.0003612728909046196,0.9994701573455382,1.0005424570554156,0.31447119669909507,0.913402703994076,278899461,39,TIC278899461_sector39.npy,0.32468072595084724
0.0002993120663815816,0.0021891975436414413,0.0003002721399965814,0.9994889293365071,1.000456834905751,0.02967712433933119,0.16538230699441803,261417533,4,TIC261417533_sector4.npy,0.32467555279596494
0.0006378408952826917,0.004621680485668578,0.0006736954121443412,0.9990696994313474,1.0011500672089912,0.28912055716995866,0.4306884393763042,260419879,9,TIC260419879_sector9.npy,0.3246692460792555
0.0008343092538588713,0.006421048527427087,0.0009307012648625101,0.9987041168542755,1.0013670695954218,0.13413140886477037,0.27785524373583437,350299588,64,TIC350299588_sector64.npy,0.32466436768528395
0.0002509725517882125,0.002074209556148565,0.0002702098317182066,0.9995978054850934,1.0004307821545695,0.08008955274428452,0.5837335429787536,260078030,27,TIC260078030_sector27.npy,0.3246635843872812
0.00035936232503577494,0.0023661967507779824,0.00019823179338204164,0.9994166820424907,1.0005972478512044,0.12031171053214466,0.0024174238273579896,150393390,36,TIC150393390_sector36.npy,0.3246597943972449
0.0005903954102110339,0.0037756606093251044,0.0005526802389806722,0.9991435267774395,1.0010698133984535,0.28302741753800564,0.3451073080306326,141809220,96,TIC141809220_sector96.npy,0.3246500813128638
0.0003781399256737209,0.0032713800053453257,0.00041414207442443276,0.9993885815370621,1.0006028764926285,0.3413524856806175,1.1569805562191178,149971828,30,TIC149971828_sector30.npy,0.3246409548579264
0.0006560262015532128,0.004008676697652369,0.00046718479111036417,0.9987812709779269,1.0010007159154735,-0.15350924844932703,-0.09371807520591657,293268667,7,TIC293268667_sector7.npy,0.32463723666113375
0.0007610407597840573,0.005059064897469767,0.0007706501218879439,0.9988204826506609,1.0012036818200385,0.26551248739320077,0.33123224543501406,350822079,35,TIC350822079_sector35.npy,0.32462036165517366
0.0008382869958768435,0.005847547218286064,0.0007251292523159744,0.9986426897129151,1.0014022703276884,-0.025170584718700807,0.2065685042429486,350823719,2,TIC350823719_sector2.npy,0.3246190440711349
0.0003036951948650538,0.0032759665658737003,0.0003213061824360819,0.9995388744037041,1.0005081552166628,0.0756645581050379,1.343086299060686,278730120,5,TIC278730120_sector5.npy,0.32461569589664385
0.000786037977837412,0.006857080298073637,0.0008318751149825706,0.9987887859593546,1.0013262741573494,0.2935614390073055,0.6515486021323231,141805180,30,TIC141805180_sector30.npy,0.3246099692798432
0.0008208450334667898,0.0063923585110696735,0.0008900154828196344,0.9986477979217324,1.0013492845251806,0.07099269095047789,0.38048493729337496,350822079,27,TIC350822079_sector27.npy,0.3246076866103179
0.0007492649189709186,0.006614614048219836,0.0007715773680728536,0.9987442910698358,1.0011266202952245,-0.15214832270668652,0.5870385697745468,149269178,93,TIC149269178_sector93.npy,0.3246060705603018
0.0007102714078541287,0.00619300712647064,0.0007663766767392505,0.9988941775168388,1.001176675019437,0.2619010625431167,1.3685733787956647,140997242,33,TIC140997242_sector33.npy,0.3245947472327973
0.00045927463866916445,0.004904821822385053,0.0004477971908800974,0.9992444614619099,1.0007296165509714,-0.18385114206084652,1.5844936740428333,141809220,95,TIC141809220_sector95.npy,0.32458727308956653
0.00028555620150764083,0.0022279733001220325,0.0002850386273055448,0.9995114263990146,1.000447570102165,0.06733603514051828,0.32981827684142306,260078030,5,TIC260078030_sector5.npy,0.3245758321621523
0.0005605764159221634,0.0044814494436334895,0.0005941966045207125,0.9991688612137307,1.0009731069519734,0.3228325652864223,0.49373225772292173,350842552,5,TIC350842552_sector5.npy,0.3245727312678992
0.0003379146155625772,0.0024531876853232104,0.0003686917621256744,0.9994734095322372,1.0005718844021003,0.3222600365206484,0.4035765241866258,350742475,11,TIC350742475_sector11.npy,0.32456722720372283
0.0008446867753281642,0.005654410748314964,0.0007209522106604187,0.9986460560305596,1.0015508384352036,-0.004725692740389519,0.014401938914995416,350823719,96,TIC350823719_sector96.npy,0.3245569127607233
0.0008329593347386502,0.005387728648679313,0.0006693646946712481,0.99872670216505,1.0014419629091298,-0.0029867472240311956,-0.19083460093059879,350823719,3,TIC350823719_sector3.npy,0.3245412642227951
0.0002812831308018907,0.0023944989739067557,0.0002999043321420647,0.999549671815673,1.0004777185870042,0.20591110773509266,0.8243555908982656,260043481,28,TIC260043481_sector28.npy,0.3245250185552834
0.00028224434208721876,0.0025959502725610983,0.00030924517414567866,0.9995439109806881,1.0004721271159733,0.20428058890199066,0.9056674834083891,261417533,33,TIC261417533_sector33.npy,0.3245142035341897
0.00046660255880148093,0.004770243622174486,0.00045049081374173036,0.9993004857293402,1.0007355070114086,0.33574448584091465,1.4446941120733152,176873028,61,TIC176873028_sector61.npy,0.324503805381358
0.0006215903171563868,0.004266455127004187,0.000552247257860605,0.9990642949722837,1.0011315733246866,0.39219513373720727,0.6605562230420756,141911519,7,TIC141911519_sector7.npy,0.32450312168299766
0.0007621581879318702,0.006000526848748966,0.0008295727387321158,0.9987733949072524,1.001280066831162,0.2929714946651679,0.5127544716776877,149302552,35,TIC149302552_sector35.npy,0.3245027712976346
0.0008090398892998578,0.005824293936245839,0.0008881596036124889,0.9987217364206021,1.0014363040828578,0.13129008179293217,0.30832425528930063,309792357,64,TIC309792357_sector64.npy,0.32449610171992294
0.0007023478848253035,0.006431069236946141,0.0007671443444579006,0.9988915249713892,1.0011068476327531,0.296745961202226,1.276438239126862,149121385,67,TIC149121385_sector67.npy,0.32449569828605185
0.00036244019989332624,0.002454523276865128,0.00036048245075170085,0.9994927771445539,1.000644518176899,0.3615795176539332,0.38546776079802125,141770198,30,TIC141770198_sector30.npy,0.3244817289292249
0.0006347273222091605,0.004950996964400156,0.0006769307690914192,0.9990540584031502,1.0010961152722015,0.30085989636878824,0.5581090039935432,260708537,11,TIC260708537_sector11.npy,0.3244814557567326
0.0004659234366556088,0.004671242052688207,0.0004084708946535115,0.999255471345284,1.0007307944844008,-0.25148470206044404,0.9976366005580872,374912345,93,TIC374912345_sector93.npy,0.3244729013584323
0.0007491433242903653,0.005877268593734164,0.0008090471631871481,0.9988421717382241,1.001186102334512,0.3173006543166937,0.979724069670024,140997242,29,TIC140997242_sector29.npy,0.3244686059866686
0.000798711327616587,0.006017124256566531,0.0007639134449344641,0.9987389966472732,1.00143482450265,0.021643900609539014,0.2369991139303953,167523976,94,TIC167523976_sector94.npy,0.3244660346120706
0.0005031049763804885,0.004060103173846752,0.0004750226748197731,0.9993007238834246,1.0009986169647405,0.2587364452083029,0.08960146345853648,350522196,4,TIC350522196_sector4.npy,0.3244653360073821
0.00025530162225011503,0.0023485215567661255,0.0002737743533343237,0.9995838134755982,1.0004364345060954,0.015433865799047543,0.43136469721240234,260078030,6,TIC260078030_sector6.npy,0.3244631119667228
0.0008020814833628403,0.0061751477423659384,0.0008679035195164554,0.9986789853796694,1.0013361778342713,0.2568028355490836,0.6310449554222761,149302552,11,TIC149302552_sector11.npy,0.3244466945330838
0.0004590533586125287,0.004761553671326468,0.0004943672594388,0.9992533197855065,1.0007742231727805,0.2631885104776629,1.3069748045350646,350343922,36,TIC350343922_sector36.npy,0.3244461190333662
0.0007075633888937569,0.00589428299637873,0.0007660818893158101,0.9988609567231942,1.0011507159258535,0.38899363192206027,0.9635396703676031,260079513,30,TIC260079513_sector30.npy,0.32444526815587477
0.00031269261799609716,0.0021241655316851515,0.00033865020878413627,0.9994752026939676,1.0005227045523424,-0.12312123962928816,0.45779168816327287,278899461,94,TIC278899461_sector94.npy,0.32442781515749053
0.0005774215323569438,0.006101859187313208,0.0005564491758571608,0.9991826579619774,1.0010291158928044,-0.021053303853659194,1.5201177858077486,150392584,27,TIC150392584_sector27.npy,0.3244154196142946
0.0002679744752440058,0.002103519731981751,0.00028767789371990165,0.9995618766641684,1.0004275161979543,0.07682402087601893,0.5133765340433647,260078030,33,TIC260078030_sector33.npy,0.32441050748457456
0.000732248896088342,0.00634746454388424,0.0007950192347784902,0.9988477436515393,1.0012028056888425,0.3248881625267329,1.0477751224018972,141770198,36,TIC141770198_sector36.npy,0.32439587536911213
0.0007051195772892056,0.007129966172293889,0.0006658162088083043,0.9989385115231604,1.001134008065115,0.2615276557935693,1.2492414651352917,149269178,5,TIC149269178_sector5.npy,0.3243922844931098
0.000765966246037896,0.006108119848413085,0.0007870441465703571,0.9986457586584936,1.0011467630544961,-0.18250815630511902,0.3833586261042736,350822079,87,TIC350822079_sector87.npy,0.324380822748262
0.0003989746890448847,0.003599335651155222,0.0004197999613542235,0.9993940072174939,1.000675085575012,0.459881510337444,1.054572717792424,149971828,11,TIC149971828_sector11.npy,0.32437922171281414
0.000692506540202292,0.006682915208160001,0.0007469401389442275,0.9989020523680008,1.00115828214596,0.31146206387734243,1.337567228871305,350444342,62,TIC350444342_sector62.npy,0.3243773983888049
0.0005841300735227346,0.004914483887760501,0.0006374670312351349,0.9990852911059854,1.0009622458835887,0.25358554611923295,0.8861653181379974,260419879,38,TIC260419879_sector38.npy,0.32437315151659957
0.00043270113205463905,0.004442729373392851,0.00043238666584786533,0.9993263399567767,1.0007284088220898,0.4030415203701772,1.6989533795182883,141809220,36,TIC141809220_sector36.npy,0.324363755114426
0.0002784995186081158,0.002434618634347796,0.0002960813069808148,0.9995425230929493,1.0004770835939718,0.18554484041893907,0.602223895014494,261417533,28,TIC261417533_sector28.npy,0.3243548386888933
0.0006167046312414567,0.005297190151823727,0.0005586904450307303,0.9990864297018723,1.0010468503089882,0.273518003297676,0.7888245462674481,141911519,62,TIC141911519_sector62.npy,0.3243217519631116
0.0007776690258407374,0.0064217854950366915,0.0008279510125741728,0.9987991362117822,1.0012841611386563,0.2546352027377378,1.1467442993584855,140997242,30,TIC140997242_sector30.npy,0.32430457551618874
0.0008350561799038936,0.006299916012841078,0.0007763580176887696,0.9986803301115346,1.0014498082769128,0.04227168686657476,0.0016860654579353707,350823719,39,TIC350823719_sector39.npy,0.3242934601633831
0.0007307580584668175,0.005818115421868053,0.0007666150535204622,0.998888448221495,1.001205210605089,0.287799703322449,0.28392158813705004,350742475,87,TIC350742475_sector87.npy,0.3242790162110689
0.0006589935666439408,0.0046043703510469935,0.0006616600685110082,0.9990305566698736,1.0012824985020803,0.2645884907126779,0.26194104541204233,260708537,8,TIC260708537_sector8.npy,0.3242611942562868
0.00030004127309598086,0.0021430398084638647,0.0003055286344143864,0.9994525678207308,1.0004644868602703,0.12159948718676031,0.06259230010016381,261417533,7,TIC261417533_sector7.npy,0.3242536028690603
0.00026786765990180613,0.0021724732101342514,0.0002869942820381219,0.9995699613077883,1.0004220060902131,0.12763124587864477,0.6410891261599252,260043481,13,TIC260043481_sector13.npy,0.3242469837879465
0.0002905193231721927,0.002136261384599658,0.0002974064961306375,0.999563500530738,1.0005201415941034,0.21604415282905867,0.38093283953557266,278730120,1,TIC278730120_sector1.npy,0.3242350419369778
0.00041583599689058,0.003641869148015009,0.00044542136862266184,0.9993155734026727,1.0006724021219613,0.32920472244545507,1.2361412707029773,149971828,10,TIC149971828_sector10.npy,0.3242147290514174
0.0007529027113814679,0.006930231592845559,0.0007747086922386847,0.9988412765650446,1.001288597994096,0.25258593097444487,0.9419256979762114,149121385,97,TIC149121385_sector97.npy,0.3241990729405493
0.0008017032129744199,0.005744834283201938,0.0008873180074585156,0.9987067445491311,1.0013932780808414,0.0507032622027455,0.36096946468171387,309792357,10,TIC309792357_sector10.npy,0.3241954183896349
0.0002850266132593423,0.0020296328987358114,0.00031312871921521465,0.9995384985513462,1.000469668423733,0.21737775522840222,0.4855567052362071,260043481,33,TIC260043481_sector33.npy,0.32418487362450316
0.0003020967141067422,0.0026544659602196763,0.0003235438786569842,0.9995265787028377,1.0004968814846211,0.25436693977222846,0.8622890058680768,261417533,39,TIC261417533_sector39.npy,0.3241781140477388
0.0008278461145912516,0.006395902194552883,0.0008251402270268816,0.9984603818625042,1.0013014276489114,0.11763717623419248,0.20188338039728837,309792357,4,TIC309792357_sector4.npy,0.3241620190891629
0.0008108745867105638,0.0062192953771179615,0.000904429164751798,0.9986966054787539,1.001374406676664,0.2159107101868486,0.4027991311925119,350299588,89,TIC350299588_sector89.npy,0.3241562542507796
0.00045840967723546384,0.0036821218467559813,0.00038170391824632013,0.9992442307221671,1.0007322926017124,-0.26920767329409356,0.9148987450529158,260128701,63,TIC260128701_sector63.npy,0.3241560712846256
0.0007403617324947367,0.0068963589876466225,0.000754983352441209,0.9987834114222793,1.001095756195108,0.19605927351308808,1.7041810576172054,350444342,38,TIC350444342_sector38.npy,0.3241410763925512
0.0002934166816926505,0.002125577195919881,0.00030415048925004515,0.9995475529223431,1.000488118828905,0.17183239933527986,0.27556293801706255,261417533,35,TIC261417533_sector35.npy,0.32414031719139863
0.0008423340539536465,0.0067666422962427974,0.000911862841630119,0.9986130351313324,1.0013987556989927,0.16697293733949617,0.3768972923582705,309792357,5,TIC309792357_sector5.npy,0.3241270968155286
0.0007103643696146829,0.006814590767163842,0.0007898890726221455,0.9988961624420442,1.001178397118602,0.321001978835,1.0429360336991822,260127606,28,TIC260127606_sector28.npy,0.3241249897299617
0.0002703277902746155,0.002089690346048112,0.00028135057929350903,0.9995676711076785,1.0004359583918225,0.13817986496076634,0.445699335203086,260043481,8,TIC260043481_sector8.npy,0.32412053765689997
0.0007364890959708936,0.007143527717784481,0.0007258562409265488,0.998868967806126,1.0010694829666262,-0.05657697912769244,1.6838926178093754,278777070,95,TIC278777070_sector95.npy,0.32409054018579114
0.00032777975037418346,0.002492143642967015,0.00035097922070568904,0.9994825036586847,1.0005516051670216,0.27731810739542884,0.6025033449392692,260002453,32,TIC260002453_sector32.npy,0.32408979110298586
0.0003533754441555151,0.002441742667959601,0.0003459637109241394,0.9994871677360273,1.0006600925085833,0.31934437424615203,0.46059395846845463,260002453,4,TIC260002453_sector4.npy,0.3240796382229739
0.00033552215684170503,0.002805401232112925,0.0003514259033568889,0.9994933901675049,1.0005559460209712,0.32930869221936837,0.6913903924055034,260002453,36,TIC260002453_sector36.npy,0.3240736279968552
0.0007212492847025054,0.006201005048279917,0.0007560096184071601,0.9988229119748179,1.001202866355495,0.31836935900658886,0.6684024212697208,350862394,34,TIC350862394_sector34.npy,0.32407101179203457
0.0004472345722417591,0.003636804394226534,0.00041633155046302643,0.9992832248398686,1.0007067468555426,0.418440954703906,1.3510061655370356,260128701,8,TIC260128701_sector8.npy,0.32406264320036043
0.0003158374528755286,0.0025385254691868697,0.00034598477036221784,0.9995001790810565,1.000515514824542,0.2556911052275449,0.7676776842011437,141770198,33,TIC141770198_sector33.npy,0.3240461457697566
0.0002849403320863398,0.0019582217377992484,0.00031529317245556027,0.9995346018714464,1.0004729797515324,0.13089702584670457,0.3469316757686185,278730120,6,TIC278730120_sector6.npy,0.3240384061525996
0.0006749718901866205,0.005851622187143857,0.0007317164254614331,0.9988976799787764,1.0010807643303548,0.3192772463634351,1.275334522901157,350444342,31,TIC350444342_sector31.npy,0.3240329395119234
0.00031298988896380216,0.0025784541287191542,0.00033347700974457715,0.9995135088468468,1.000536830634939,0.23086616135448745,1.0222868611040337,278899461,35,TIC278899461_sector35.npy,0.3240269739277864
0.0008013196912164588,0.00583240350557046,0.0008796327735946862,0.9986249033760427,1.0012848365003466,0.03027904542190415,0.3152253689310798,149302552,39,TIC149302552_sector39.npy,0.3240254769758191
0.000819853311482422,0.006336478066785389,0.000840539633150842,0.9985846053114608,1.0013402171821626,0.2184195107944075,0.351512891055624,149302552,4,TIC149302552_sector4.npy,0.3240232622065338
0.0007091653748318434,0.0054108896204523305,0.0007673338189487037,0.9989179137604502,1.0012533701902198,0.33121856145893463,0.5645291543391187,140997242,96,TIC140997242_sector96.npy,0.32402173167130527
0.0006180888231562122,0.006271515485332224,0.0005519813962372997,0.9989457900570647,1.000955839654814,0.29757694134666884,1.118570772243852,350842552,38,TIC350842552_sector38.npy,0.32400111647015933
0.00032610603362057236,0.002729288073759717,0.0003528522891146571,0.9994773845553212,1.0005308415815963,0.2529050344499185,0.8393914045631754,260079513,39,TIC260079513_sector39.npy,0.3239980107541057
0.00038504249137300445,0.004022994826145987,0.00037680344576966575,0.9994064283939255,1.000618348894704,0.29414886938569645,1.4421548549189973,141805180,1,TIC141805180_sector1.npy,0.32399166769582505
0.00031600050844181836,0.002176116655776661,0.00031616926183869324,0.9994403392094898,1.0004925432826315,0.042077486546829086,0.2356677210002216,278730120,4,TIC278730120_sector4.npy,0.32399157667383516
0.0007503981537366771,0.004935105863631439,0.0007653830300045945,0.9988162179074812,1.0013060702102037,-0.11419989346332962,-0.019742489656302098,350822079,93,TIC350822079_sector93.npy,0.32396909361636234
0.0007512776073024149,0.006934614476074019,0.0008230161779971397,0.9988324366141557,1.0012099098117686,0.28894906513308966,1.001399437853328,375059587,38,TIC375059587_sector38.npy,0.32395367435762884
0.00040962534632072524,0.004873494156855673,0.0004120264797236265,0.9993257162290179,1.0006575225697198,-0.07357747985305582,1.6869199772472792,141809220,33,TIC141809220_sector33.npy,0.3239269905484745
0.0003529056157802823,0.002985182614506532,0.00037598007414907413,0.9994645621325164,1.000571609164479,0.42174299535366894,1.0679378350181272,350742475,29,TIC350742475_sector29.npy,0.3239265547473426
0.0004692426895310804,0.0041991074076771495,0.0004887318246417605,0.9992669605813654,1.0007829189487183,0.3284027423244096,1.2440449047828137,176873028,9,TIC176873028_sector9.npy,0.32392063413307187
0.0008725408124424941,0.006076669294335257,0.000708031319904947,0.9985776775945918,1.0013227059536665,0.07348494841424107,0.09171207736780618,350823719,4,TIC350823719_sector4.npy,0.32392054714288115
0.0007456172119475567,0.005444942847892431,0.0007754591052685089,0.9988397968293359,1.001419516857186,0.18963331607238054,0.44487949119684833,141770198,68,TIC141770198_sector68.npy,0.3239166824307329
0.0003293767998954489,0.0020516033229408537,0.00035754507565379634,0.999458528782219,1.0005546328409096,0.051511176978241126,0.07381539898423206,260127606,11,TIC260127606_sector11.npy,0.32390119673996004
0.0002842270176142617,0.0025422986119729707,0.000304735857172979,0.9995466374909441,1.0004610731525447,0.15642094353104277,0.9590568362633181,142085842,62,TIC142085842_sector62.npy,0.32390015528348964
0.0007820176758453383,0.006187984332218677,0.000733916980432424,0.9988413513946189,1.0013387515427792,0.2784555991954054,0.6096535392530185,350823719,37,TIC350823719_sector37.npy,0.3238970825983518
0.00028604780647237233,0.0020430588688166162,0.0003155350767821813,0.999540299015305,1.0004760667365704,0.1564548057371172,0.4120999581753355,260043481,6,TIC260043481_sector6.npy,0.32389045777909686
0.000789683863590742,0.007583129001255351,0.0008148623477143328,0.9987033078999529,1.0012214237648078,-0.05446775121890966,0.4790329406853404,350299588,69,TIC350299588_sector69.npy,0.3238884492935632
0.00030009882281393493,0.0023771889389800904,0.0003278424281949585,0.9995354357410007,1.0005110573081462,0.26104850999712165,0.7713639661788472,260043481,9,TIC260043481_sector9.npy,0.32388704609041374
0.00030691508868536455,0.002167987450787945,0.00032718625926493665,0.9995122609031862,1.000506850194243,0.16935075742027988,-0.018072144239419163,278899461,34,TIC278899461_sector34.npy,0.32388633192011446
0.0008498690913629432,0.0067511892048073285,0.000724370717758513,0.9986655730793151,1.001483477220923,0.07977050191901466,0.48041285605571904,350823719,5,TIC350823719_sector5.npy,0.3238677538830796
0.0005887911501130334,0.004262865550732964,0.0005363478398176738,0.9991014723833457,1.0010321299438703,0.41439241747778854,0.7300977539548437,141911519,88,TIC141911519_sector88.npy,0.3238550715007351
0.0006029109377292543,0.005118498079357381,0.0006189495413859785,0.9991157171011797,1.0011606574482643,0.25874513289803064,0.5325721372089172,261417533,67,TIC261417533_sector67.npy,0.32384189289967924
0.00027179028414384354,0.0021373604415531045,0.0002889107000688856,0.9995317646530962,1.0004535388585973,0.1230073019899893,0.4386556375593793,260043481,31,TIC260043481_sector31.npy,0.32382746032625315
0.00036844214255917163,0.003554188267826719,0.0003943789472820862,0.9994073731105309,1.0006048894874762,0.2494459513139237,1.3352056693129732,141805180,64,TIC141805180_sector64.npy,0.3238250698130963
0.0007541126801787909,0.005318958055379741,0.0008639075737888236,0.9987518146915556,1.0012736671229006,-0.020020392503402318,0.06490903541510118,149302552,89,TIC149302552_sector89.npy,0.32382506699856956
0.0006263022430778578,0.00636701654433125,0.0005246475997379757,0.9987425463607253,1.0009427681594516,-0.1694499159701247,1.172316391559641,350765991,12,TIC350765991_sector12.npy,0.32381784791138546
0.000736136301702337,0.005727246630507388,0.0007789014887747746,0.9988520765888402,1.0012090972439733,0.2934851641781152,0.7862894432949727,350444342,39,TIC350444342_sector39.npy,0.3238140491174709
0.00035967551132408935,0.002968367639545,0.00038381023849125685,0.9994341605145175,1.0006012853268573,0.3159268295816366,1.1298779859395918,350742475,39,TIC350742475_sector39.npy,0.3237991410796269
0.00032713056649198924,0.002644332471474775,0.0003545455961080868,0.9994930506650961,1.000534028835226,0.2650105303689466,0.6923204278262824,260002453,31,TIC260002453_sector31.npy,0.32378991578700345
0.0006643473160387184,0.004548844741945168,0.000661096161395106,0.998966049695416,1.0011673184910312,0.29700637471746716,0.12018209198543683,167523976,28,TIC167523976_sector28.npy,0.3237663538404988
0.0008310919048580206,0.006139909311129843,0.000895325880126979,0.9986179326796325,1.0013775296166003,0.0720280528083254,0.5217724471949299,350822079,39,TIC350822079_sector39.npy,0.3237550758248866
0.0003678951890651004,0.002953913622680715,0.000396548747337981,0.9994500468769513,1.000634087646772,0.41177994169963256,1.0141763630725684,149971828,61,TIC149971828_sector61.npy,0.32374812958174004
0.00037702445712049684,0.002330777539625295,0.00036609068536997146,0.9994086296992464,1.000627736739959,-0.02987185620020505,-0.3409820362087652,141865875,90,TIC141865875_sector90.npy,0.32373776898960954
0.0007835590544230416,0.005781658418919755,0.0008822921607741901,0.9987076332772384,1.0012933222153073,0.0412551939722468,0.14879443243326484,149302552,37,TIC149302552_sector37.npy,0.3237367076862719
0.0008323798173015595,0.006308832133401832,0.0007978874727241899,0.9987811913981279,1.0014335806892491,0.008478924722345937,-0.00724932829439906,375059587,4,TIC375059587_sector4.npy,0.3237298137425086
0.0007488687673109347,0.005849611135516852,0.0008188210023598974,0.9988341424182402,1.0012922969150486,0.2792994478488578,0.6346210648135169,375059587,34,TIC375059587_sector34.npy,0.32371059443333394
0.0003878965198176303,0.0028644163039681647,0.00036465520458203667,0.9993092386374449,1.000591367964747,-0.20648643214369636,0.30201826593161707,141805180,3,TIC141805180_sector3.npy,0.3236916360812039
0.0007224638796483575,0.006368487124475131,0.0007535763710203069,0.9988469074720957,1.0011822873496798,0.2688775653226694,1.1424008113534043,141770198,62,TIC141770198_sector62.npy,0.323690384690958
0.0007965822234570659,0.0060331252749559194,0.0008600699066279995,0.9987721551021849,1.0013356297475144,0.19724156891563308,0.380958924351801,350299588,88,TIC350299588_sector88.npy,0.3236885192844373
0.0008085869849061744,0.0054390163712774164,0.0008927976440787788,0.9987643686260859,1.0013515818741245,0.1088804932182061,-0.07155177791159018,149302552,29,TIC149302552_sector29.npy,0.3236815800495795
0.00037799391733377163,0.003534467851868839,0.00041406948849999207,0.9994146762770291,1.0006324905894146,0.29859930376835614,1.269140044939979,260659557,9,TIC260659557_sector9.npy,0.32367319528690597
0.0002710699620601403,0.002349075925650479,0.00028893747730944193,0.9995761196305649,1.0004484402527216,0.1301706517816468,0.48261918950309735,260043481,29,TIC260043481_sector29.npy,0.32366462894127707
0.00042565068787671833,0.004007560664133991,0.00041321746697990446,0.9993450409776834,1.000707803084349,-0.25147188632554235,1.0983224339706474,141910606,98,TIC141910606_sector98.npy,0.32366411336360296
0.0006123580620458379,0.005202271190308805,0.0006227586803666079,0.9990543760260029,1.0009911709119148,-0.23765743961450297,0.742993086116642,149269178,90,TIC149269178_sector90.npy,0.3236557088506511
0.00031617887826579057,0.00289145677549274,0.0003462195367689823,0.9994962787647036,1.0005161068414634,0.1917580817776936,1.0933411741634513,278730120,12,TIC278730120_sector12.npy,0.3236493069430183
0.0008387867025669507,0.006170261894463791,0.0007841130536401864,0.9986655995233217,1.0014407851746403,0.18555698208639332,0.15940200919070646,350823719,28,TIC350823719_sector28.npy,0.3236453582623459
0.00030842907553906896,0.0019370924597582606,0.000323000188271663,0.9995044963714971,1.0005091339981718,0.09471000893025626,0.03964035342133654,260002453,65,TIC260002453_sector65.npy,0.32363284352805005
0.0008011448628825531,0.005535428334780046,0.0008159552014762827,0.998708758042381,1.00130874137946,0.18979124847467008,0.3006812048281593,350822079,38,TIC350822079_sector38.npy,0.32363256201413965
0.0008329206412411802,0.006388570097614399,0.0009009112168115926,0.9986188306670958,1.001282925634396,0.10056267333638859,0.44867997353312417,309792357,9,TIC309792357_sector9.npy,0.3236285090735118
0.0006461146587479153,0.0061348792534838825,0.0006345382358314084,0.9990543843852437,1.001236072666348,0.05046126665562647,0.8925629169603382,149269178,8,TIC149269178_sector8.npy,0.32362760930729906
0.0005240294615656174,0.004108545745157177,0.0004599264093567503,0.9991404102151789,1.0008416669619635,-0.1699916246485848,0.4100602880690425,260128701,98,TIC260128701_sector98.npy,0.3236170615393006
0.00029015939575787944,0.00239346180005251,0.0002931454089046021,0.9995637756356224,1.0004579624934955,0.24036985405673103,0.6084961696411737,260043481,4,TIC260043481_sector4.npy,0.3236166034116725
0.00046307129130709716,0.003407050964547853,0.00039664901286732147,0.9992388115329225,1.0007249734253396,-0.2651323267489248,0.764440927207982,260128701,36,TIC260128701_sector36.npy,0.32361003598986693
0.000721398424406375,0.005478488219721078,0.0007946082068499354,0.9989224095980093,1.0012263111979025,0.3061986358783038,0.7212697931856114,149121385,89,TIC149121385_sector89.npy,0.32359472853923565
0.0007090618019191331,0.006246429011036558,0.0007782983322112292,0.9989054607437801,1.0011731158174462,0.28277958825940497,0.9033422000819571,350444342,27,TIC350444342_sector27.npy,0.32359237217818115
0.0006695695249535706,0.005494514729531219,0.0007383031495994141,0.9989438502234597,1.0011722831655736,0.33112030091683264,0.9143991893256551,278776865,9,TIC278776865_sector9.npy,0.32357773043747806
0.0005361380403710772,0.004555897833669498,0.0005557933431101386,0.9991804273495634,1.000854008611661,0.26911818782975844,0.994397382983347,350842552,2,TIC350842552_sector2.npy,0.32357662735902215
0.00045704755690238584,0.0037848288122130924,0.00049612456075226,0.9992810017744144,1.0007669399815617,0.27499345617617255,0.8893206172074937,177252842,7,TIC177252842_sector7.npy,0.3235762079696351
0.0005461601062165161,0.004969825798247118,0.0005752513394373874,0.9991209981275252,1.00092767863803,0.27610427760409095,0.942934174908951,350842552,3,TIC350842552_sector3.npy,0.32357351226897474
0.00028371171115001303,0.002135566443538073,0.0003134759443382778,0.9995223091912524,1.0004742192098803,0.10853503575586501,0.19959342149195614,142085842,89,TIC142085842_sector89.npy,0.3235706936481974
0.00040242665356186614,0.002701269265033779,0.0003743115391476639,0.9994295700913997,1.0007626522447854,0.39567536754686755,0.3551074870762796,278865342,8,TIC278865342_sector8.npy,0.3235690709777071
0.0004931316016055119,0.004318295701411845,0.0004942876399008323,0.9992141803436301,1.0007856700208828,0.30365185028645786,0.9077023560109994,176873028,6,TIC176873028_sector6.npy,0.32356596633049345
0.0005950325099703497,0.004549848389514999,0.0006540426167873093,0.9990628625437032,1.001032378602356,0.310044244018654,0.5010907147193189,260419879,30,TIC260419879_sector30.npy,0.323548546158196
0.0006839371487813882,0.005046809817527365,0.0007454501935042017,0.9989353051567497,1.0011940549239748,0.33819739960610934,0.6058716430858762,260127606,30,TIC260127606_sector30.npy,0.3235464213666051
0.0005792195654934432,0.004579777018452469,0.0006265535282274431,0.9990930217020351,1.0010068469690514,0.28203075159693,0.4830581483607981,150030205,13,TIC150030205_sector13.npy,0.32354463928790095
0.0008168440921970051,0.007017168753629233,0.0008395536275742686,0.9986649158840721,1.0012686672213684,0.14440242600134212,1.250424067386601,350299588,94,TIC350299588_sector94.npy,0.32353669597141355
0.0007537959624749958,0.005761140503038442,0.0007923568585904058,0.998806568759281,1.0013282287707455,0.2544415779585136,0.4579919577634928,278776865,39,TIC278776865_sector39.npy,0.323531995589142
0.0006886140056351031,0.004836487329006656,0.0007246985008746584,0.9989547689386755,1.0012561323913431,0.2743236407971337,0.19337773881928877,350862394,31,TIC350862394_sector31.npy,0.32351583230072845
0.0007613994445510954,0.007046127413516401,0.000834445282532318,0.9987917221461515,1.0012752083143925,0.2255631265453902,1.0121351472764788,141805180,28,TIC141805180_sector28.npy,0.323514477298797
0.0002852840957532442,0.0022108854760166663,0.0003208049666211888,0.9995142704426977,1.0004624122023729,-0.04054317734731372,0.4744911408939738,260078030,89,TIC260078030_sector89.npy,0.32350985842451346
0.0007579363722972168,0.006004095154004241,0.0008463081301226753,0.9988491975611362,1.0012181532107587,0.2694781071937973,0.8612618331794977,140997242,90,TIC140997242_sector90.npy,0.3234882837621105
0.0006795241140862868,0.005238751681503118,0.0007325369890513391,0.9989424484511708,1.0011520322677745,0.37964172950949937,0.9170557337808192,260127606,34,TIC260127606_sector34.npy,0.32348559945291766
0.00045417778538455985,0.003938043523294188,0.0004847494339830789,0.9992894836964417,1.0007358723104645,0.37282247914126987,1.0174514418250098,260042834,10,TIC260042834_sector10.npy,0.3234750729399048
0.00045392231807430447,0.0038542703867424644,0.0004748718015941623,0.9992901956401153,1.0007717010941928,0.3491275985741316,1.0113298198984513,350343922,10,TIC350343922_sector10.npy,0.3234750729399048
0.0007689004178288824,0.005874711868611215,0.0008100043586743361,0.9988190469478799,1.001401375931521,0.168070422630686,0.3302582550774611,375059587,36,TIC375059587_sector36.npy,0.32346952115755384
0.0007815874958424674,0.00712008603231129,0.0007421436281239027,0.9988092331398455,1.0014114873532953,0.10046377896819042,0.3558554225177981,278776865,34,TIC278776865_sector34.npy,0.32346944622886886
0.0007218270473692398,0.006672102496034005,0.0006187638249687198,0.9988082806795937,1.0012090381324916,-0.024804580415700536,1.0339660851267611,149269178,95,TIC149269178_sector95.npy,0.32346386912264546
0.00028470495705902425,0.0021835721186592716,0.0003083978524420347,0.9995346810397926,1.0004774379650105,0.21882066325861238,0.7578605737364619,278730120,37,TIC278730120_sector37.npy,0.32346295119601487
0.00029933197926753415,0.00260014019454069,0.00031947333106740154,0.9995318426532457,1.0004877497049447,0.19223040959194085,0.8920382757916672,261417533,5,TIC261417533_sector5.npy,0.3234585723700351
0.0007004678196698605,0.006433992514456421,0.0007541433340573066,0.9989297397015093,1.0012037525707238,0.2674787089135857,0.831493950542709,278777070,64,TIC278777070_sector64.npy,0.32343176144143676
0.0007608317199976477,0.00529069903533097,0.0007545582015603844,0.998813012951864,1.0014163344289935,0.0967465578670323,0.17199392826508753,350822079,3,TIC350822079_sector3.npy,0.32342681425112535
0.00042214950955649474,0.002842914811744812,0.0003577165028894253,0.9993268733778429,1.0007379723637218,0.4785735800333143,0.8295549851638704,278865342,97,TIC278865342_sector97.npy,0.3234173724541212
0.0006773337453560505,0.004735179663573175,0.0004828658457769746,0.9988572626489568,1.0010768529342366,-0.2346749984250456,0.179932519392775,293268667,9,TIC293268667_sector9.npy,0.32341420898836676
0.0007308166798216863,0.0055949655927201025,0.0007738869674553993,0.9988411593413756,1.0011494637193987,0.2800907638172952,0.621059895824073,278776865,29,TIC278776865_sector29.npy,0.32341311576571335
0.0003883379800058938,0.0034924037731186575,0.0004145155570304343,0.9994058986309592,1.0006673346662986,0.37674138014988084,1.0717728820361332,149971828,9,TIC149971828_sector9.npy,0.32338881047269796
0.0006294166085562912,0.004294247361071757,0.0005482039477399433,0.998857006565025,1.0009333277930972,-0.22765576894497938,0.37289149378566533,141911519,66,TIC141911519_sector66.npy,0.3233847117368952
0.0003606474731570672,0.002673521737114104,0.00037987618732464394,0.9994391089330082,1.0006014928045166,0.34711276975546945,0.5262970606358159,260127606,10,TIC260127606_sector10.npy,0.3233687157220343
0.00031346681187002676,0.002786943161668942,0.0003217786177320709,0.9995034256780746,1.0005450642332714,-0.09278332401407897,0.5920464886411465,260078030,61,TIC260078030_sector61.npy,0.32336212052401364
0.0007950288911770532,0.005666533715570465,0.0008580752058152719,0.9986663246077429,1.0013121420528912,-0.02171428452699072,0.17103772004516093,149302552,97,TIC149302552_sector97.npy,0.3233598896448139
0.0008072301398020767,0.006208577910349455,0.0008735741843037222,0.9987687404000178,1.0013524638496996,0.20483702755315167,0.616574632870035,309792357,8,TIC309792357_sector8.npy,0.3233479845983631
0.0007962474558773179,0.007102145923185255,0.0008418630994590783,0.9986267814214446,1.0012350010159403,0.0314880603587096,0.42218321414300375,309792357,68,TIC309792357_sector68.npy,0.32333931347635486
0.00032096641895578494,0.0026172483691135895,0.0003442460333567828,0.9994895132679675,1.0005204841017947,0.18802292422733113,0.2979608564248193,278730120,38,TIC278730120_sector38.npy,0.32333920316849196
0.0003771726140720397,0.00265593873276182,0.00041869448434766804,0.9994444268846263,1.0006983280147932,0.3944694664979873,0.6009450111419632,350299588,7,TIC350299588_sector7.npy,0.3233229967663706
0.0007889791489966197,0.005651370614267348,0.0008090168204561694,0.9987572909798782,1.001239963031914,-0.07313328957616752,-0.13912328917546546,149302552,69,TIC149302552_sector69.npy,0.32330973240052596
0.0007834660068290626,0.005973712141100429,0.0007674177891178684,0.9986210959013093,1.001222337451123,0.01216309943894824,0.3422075881385558,350822079,65,TIC350822079_sector65.npy,0.32329911530053684
0.0007594917052612944,0.005967160906390712,0.0006956643336653661,0.9988058362265878,1.0011869582425357,-0.21105285436899987,0.962448762087385,350862394,97,TIC350862394_sector97.npy,0.32329775407823874
0.0003475107797671892,0.0025619597761998847,0.0003745759068073416,0.9994829756789698,1.0006013006249133,0.272003922558496,0.4633090601516705,350742475,30,TIC350742475_sector30.npy,0.3232847919520811
0.000797166890012173,0.006208794422380426,0.000884147120245283,0.9987012116980264,1.0012781061607452,0.10034763057072524,0.3908034866459742,350299588,98,TIC350299588_sector98.npy,0.3232827552371445
0.00027845839272663147,0.0023529821047234556,0.0002898682687153746,0.9995100245949622,1.0004493472727787,0.12019564974263972,0.5176292160712417,150393390,95,TIC150393390_sector95.npy,0.3232746166153386
0.0008027627174210377,0.005293404756165576,0.0008602407954412367,0.9986817699112562,1.001279497684909,-0.04769336165286879,0.08532243305505993,149302552,93,TIC149302552_sector93.npy,0.3232660907922993
0.0006859718407868949,0.005734330979811353,0.0007168939593524362,0.9989389657727533,1.0010738631132179,-0.25008603475683533,1.0682967230663465,278777070,89,TIC278777070_sector89.npy,0.32326528783167446
0.00032793800875265773,0.002566466907642284,0.0003638475996205373,0.9994881709301302,1.000571456880454,0.25246572917932597,0.6714026463929748,260127606,9,TIC260127606_sector9.npy,0.323251342526039
0.0005010339823164437,0.004032195763212121,0.0004620427435525197,0.9992392035636961,1.0008504488307675,0.3273443804546199,0.7677269785033873,176873028,68,TIC176873028_sector68.npy,0.32324801863179936
0.000418781075452503,0.003687034283223034,0.0003920007929970223,0.9993808997322002,1.000712601706229,0.35405373583228605,1.0006591204483284,260659557,27,TIC260659557_sector27.npy,0.32323238418067546
0.000315200242600476,0.002236172608353848,0.0003354233640788688,0.9994691068910949,1.0004938893808895,-0.04825526655211278,-0.022968276359507378,260127606,1,TIC260127606_sector1.npy,0.32322881506044754
0.0006939255509070521,0.006465202917652291,0.0007288080895123475,0.9989003293057276,1.0010661338732267,0.27854256836061486,1.3888022575674412,350862394,8,TIC350862394_sector8.npy,0.3232272154215524
0.0007771145020295913,0.005620094847522017,0.0008220025402153264,0.9986837674273858,1.001293221307762,0.2343583383720776,0.3382142509137598,375059587,32,TIC375059587_sector32.npy,0.32321913054977514
0.0003209246571227355,0.0025627516814497042,0.0003348411478961761,0.9994670912371665,1.0005106796580663,-0.014584545514053282,0.35256993676563964,260002453,94,TIC260002453_sector94.npy,0.3232164961618318
0.0007867336538470666,0.004834419330995154,0.0008249462019913471,0.9987400297970409,1.00131143593962,0.17725708251027983,-0.15856741857337475,309792357,69,TIC309792357_sector69.npy,0.3232163576199941
0.0003499867773421646,0.0029978645873478538,0.0003686927628501572,0.9994649342197536,1.0005706174900801,0.3020428446221546,0.8682091978787567,260002453,37,TIC260002453_sector37.npy,0.32321630262661405
0.0004141638129885399,0.00404495562446916,0.000415102104396885,0.999330468437291,1.0006310635509459,-0.1983714632745599,1.0755366909630357,350742475,98,TIC350742475_sector98.npy,0.3232152680396747
0.0003164925958456017,0.0023150517544621163,0.0003401551269330927,0.9994971642072552,1.0005136989032852,0.17408657858270668,0.16265827794494925,260043481,10,TIC260043481_sector10.npy,0.32320489381707906
0.0008338291687712186,0.007398601126189397,0.0008637002928858487,0.9986827645344692,1.0013912595185488,0.13159325825616838,0.7882724596090318,350299588,66,TIC350299588_sector66.npy,0.32320365116373295
0.0006659784421912605,0.004701605406699949,0.0004527757552956883,0.9988770046199076,1.00108543817779,-0.18220988322872567,0.2124353863830737,293268667,94,TIC293268667_sector94.npy,0.32317709362152425
0.0005920244522182585,0.005478376788746742,0.0006010179442493229,0.9990620934564114,1.000958396606733,0.24533498567851317,1.0556557605175945,350842552,12,TIC350842552_sector12.npy,0.32316999836429466
0.0008198384740658374,0.005859154763299457,0.0008374861759622028,0.9988172069755601,1.0015586660124995,0.1786834891375559,0.0902337130369455,375059587,9,TIC375059587_sector9.npy,0.32316899001559973
0.0008219830620886886,0.005610761402164766,0.0006868570009695474,0.9986855363192405,1.0013692079495065,-0.05064721079549724,0.2025713520975292,350823719,35,TIC350823719_sector35.npy,0.3231652678889017
0.00032330738127252126,0.002589036830626501,0.00035304767845322984,0.9994892165144015,1.000527957443972,0.2468150329556941,0.6405773604611924,278899461,6,TIC278899461_sector6.npy,0.3231645738822558
0.0003192582008575091,0.0025063044761646225,0.0003405351952260152,0.9994977032272602,1.0005638463261406,0.1697364071926297,0.21601826385951473,261417533,12,TIC261417533_sector12.npy,0.3231625260467341
0.00033737258793864233,0.002251723602175959,0.00036190232810590745,0.9994665406516025,1.0005427270798544,0.148208540558677,0.33628483423265854,260079513,12,TIC260079513_sector12.npy,0.32315790266600586
0.0006679800704907541,0.004606010902098889,0.0005299267503134767,0.9988321103057385,1.0011011182557392,-0.1813829564552434,0.09510014735921546,293268667,69,TIC293268667_sector69.npy,0.3231575243296235
0.00032981857040093423,0.002917101033211633,0.000364451784990718,0.9994826639688641,1.0005789891588146,0.24634592067834613,0.8581542589246434,260002453,8,TIC260002453_sector8.npy,0.3231551480969942
0.00027772306710434173,0.0023626511453388455,0.00029324960704974607,0.9995442477558157,1.0004614454749186,0.10264868418077815,0.5192375410655261,142085842,61,TIC142085842_sector61.npy,0.3231526068706509
0.0007204574382429807,0.005353248004442368,0.0007147937501324368,0.998945932613266,1.0012376119349926,0.27546507660109765,0.7789750464081786,278777070,62,TIC278777070_sector62.npy,0.3231318386316601
0.0008184364833279985,0.0059348716175109395,0.0008455699503003287,0.9986958309471445,1.0013387638983662,0.10402276013271086,0.2530128223976087,350299588,95,TIC350299588_sector95.npy,0.3231169336749443
0.0007146280671255456,0.005232074269349352,0.0005048136325208815,0.998809620655824,1.001136224953957,-0.23185327602813088,-0.011454116928963476,293268667,31,TIC293268667_sector31.npy,0.323116131150078
0.0003114758848424872,0.003010495481467923,0.0003302846443644271,0.9994868695855621,1.0005133518192364,-0.03796184810905404,0.8122889597373693,261417533,32,TIC261417533_sector32.npy,0.3231126124698959
0.000777473532288156,0.005260564343774088,0.0008463280323128985,0.998775796127167,1.0012514964325585,0.16723182176191018,0.22195025727331208,149302552,7,TIC149302552_sector7.npy,0.3230991642269752
0.00042857432919914617,0.003255984368039866,0.00042467853575443897,0.9992417514285945,1.0006617331587666,-0.16872472920198184,0.2945875760172818,141809220,66,TIC141809220_sector66.npy,0.32309722667064283
0.00041013567308989036,0.0032394198414039677,0.0004152529972925489,0.9993879565575156,1.0007784991852848,0.3109134088049128,0.3497015888941042,260659557,12,TIC260659557_sector12.npy,0.3230905853347352
0.0007845474958168213,0.005868359739385598,0.0008556012490971731,0.9987047194453473,1.0012766872304202,0.2243183549651401,0.38352325957320366,309792357,7,TIC309792357_sector7.npy,0.32308484834892187
0.0007939515401381339,0.00692861475620099,0.0008585602615357623,0.9987138399740776,1.0013023353256616,0.059912232254030494,0.31294976461453183,149302552,31,TIC149302552_sector31.npy,0.32308417653284155
0.0003047498046161451,0.0025103654926722507,0.00032885484998271464,0.999496708651459,1.000494251382562,0.009239629557001142,0.3729395602545509,260002453,88,TIC260002453_sector88.npy,0.3230833253473636
0.0008144792145029229,0.00658064748942333,0.0009179613367324386,0.9986855354951649,1.0013134725759332,0.13596599459821637,0.43530848342001693,309792357,11,TIC309792357_sector11.npy,0.3230819698296437
0.0006703396028681589,0.006176863328125282,0.0007273764022225097,0.9989093360612782,1.001084509388597,0.295107058446739,1.1761222272896328,260127606,64,TIC260127606_sector64.npy,0.32308116993077723
0.0005375759032018348,0.003974936369287252,0.0005844858068254054,0.9991759518407837,1.0009363085932645,0.18919433987708562,0.40354699758760537,150030205,37,TIC150030205_sector37.npy,0.32307844094723714
0.0008145612926585863,0.00610640442996202,0.0008653768702844664,0.9986783247387029,1.0012991722980797,0.058492300611578084,0.39606313876942734,350299588,87,TIC350299588_sector87.npy,0.32307424483083536
0.00037352297358457683,0.0033592388904457593,0.0004044305454589845,0.9994215235087757,1.0006368527599694,0.29634745840304394,1.0257514232011449,350522196,37,TIC350522196_sector37.npy,0.3230634505577274
0.0007279845742861909,0.007127457662382319,0.0007412361491662321,0.9987219483363118,1.001131771908856,-0.046723842095887584,0.826615113956215,278776865,5,TIC278776865_sector5.npy,0.3230623947424702
0.0007977221359007068,0.005949002825016425,0.0008772400237491534,0.9987113644032766,1.0012725352073102,0.1200170199538988,0.21602423263664594,350299588,93,TIC350299588_sector93.npy,0.3230514555331527
0.0003922628172910277,0.00317275394862504,0.00041781170644491643,0.9994186101593099,1.000690049723074,0.35299430971599377,0.7838340829034851,149971828,29,TIC149971828_sector29.npy,0.3230434888980231
0.0004564735368444798,0.003637845586147881,0.000486538907256053,0.9993259194330073,1.0007857543144587,0.3584121837575817,0.8933270818811434,350343922,31,TIC350343922_sector31.npy,0.323041994952256
0.0007814880909415275,0.007157145935108966,0.0007919793511757092,0.998745287846682,1.0012435010945562,0.05194682151085438,0.7161454175989337,167523976,29,TIC167523976_sector29.npy,0.3230389239931578
0.0008053303950440919,0.005907251758953014,0.0008550691114218995,0.9985897690887827,1.0013020652264628,0.0972822775074392,0.28997466487261025,350822079,12,TIC350822079_sector12.npy,0.3230335542930442
0.00031747198732297863,0.002329915388109338,0.00033911316074813436,0.999495781749643,1.0005539971258026,0.2283231045908729,0.7578490195738996,260127606,4,TIC260127606_sector4.npy,0.3230209976417875
0.0003684115749160402,0.002776375602804748,0.0003637712700683942,0.9994328522551259,1.0006007075536425,0.28859095034711074,0.3064513808105911,278865342,5,TIC278865342_sector5.npy,0.3230199591742962
0.0003122138358525077,0.0022011654945348624,0.0003410566782673498,0.9994832006312995,1.0004961196233093,0.09636263439352763,0.2721230313220744,260002453,90,TIC260002453_sector90.npy,0.32301429483556326
0.0006952245796029498,0.0059067558281361565,0.0007582668632740671,0.9989556619281785,1.001154472688897,0.2589651708959325,0.739159734614705,350444342,29,TIC350444342_sector29.npy,0.32301231991054197
0.0008037305427530917,0.006452923932610988,0.0008816778820877754,0.998680202478265,1.0013075278077967,0.10084626190533222,0.551373428668612,149302552,28,TIC149302552_sector28.npy,0.32300618412833343
0.0004040925473933699,0.003172668472290474,0.00042878378912092254,0.999311423778789,1.0006494374859485,-0.17480617798229944,0.36807864366720233,141910606,12,TIC141910606_sector12.npy,0.32300214066374944
0.0006478612446914309,0.006407885939159974,0.0006686173147508945,0.9989193551057667,1.0009570369751515,0.23886904897048655,1.4830888969924603,278730120,66,TIC278730120_sector66.npy,0.32299735131779267
0.0008144697777578619,0.006369989261521103,0.0008807202502750327,0.9986925100730485,1.0013461479624082,0.1258197714584543,0.48300081213044077,350299588,96,TIC350299588_sector96.npy,0.32299293342694557
0.0006786665014508903,0.005227049008724616,0.0007352009868967826,0.9989533398993942,1.0011598313982724,0.3216408772044764,0.512408147200528,260079513,96,TIC260079513_sector96.npy,0.32298678855346546
0.000427310742684409,0.003010429996325059,0.00040122065779145356,0.9993698205178718,1.0007669158378585,0.4655246482947711,0.8626318984510069,260659557,61,TIC260659557_sector61.npy,0.3229771063984529
0.0004149252741803373,0.003864025234460833,0.0004224737982427593,0.9993518038752589,1.0006818179182115,0.2576426767555153,1.2919236784823438,141809220,28,TIC141809220_sector28.npy,0.32297358120484554
0.00034442494593469214,0.002812676251584545,0.0003773543290225755,0.9994514552485841,1.0005954707472526,0.3084755635957852,0.7895770762807017,278899461,38,TIC278899461_sector38.npy,0.322973072610822
0.0003287978679550181,0.002676261489227061,0.000365498928885679,0.9994652397898575,1.0005490147665783,0.19065963414201637,0.8237951183358265,260002453,64,TIC260002453_sector64.npy,0.32296850460127907
0.0007050314183839919,0.004771705866767784,0.0004667678308755025,0.9987077275276315,1.0010528212285985,-0.13452029882447483,-0.11974894830244232,293268667,4,TIC293268667_sector4.npy,0.3229679585232305
0.0007479032056872073,0.005695994406713312,0.0007759643461096294,0.9988247987211009,1.0013358837170976,0.10153125491124534,0.20712994393534512,140997242,66,TIC140997242_sector66.npy,0.32296626399306616
0.00038032401882296285,0.004225792497937864,0.00040766133088328515,0.9993879225029124,1.0006094035873572,0.16565276794830358,1.5784725131312998,350522196,32,TIC350522196_sector32.npy,0.3229642700733361
0.0006590140423227986,0.004962532650951035,0.000476489680499594,0.9988677624836155,1.0010055777101705,-0.13068726990897353,-0.14887871696881616,293268667,61,TIC293268667_sector61.npy,0.3229535803747007
0.0003025721780349594,0.0023126191349523983,0.00033521120414503234,0.9995247798400546,1.0004868597547836,0.24037096813355438,0.45625226143659203,261417533,11,TIC261417533_sector11.npy,0.3229496383329384
0.0007193759577541341,0.005455286237191603,0.0007424794499420588,0.9988223148492831,1.0011574084169326,-0.2343579937444056,0.4874247873016344,167523976,89,TIC167523976_sector89.npy,0.3229433781431714
0.0004834112675979757,0.0039059298022384725,0.0005207821495516847,0.9992284674904489,1.0007963363996972,0.3606519458356965,0.7455140428983471,177252842,36,TIC177252842_sector36.npy,0.32294272130734636
0.0006715590431026776,0.005044929018331645,0.0004775807988018878,0.9988579608375817,1.0010684685328963,-0.1901759148698904,0.3703271286426566,293268667,63,TIC293268667_sector63.npy,0.3229421094228157
0.0007555494338166725,0.006099937416661039,0.0007936029053004974,0.9987740496765807,1.0011782364142128,0.24574881695188494,0.6372747704148884,149269178,62,TIC149269178_sector62.npy,0.3229379128818345
0.0006521268684130316,0.006188517255578674,0.0007136549260401633,0.99899737185274,1.0011357253903452,0.27905972605827356,0.9755510383758925,260419879,12,TIC260419879_sector12.npy,0.32292787009835483
0.0005656860774009638,0.003953001106322684,0.0005818395794070467,0.9991336078188425,1.0009614119359649,0.21549483524139404,0.2306029904500928,260043481,69,TIC260043481_sector69.npy,0.322927797139351
0.00039745538336827973,0.0027847772862230613,0.0003899686152312205,0.9994207402207265,1.000744802418642,0.3498809869249609,0.7481610506809098,350742475,10,TIC350742475_sector10.npy,0.3229274111413767
0.000324872175717362,0.0028753751029125807,0.0003278756019084646,0.9994587690159422,1.000523637540534,-0.06137176042903014,0.564261312598445,278899461,66,TIC278899461_sector66.npy,0.32292007912586285
0.0003101117636013466,0.0024475224540047025,0.00034479445383184325,0.9994927410353993,1.0005284958601781,0.18704235841945047,0.40328201379935624,260002453,3,TIC260002453_sector3.npy,0.3228997052857628
0.0008268581289756085,0.0064592992853584885,0.0008632370648901586,0.9986119012319462,1.0013605506312058,0.08321008080431912,0.06288330134669318,149302552,95,TIC149302552_sector95.npy,0.3228944557995911
0.0006982484982976519,0.006419844448175893,0.0007107285979848734,0.9988223859301267,1.0011038750065102,0.25930710309448907,1.30584049131072,278776865,65,TIC278776865_sector65.npy,0.3228827773175514
0.0007710619191703648,0.006002082192480995,0.0008155327777710507,0.9987634520515628,1.0013105814530971,0.03025944103803645,0.5877020866445752,149302552,94,TIC149302552_sector94.npy,0.32287916044870213
0.0003040558912462748,0.0023428149297021195,0.00031886621021425497,0.9995360529503963,1.0004952945797325,0.16978769385260295,0.34490200429773576,278730120,30,TIC278730120_sector30.npy,0.32287861207161456
0.00041719004881290756,0.003592078412289479,0.00044462910360988737,0.9993328425184469,1.0007019660119851,0.34648552433286084,0.9222227374389109,260042834,27,TIC260042834_sector27.npy,0.32287172600728536
0.0004878298501990022,0.004061591129576714,0.00036135193170223044,0.9992307784873746,1.0008170235758884,0.3769588729916039,1.0276276390491699,350444342,5,TIC350444342_sector5.npy,0.3228685081325143
0.0006687962154892336,0.004922280771051835,0.00046866228473195563,0.9988771408185979,1.0010769649358768,-0.15766890542283488,0.36823608425354903,293268667,35,TIC293268667_sector35.npy,0.32286601060131054
0.000710086838289295,0.004675004778079139,0.0007248709364684539,0.9987191257285916,1.0010753586805556,-0.17414183374470463,0.09673896059123921,278776865,95,TIC278776865_sector95.npy,0.32286119528802454
0.00031789421429979806,0.0024882764726332773,0.00034998090600738896,0.9995211423315542,1.000532920852287,0.18552289207054126,0.37743538779642183,278899461,33,TIC278899461_sector33.npy,0.3228603984125108
0.000359759373593902,0.0033337363993949376,0.00039567881501660304,0.9994441069395548,1.0005980497748792,0.26037827051478846,1.0915805630747997,260002453,10,TIC260002453_sector10.npy,0.3228502972913771
0.000529124247301364,0.004042277331747335,0.0005358963571341789,0.999181309513662,1.000931124504501,0.17425818407012217,0.31014320340666224,350842552,65,TIC350842552_sector65.npy,0.3228477718416477
0.00028308192468805255,0.0023456620905735193,0.00030825148817876353,0.9995352522304736,1.0004493982101121,0.07459159550113731,0.47199053972361504,278730120,2,TIC278730120_sector2.npy,0.3228425105764288
0.0008147844906138586,0.007059339689195032,0.0007874226262878231,0.998605803523792,1.0012195088482816,-0.06018605776250531,0.38283054541147354,167523976,27,TIC167523976_sector27.npy,0.32284201792255846
0.0007788524531221511,0.0057804744814505815,0.0008091652610505124,0.9987855577573627,1.0013150564772695,0.028989781509533928,-0.11962547690903547,141809220,3,TIC141809220_sector3.npy,0.32283786089060007
0.00028933183629091617,0.00229601120086409,0.00031430676706392175,0.9995457579152521,1.0004957222707191,0.1734857906431364,0.7013444851649422,278730120,34,TIC278730120_sector34.npy,0.32282645978539465
0.000793978818340383,0.005781051776548862,0.0008126690064532804,0.9986894819084413,1.001273376434975,0.04651932436757849,0.21223844537678405,149302552,1,TIC149302552_sector1.npy,0.32281786334490686
0.0006682809052645735,0.004152928425707025,0.0004985994827584565,0.9988405395441365,1.0010281784513706,-0.22555178421049932,-0.018067262314491295,293268667,89,TIC293268667_sector89.npy,0.3228150724268404
0.0007556964923164935,0.006150651580412725,0.0007664490200141945,0.9988268751834771,1.0011917456697306,0.14229708103107946,1.1278546318098996,350862394,64,TIC350862394_sector64.npy,0.3228101163506551
0.000295318338867634,0.0021376553951565347,0.0003146340369409451,0.9995157979612024,1.0004743401053098,0.10774219571670333,0.1578198891553071,278730120,33,TIC278730120_sector33.npy,0.3228097535769391
0.0008010475420757998,0.006448266385803425,0.0008509523444838803,0.998732470221313,1.0013214042432876,0.18171009856173487,0.502027462820088,309792357,1,TIC309792357_sector1.npy,0.32280844655111374
0.0007415507835838384,0.005808735400947951,0.0007605783568247083,0.9988515644257953,1.0011633448762043,0.2504554586105046,0.6006880548120797,140997242,35,TIC140997242_sector35.npy,0.3228039512692253
0.0004806043119789875,0.003795416340373947,0.00041602318550114977,0.999214467934546,1.0007730313130327,-0.2381624910490095,0.4975103795681859,260128701,89,TIC260128701_sector89.npy,0.32280082503141133
0.0008211380919003089,0.006073172494096224,0.0008140341770598168,0.9986779039628125,1.0013068972581654,0.10685270559754104,0.0681363988962822,167523976,67,TIC167523976_sector67.npy,0.3227936643696916
0.00043920469914906693,0.004019297749168316,0.0004406330881645572,0.9993637547229886,1.000822029277653,0.4488981286560377,0.831755530883286,141809220,11,TIC141809220_sector11.npy,0.3227891679652766
0.00034333183283668427,0.0029721804260860463,0.0003628860253161017,0.9994516377096275,1.000597916355111,0.2639848018630612,1.1423663768706849,141770198,29,TIC141770198_sector29.npy,0.3227876897018308
0.0007243011328067725,0.0053609612293308295,0.0007732906992744261,0.9987592904237464,1.0011692474270155,0.14903342502067607,0.2607966803506674,149269178,28,TIC149269178_sector28.npy,0.32277718976558567
0.0007228380424365528,0.004667023334058107,0.0007739967697280072,0.9988324801169027,1.0012167335508309,-0.03178840250565232,-0.12322753760246341,375059587,97,TIC375059587_sector97.npy,0.32277713693772414
0.0007694890556966501,0.006275850134839445,0.0007561938399142242,0.9988344733927764,1.0013496932534647,-0.012198948437809694,0.5023930958403535,350862394,1,TIC350862394_sector1.npy,0.3227752825398876
0.0007588883738391806,0.005653153900455288,0.0008287547775463219,0.9988100772091771,1.0013087020781501,0.21903581166062486,0.34233833104763267,278777070,31,TIC278777070_sector31.npy,0.3227737501571073
0.0005812124419768632,0.005070026343005241,0.0005926157906066692,0.999094446273748,1.0009750006721592,0.22003292639852143,1.0940616365831026,141911519,32,TIC141911519_sector32.npy,0.32277037596556696
0.0007451031051262372,0.005112381447834546,0.0007981129479209251,0.9987540603015266,1.00123714731768,-0.012270853576414328,0.1284464136350425,141805180,94,TIC141805180_sector94.npy,0.32275633446298124
0.0003138113050918788,0.0025405337615297396,0.00033155230311756733,0.9995009449796075,1.000525354310567,0.031965958560988446,0.3663681378922057,278899461,90,TIC278899461_sector90.npy,0.32275343162187353
0.0003183188620345268,0.0024667775695312866,0.00034313660326132963,0.9994834439448494,1.0005173978847774,-0.02531396190877821,0.14492321724977897,260079513,2,TIC260079513_sector2.npy,0.32274640807297494
0.00031158488125882037,0.0024651010938444573,0.00034563081039163296,0.9994990125776737,1.0005151316761653,-0.05927667934193765,0.18957423864180312,260002453,2,TIC260002453_sector2.npy,0.32274640807297494
0.0007607891511380118,0.005557458498853918,0.0008213162126426461,0.9987510381719338,1.0012343958484031,0.09875535602487027,0.37949527110757586,260079513,95,TIC260079513_sector95.npy,0.32274537266180897
0.0007142658916442234,0.005744636069977771,0.0007351527453669104,0.9988170888932889,1.0011633469553662,-0.20946931862147206,0.36233795670325364,278776865,93,TIC278776865_sector93.npy,0.3227442935337266
0.0006581599653824908,0.005553240967887896,0.0007162291959720915,0.9989240225878122,1.0010622881768725,0.2676219570850836,1.137941608569692,260127606,31,TIC260127606_sector31.npy,0.3227390797980788
0.00036590474248073,0.0031453099335418955,0.00039929581311777,0.999410979717182,1.0006174530294378,0.26886407107963756,1.075506530358446,278683664,33,TIC278683664_sector33.npy,0.3227288961607996
0.0003542015945148622,0.0022279484250014026,0.00032653940691586633,0.9994047180700429,1.0005839847226714,0.03291397808098984,0.29897048010717553,149121385,3,TIC149121385_sector3.npy,0.3227219616122936
0.0005557548146625712,0.0036092473310271878,0.0005935118952799508,0.9990994105736941,1.0009313409854432,0.002548860050409886,0.02486143417485387,350842552,64,TIC350842552_sector64.npy,0.3227212603348941
0.0007672895191176864,0.005833854868915744,0.0008309608107358829,0.9987412827450596,1.001273416262678,0.04144324733406463,0.2962250778224558,149302552,64,TIC149302552_sector64.npy,0.32268547516136037
0.0003274844217035304,0.002339754064338617,0.0003586617128407076,0.999488828463333,1.0005361394936996,0.16298895538157956,0.21570873385879397,260079513,5,TIC260079513_sector5.npy,0.3226834877105049
0.00034569268779626095,0.0027357562054515228,0.00037245630892600225,0.9994594351323957,1.00058266922998,0.27491082078934403,0.8061802179735822,141770198,9,TIC141770198_sector9.npy,0.3226825267133763
0.0007934656755027097,0.005831898936832669,0.0008279866006971813,0.9986656008866063,1.0012779374807312,0.11612842099308993,0.22964271955275217,149302552,5,TIC149302552_sector5.npy,0.32267999637642825
0.000792549764451222,0.006830145158419065,0.0008677620937438601,0.9987310577407967,1.0012766157959723,0.04558205312357572,0.5021292072219308,149302552,32,TIC149302552_sector32.npy,0.32267540226829905
0.0007051264888780064,0.005749026590868511,0.0007299178660998823,0.9989592195906061,1.0012783253167648,0.24649123410824073,0.8027976968577688,278777070,32,TIC278777070_sector32.npy,0.3226735541368969
0.000760231126340794,0.005786545642637586,0.0007807073783993718,0.9987787045558641,1.001259577264482,0.0711568779503013,0.26879226215678287,149302552,88,TIC149302552_sector88.npy,0.32266275591514465
0.0002937707150583412,0.0021821488886284435,0.00031736860666840193,0.999532025748473,1.0005198901772903,0.12604303364345304,0.2753953974684249,142085842,68,TIC142085842_sector68.npy,0.3226602756106115
0.0005233937616138306,0.0034603788875743335,0.0003762956849740705,0.9991548234036233,1.000810313308796,-0.16563915110826877,-0.05026502973687119,350444342,11,TIC350444342_sector11.npy,0.32265421109678255
0.00048013712737308365,0.0037542723028076708,0.0005086479347724841,0.9992717893296703,1.0008073450809665,0.3568892544705718,0.6145614796352596,177252842,29,TIC177252842_sector29.npy,0.3226531000376057
0.0008127552337328487,0.0067391627508250895,0.0008512707013725391,0.9987106505872425,1.0013184089436078,0.04055600718518109,0.5847958865748843,350822079,13,TIC350822079_sector13.npy,0.32264504761751894
0.0007673447459593002,0.005642143956007817,0.000779935708137608,0.9987799139067425,1.0012111487498245,-0.030831865904850583,0.4245985087110973,375059587,98,TIC375059587_sector98.npy,0.3226413801411921
0.000299665679828342,0.0025735980622563215,0.00032381575216006576,0.9995219872226677,1.0005028667237,0.2207399365224486,0.8827089719068892,278730120,9,TIC278730120_sector9.npy,0.3226390352670767
0.00045605771805641674,0.0036667470715786576,0.0004906575258899436,0.9993040776821679,1.0008083064609528,0.3528057811326956,0.892253217178868,350343922,11,TIC350343922_sector11.npy,0.32263838888180807
0.0008092701285893031,0.005899115065214566,0.0008337926122301653,0.9987414372760339,1.001368318620165,0.16379856082634003,0.5687251837876346,149302552,87,TIC149302552_sector87.npy,0.3226251986266684
0.0003005874744143269,0.002087871714962164,0.0003235144882845576,0.9995301205223506,1.0005110503536745,0.07098128845932959,0.10676734114139652,260043481,12,TIC260043481_sector12.npy,0.3226245601174682
0.0007615999658313649,0.005398187204225913,0.000830908355024885,0.9987780905312094,1.0012374050007193,0.05012544973722609,0.46774483763057617,350822079,28,TIC350822079_sector28.npy,0.32262386130930293
0.00034251058180285527,0.0024415544540254963,0.0003611307898762442,0.9994744135811173,1.0005481983180253,0.19855018018818094,-0.14858771081635203,350742475,3,TIC350742475_sector3.npy,0.3226234865592496
0.0007670139770543726,0.006061588870151291,0.000807831346246345,0.9986623556354465,1.001219732542105,0.2160850456201173,0.21239600654165702,141805180,95,TIC141805180_sector95.npy,0.32261724308153156
0.0007907293441719892,0.005570663646483287,0.0008087806311425542,0.9987536557300069,1.001197500501617,-0.06341868503226612,0.1778647135746012,350822079,10,TIC350822079_sector10.npy,0.32261545957838994
0.0007529029223327178,0.006655932796502562,0.000828262834644162,0.9988214741535866,1.0012205564018362,0.23626854969088545,1.0346899802845622,140997242,65,TIC140997242_sector65.npy,0.3226052596002257
0.0007740742896817372,0.005900003205898674,0.000816728412941375,0.9987665360611689,1.0012443857971256,0.04742451687864138,0.23559596593587973,350299588,97,TIC350299588_sector97.npy,0.32260436071172954
0.0007628222666895423,0.006418477782501708,0.0007273369870940389,0.9986761500256074,1.0011788320561488,-0.027117278560010262,0.32592708052732844,278776865,61,TIC278776865_sector61.npy,0.322594358564079
0.0007977712115347852,0.005668398059222701,0.0008654986523813298,0.9987057730956052,1.0013257069828196,0.0880987355584776,0.3100141778111003,141805180,88,TIC141805180_sector88.npy,0.32258879716658945
0.000298491654379247,0.002282303560718457,0.0003162829285835984,0.9995178318725225,1.0004639912068403,0.06199058399086083,0.6639595672476175,261417533,36,TIC261417533_sector36.npy,0.32258778906555996
0.00034276987740330196,0.002645618065581612,0.0003268641059842168,0.999472929438489,1.0005649790649138,0.1620161248792122,0.33037101376927724,278865342,27,TIC278865342_sector27.npy,0.3225816416198901
0.0003547316585516381,0.0029137511993723164,0.0003729667455518937,0.9994395691826944,1.0006028720896143,0.31399459883879804,0.4766851250375961,350742475,12,TIC350742475_sector12.npy,0.32257854946215814
0.0007356971655003193,0.005879206629081146,0.0007076304551160438,0.9988613441975753,1.0011906658450922,-0.1484957554825741,0.9410903983455756,278776865,69,TIC278776865_sector69.npy,0.3225709123611708
0.0007722766735595376,0.006030179081761844,0.0008315976194952592,0.9987367210623608,1.0012927857548357,0.2305864365192715,0.5879038022724421,149302552,30,TIC149302552_sector30.npy,0.32257026260573607
0.0004350454008669282,0.003449081879812854,0.0003990712866708645,0.9993321835794577,1.0007359846777242,0.33616683505736716,1.0708660084867576,260659557,88,TIC260659557_sector88.npy,0.3225686215681893
0.00030306381592128107,0.0029457034822082395,0.00032627223589573877,0.9995620489064989,1.0005255803935307,0.14717847973146128,0.871691514324179,261417533,30,TIC261417533_sector30.npy,0.32255831826601644
0.0006773709844587393,0.0061355856954982135,0.0007322348563526706,0.9989557511373419,1.0011466461358667,0.2939377730930465,0.8820298230956207,260127606,36,TIC260127606_sector36.npy,0.3225567742205024
0.0006796888001577014,0.004877969151952266,0.0007252184855304888,0.9989565070055691,1.001140084765392,0.28408690419271526,0.41915498723958233,260079513,68,TIC260079513_sector68.npy,0.3225529542829921
0.00045721502606816165,0.003384547307724639,0.00032698623627939197,0.9993445821255851,1.0008457462775382,0.28684084085143124,0.29352375272586473,374912345,65,TIC374912345_sector65.npy,0.3225510833993314
0.00031916368509264144,0.0025811089662955977,0.00035013518588362,0.999519866817064,1.0005656586534486,0.2019719752759161,0.7328268188209872,278899461,5,TIC278899461_sector5.npy,0.32253815979421985
0.0006745132794282346,0.004451893832018716,0.0004874952939353015,0.9988370973703978,1.0010996971036263,-0.14545141640984582,-0.08582127914359061,293268667,68,TIC293268667_sector68.npy,0.32253547245383263
0.0003096725299695836,0.0022749638923136306,0.00033519347821704627,0.999497380425908,1.0005195919638477,0.2240640386075804,0.6218706614103287,278730120,8,TIC278730120_sector8.npy,0.32253135773149205
0.0007099989915893414,0.005296131007051286,0.0007762216576625418,0.9987696581689218,1.001154058444047,-0.006932447656487022,0.21207850975722753,141770198,87,TIC141770198_sector87.npy,0.3225210251240272
0.0007512836382901369,0.00499689453159935,0.0007873569972775148,0.9987803477618372,1.0012827320756321,0.0671553727775578,-0.03246586862790224,350822079,69,TIC350822079_sector69.npy,0.3225185163337738
0.0007818682460371519,0.0065748613703878744,0.0008099995735118623,0.998688238834019,1.0012938929995305,0.22927212263947036,0.5418591118010716,375059587,11,TIC375059587_sector11.npy,0.322501949982983
0.00041458295241456603,0.0035648934522957143,0.0004527229241597243,0.9993601419537314,1.000678409461538,0.3105052482525264,0.8531607902062697,260042834,36,TIC260042834_sector36.npy,0.3224991989280152
0.000383801094492656,0.0028872025592191486,0.0003686621232121824,0.9994170193766364,1.0006898311186965,0.2616533557663612,0.25215726078395617,278865342,36,TIC278865342_sector36.npy,0.3224982838982315
0.0005479465097991631,0.004115882989482622,0.0006038222774845078,0.9991316906171389,1.000926657674267,0.2595845931694418,0.39668982776303796,260043481,63,TIC260043481_sector63.npy,0.3224956158745106
0.0004018900155999178,0.003135107856956809,0.0004197509909942804,0.9993743656883642,1.0006814527735381,0.27822144332516086,0.39760283560502874,149971828,34,TIC149971828_sector34.npy,0.3224937567846357
0.000330612865767708,0.002194696420021014,0.0003590556227239427,0.9994788390742898,1.000517915020307,0.07717401286477263,0.06669866517812961,141770198,34,TIC141770198_sector34.npy,0.32249142658159075
0.00030976790845438465,0.0024261318535105936,0.0003260685475754894,0.999508351235848,1.000506092123738,0.09339527776777774,0.3416017692057802,278730120,10,TIC278730120_sector10.npy,0.322488565317286
0.0005582794413672502,0.005322869384458251,0.0006164166616378377,0.9991074639062965,1.0009100764556453,0.04925441526861648,0.7938658863820169,260043481,64,TIC260043481_sector64.npy,0.3224884036284352
0.0007554951246496973,0.005870435892423531,0.0008256594913256487,0.9987769645779832,1.0012669434294934,0.09760610202480209,0.3972947850346302,375059587,12,TIC375059587_sector12.npy,0.3224854513258756
0.00042930899056859903,0.0031776813641472,0.00046093563342786104,0.9993353749794592,1.000672666512562,0.3593829754226318,0.5143627346714261,260042834,8,TIC260042834_sector8.npy,0.32248444855940456
0.000545288169944389,0.004977079932582673,0.0005992033349419892,0.9991433935345814,1.0008956548472716,0.17956250921879977,1.1205882550092499,150030205,31,TIC150030205_sector31.npy,0.3224700586774482
0.0007437732731638115,0.005530898425614272,0.0007608924300702294,0.9986717410602737,1.0011680854633325,-0.01130437006126726,0.17998287621714715,350862394,93,TIC350862394_sector93.npy,0.32246809328929976
0.00037819451030203434,0.00329279730179044,0.00040299694046333425,0.999430982529516,1.0006251436135898,0.36923357057652906,0.7689526082050104,350299588,38,TIC350299588_sector38.npy,0.3224640309504023
0.0003555203164280486,0.0025675170633667754,0.0003890051410228227,0.999436617036341,1.000591496696269,0.255603485528248,0.3500069771255707,350299588,1,TIC350299588_sector1.npy,0.32246238722441467
0.00030990751184150077,0.002398480657261892,0.00033024551271542183,0.9995179170745775,1.000506503999281,-0.0019554161592525436,0.2791082214331677,278899461,96,TIC278899461_sector96.npy,0.32246195855175674
0.0002929694130192976,0.0023337529964548853,0.00030071075777065567,0.9995326452196995,1.0004758902332846,0.17667976545851266,0.4534105864130433,278730120,28,TIC278730120_sector28.npy,0.32246059123230647
0.0007526586242999156,0.004988510782840128,0.0007943590157255451,0.9987663207918288,1.001216876956176,-0.015629683781702795,0.13111852755098852,149302552,67,TIC149302552_sector67.npy,0.3224551157687675
0.0007441246480398226,0.005545031861109995,0.0007758869490799392,0.9987360541895421,1.0011834451647588,-0.062435436052930414,0.07019773809701846,350862394,13,TIC350862394_sector13.npy,0.3224454699099887
0.00032419365126180535,0.0026351324053148772,0.00035545007624006964,0.9994539077969204,1.0005067579781215,0.011247269185420936,0.34663896801920036,260002453,28,TIC260002453_sector28.npy,0.322441362299194
0.0003840632038426182,0.003489319976926031,0.0004106693022444183,0.9993846364120842,1.0006762316179405,0.2665922272910663,0.9659309873287985,350299588,9,TIC350299588_sector9.npy,0.32244048695637817
0.0003280301487535739,0.0026050398388171025,0.0003426518835127256,0.9994980125585693,1.0005401477625666,0.18675609951070946,0.5831659051511475,278899461,11,TIC278899461_sector11.npy,0.32243580964356405
0.0007368230545043215,0.005279850986735335,0.0008313746989641668,0.9987676931309576,1.001237264778082,0.026033851973781302,0.26633924764245087,350822079,32,TIC350822079_sector32.npy,0.3224296003787933
0.0003906581662030699,0.002921962787920007,0.0004281444866800507,0.9993836336358035,1.0006797057569825,0.2986648867705612,0.7695573502367719,149971828,31,TIC149971828_sector31.npy,0.32242702614936924
0.0007560043554617624,0.006013695010260167,0.0007604303656608818,0.9987462853881199,1.001182919475969,0.10125262618422205,0.6426118305676769,167523976,6,TIC167523976_sector6.npy,0.3224153516045374
0.0004414194646391851,0.003275763176132651,0.0004950514048680274,0.9992714303679693,1.0007003012127107,-0.044876479297400164,0.18964505398589626,177252842,89,TIC177252842_sector89.npy,0.3223990220755916
0.0005544054764839938,0.005054178368247841,0.0005860729502557452,0.999112149991881,1.0009012063431915,-0.04484841182332555,0.7456620136451333,350842552,94,TIC350842552_sector94.npy,0.3223963995202963
0.000796827649398163,0.006368471318465407,0.0007790581825786121,0.9986421813304734,1.0012072220635166,0.08204552153190227,0.6962999202759135,141805180,97,TIC141805180_sector97.npy,0.3223952697496174
0.0007481683865661331,0.007320267887140686,0.0007861566301297973,0.9988138249065421,1.0012854379660467,0.16340242744712632,0.753043502844752,350822079,62,TIC350822079_sector62.npy,0.3223942587827394
0.0003357319818652274,0.002348676812085282,0.00037669045546575664,0.9994404467138436,1.000556995292464,-0.05290971405554746,0.3113438658860259,141770198,37,TIC141770198_sector37.npy,0.3223924015886617
0.0003829518050262935,0.002745771688209886,0.00039708074895719196,0.9993986928280552,1.000641003511654,0.26935937661018455,0.3738269699916916,141805180,9,TIC141805180_sector9.npy,0.3223883182559428
0.0004273450571140465,0.003479894764950364,0.00042542328413045985,0.9993508387840988,1.0007773803562925,0.3035252542281014,0.907140621592943,141805180,10,TIC141805180_sector10.npy,0.3223878828360445
0.0003275350702617534,0.002835541226757665,0.00034300834035840726,0.9995005571319318,1.0005318996034331,0.23266475738215972,0.8539640064494187,278730120,11,TIC278730120_sector11.npy,0.3223808284963117
0.0003210443295783596,0.002334933455283905,0.0003450339349453449,0.9994675627853753,1.0005278891791667,-0.031886653426180155,0.11164025504538211,350742475,95,TIC350742475_sector95.npy,0.32238018917550004
0.00033419773952435793,0.002588758273745273,0.0003549874008179053,0.9994556625306195,1.0005130405472786,-0.03111969642325566,0.32962638393379073,278899461,61,TIC278899461_sector61.npy,0.32237551837224965
0.00031808616014114327,0.0028235588436247294,0.0003473071296226547,0.9994759460286295,1.0005276639672964,-0.013669248786441187,0.5148719278221052,260002453,68,TIC260002453_sector68.npy,0.32237124858160077
0.0004818757734051632,0.003598916767876048,0.00042244497226070273,0.9991898477234897,1.0007651852672605,-0.1529533669761155,0.24206948213205726,260128701,93,TIC260128701_sector93.npy,0.3223683312918959
0.0007973997834253694,0.0064373184031722985,0.0008521004055488597,0.9986783214747272,1.0013060971224077,0.13821506650268817,0.5964415759070514,309792357,61,TIC309792357_sector61.npy,0.3223663128459753
0.0004147813274915236,0.0031446707057198875,0.0003980276876999929,0.9993812126230153,1.000748917416921,0.35725932141281025,0.6279966310152902,260128701,27,TIC260128701_sector27.npy,0.32236551905326016
0.00033721694394880935,0.002459212069278016,0.0003610472087267931,0.999482663203752,1.0005524895543467,0.20268897587589807,0.3913322536290331,350742475,28,TIC350742475_sector28.npy,0.32235900303082576
0.000783815201900215,0.006141703968306378,0.0008748883787049629,0.998760794567108,1.0012968956338195,0.12084190438881222,0.5754362154786197,375059587,13,TIC375059587_sector13.npy,0.32235842373305296
0.0007805530417706779,0.005792282443112362,0.0008372771338612223,0.99873784390675,1.0013370007750637,0.14910712745497304,0.44198219610128087,149269178,27,TIC149269178_sector27.npy,0.3223528117012242
0.00038271795742838134,0.0034515360320914734,0.00037635364127998816,0.9994247552515848,1.0006325072587456,0.3530125326647092,0.8108946785422435,278865342,34,TIC278865342_sector34.npy,0.3223460266311251
0.0007669098313586893,0.006107238296677475,0.0008371751203004388,0.9987882078647502,1.0013107075419732,0.20465158083935592,0.44614841805062166,350822079,5,TIC350822079_sector5.npy,0.32233370877310097
0.0007383672337047973,0.005711197914588406,0.0007681332966396722,0.9986956136324526,1.001224812400546,0.14698849325207083,0.3613218808157943,141770198,96,TIC141770198_sector96.npy,0.3223298658052637
0.0008064760912462064,0.006848702348764779,0.0008416050926387483,0.9987888492641827,1.0013519093325705,0.19490238815315503,0.432728838742392,350299588,68,TIC350299588_sector68.npy,0.3223282332734303
0.0007715192241587171,0.004637899212317276,0.000833534154289556,0.998807491542478,1.0013064472285977,0.12110454205422692,-0.0904695450981472,149302552,61,TIC149302552_sector61.npy,0.3223212340959019
0.0005434968878472345,0.004024969393154665,0.000589734105824812,0.9991563452879684,1.0009293712791258,0.13828437127433363,0.28685156261538935,150030205,1,TIC150030205_sector1.npy,0.32231807270185486
0.0005633819112432105,0.003507064403308835,0.0005722056082693455,0.9991040999833384,1.0009817450469853,0.1512676107100136,-0.028805840980060005,141911519,39,TIC141911519_sector39.npy,0.3223124829535711
0.00043630491212855014,0.0026476566753941277,0.0003630856480517342,0.9992693586730064,1.0007022626809394,-0.0473064777557122,-0.16782778501252427,374912345,37,TIC374912345_sector37.npy,0.32230792447966305
0.0005980109917591983,0.005478403079011374,0.0005233664101188769,0.99900230385449,1.0010559908105556,-0.1789231795730395,1.0936265284836129,141911519,98,TIC141911519_sector98.npy,0.32230733777574855
0.00033276318784304,0.002337586840139738,0.00035186315255336003,0.999461198386788,1.0005463989734529,-0.01990193642167134,0.2891023763007694,350742475,4,TIC350742475_sector4.npy,0.32230201224281996
0.0006194089259058394,0.005673501155861849,0.0006556462333987082,0.9989217644716669,1.0009559469797307,-0.13619658775564264,0.979906996945894,149269178,89,TIC149269178_sector89.npy,0.3222959961180977
0.0004138356573226184,0.003449381952923658,0.00045590203403473196,0.9993534331274642,1.0006816346360294,0.3059265097055249,0.48664150167114073,149971828,33,TIC149971828_sector33.npy,0.3222952256978376
0.0003885170344430961,0.00413770908037614,0.0004248092130638317,0.9993821410042194,1.0006390014442623,0.17025938670901697,1.2752182734600055,149971828,12,TIC149971828_sector12.npy,0.3222952205367582
0.0007468117416741825,0.0059909847262871185,0.0006761010912191344,0.9988244091097256,1.0013124418106902,0.1293050408884016,0.375404910424296,350862394,38,TIC350862394_sector38.npy,0.32229130354406677
0.0007737521869963796,0.006053596558144303,0.0008357564997968531,0.9987248927675336,1.0012055535534365,0.14878833385858176,0.2617203314951482,350822079,9,TIC350822079_sector9.npy,0.32228004558912177
0.00042496078722803764,0.003174675014757433,0.00045872339972850563,0.9993202038758838,1.0007057643580464,0.34320731005502686,0.7701914320643986,141910606,30,TIC141910606_sector30.npy,0.3222790655767158
0.000320319935195321,0.002323099062984557,0.0003457205331526581,0.9994610283714689,1.000520035572794,0.16244011591631935,0.5701667702634423,141770198,3,TIC141770198_sector3.npy,0.32227328474858824
0.0007529099910136025,0.0064043061093513876,0.0007293826657120683,0.9986483051501824,1.001141118990112,0.04385993355278256,0.34357306932579634,278776865,27,TIC278776865_sector27.npy,0.32227140509268193
0.0007448674501851622,0.00525426665062434,0.0007721351832880753,0.9987879555180698,1.0012464558650984,0.09450607143671783,0.3149169749615863,350822079,11,TIC350822079_sector11.npy,0.32226938633488844
0.000773760974039936,0.005520673649739738,0.0008354850244497346,0.9987075570530947,1.0012621527232033,0.1172154527791253,0.32434347028255806,149302552,2,TIC149302552_sector2.npy,0.3222653967782613
0.000310080234328272,0.002609215861053449,0.00033853487873283615,0.9994995544596993,1.0005061481573887,-0.039527980221051126,0.5193131127792192,260127606,2,TIC260127606_sector2.npy,0.3222555382880463
0.0005766383939325109,0.005138099596992296,0.0006016039997697525,0.9991015868388149,1.0009445839380893,0.1989556090978431,0.839516706301568,260043481,66,TIC260043481_sector66.npy,0.3222439769185855
0.00029710805334555673,0.0024541183352293494,0.00030823445951827527,0.9995390304370775,1.000507350002735,0.11230732654547464,0.3259675906281694,260043481,36,TIC260043481_sector36.npy,0.32223524918497176
0.0003259902410714737,0.0025601996108175484,0.0003576749059288235,0.9994544588200722,1.000519836974432,-0.08171084520137288,0.4982320076435478,260127606,7,TIC260127606_sector7.npy,0.3222349552199346
0.0006872081817745205,0.005187394202527562,0.0005142464933537674,0.9988393913529844,1.001103183364597,-0.16661169726021416,0.02932505076191383,293268667,38,TIC293268667_sector38.npy,0.32222896635584203
0.0003162717073950279,0.0024191791011575203,0.00034566117223676666,0.9994885105968242,1.0005439376331522,0.04914748880872434,0.3853118148525927,278899461,30,TIC278899461_sector30.npy,0.3222276758869298
0.000751842495128289,0.0056092429743258565,0.0007639506416798082,0.9987336188539728,1.0011883395340684,-0.05261018375775084,0.5709328111442629,140997242,62,TIC140997242_sector62.npy,0.3222261781137545
0.0003964367271635661,0.0030194696105446672,0.00041730861679854705,0.9993666259425003,1.0006436751832168,0.3199102148396511,0.5553386971929242,350299588,12,TIC350299588_sector12.npy,0.3222213201467686
0.0007771515310120329,0.005909207971646069,0.0008493208716262406,0.9988099527918683,1.0013062660598955,0.17603480486181333,0.09291437427738147,149302552,10,TIC149302552_sector10.npy,0.32221260668300694
0.0006440193018380375,0.005503540453911215,0.0006838033028200713,0.9990022652958498,1.001139587970834,0.27346254770857437,0.6113935691892629,278730120,62,TIC278730120_sector62.npy,0.32221130412906707
0.0007868093794395816,0.006581154365921882,0.0008361478490690484,0.9987110991476991,1.001300352830802,0.003000485629034938,0.5228292905595961,350822079,1,TIC350822079_sector1.npy,0.32220874843046543
0.0007837551634222054,0.006845983444047854,0.0008607279087478056,0.9987541238806585,1.0012965784138588,0.11681484407253485,0.45320990838060116,375059587,29,TIC375059587_sector29.npy,0.32220707215169814
0.0005684385797121234,0.004363622226897235,0.0005874165043356847,0.9990904714282368,1.0009581982385847,0.18197816375090486,0.3820460415214173,141911519,27,TIC141911519_sector27.npy,0.32220353250515577
0.00029474564546699166,0.0023212164871038166,0.00032153338799677093,0.9995131371851876,1.0004791685030665,0.03412275563156302,0.4610581666670539,261417533,6,TIC261417533_sector6.npy,0.322197796429929
0.0007017409856362905,0.004731050253774405,0.0007078102678180461,0.9987658472703517,1.0010903897542531,-0.09604387839411017,0.143805465361444,278776865,2,TIC278776865_sector2.npy,0.3221958180027377
0.0007048551477964628,0.0055374539176625825,0.0004997822593363668,0.9987858501835998,1.0010924383287527,-0.17252146207199046,0.10699233987798262,293268667,95,TIC293268667_sector95.npy,0.32219461594946536
0.0005828148040668132,0.005640780985843308,0.0005960607925264341,0.9990915908383949,1.0009320264338306,0.10267221144862564,0.9194404783257668,141911519,8,TIC141911519_sector8.npy,0.32218695482611215
0.0007068627954869943,0.00637538750160116,0.0007825320543201041,0.998901415117154,1.0011675984909978,0.25855702179537793,0.905007293273461,260002453,33,TIC260002453_sector33.npy,0.3221858662589429
0.0007109105716032511,0.006553588751590289,0.0007772719497068701,0.9988065807134715,1.0011315722188636,0.17215791634761407,1.0683795875898277,149121385,63,TIC149121385_sector63.npy,0.32218488042397136
0.0006992629120583857,0.005712302469155106,0.0006844390601820129,0.9988626930697156,1.0011150010504128,0.2520701232687986,1.239048805703626,149269178,10,TIC149269178_sector10.npy,0.322184429486915
0.0005700722116481782,0.004540538685497975,0.0006006375278846274,0.9991011236287362,1.0009646838019075,0.24066100301496454,0.7445780064919068,278683844,1,TIC278683844_sector1.npy,0.32217650748986587
0.00042189022624894586,0.0034671511731226845,0.00045248377942564723,0.999348105682739,1.000684880405543,0.3506740080903088,0.5294992645665713,141910606,11,TIC141910606_sector11.npy,0.3221754651081852
0.0006755531170432961,0.006392989716832109,0.0007415666454065808,0.9989305990444308,1.0011184176773764,0.25278513302670325,0.9707042607174254,350444342,89,TIC350444342_sector89.npy,0.3221746835362108
0.0007418427728981507,0.005156598775842847,0.0007868281053688646,0.998733895129627,1.0011939413573963,0.0023936047654132256,0.1809732935118995,149302552,66,TIC149302552_sector66.npy,0.32217402139799156
0.00036854724962426076,0.0032449945246104672,0.0003870978930754044,0.9994440316392706,1.0006332943385363,0.318951553469175,0.5982324123457698,350742475,5,TIC350742475_sector5.npy,0.32217153864325815
0.0003622967020404728,0.0036463405948174987,0.0003343610711890011,0.9994610262697788,1.00062276279743,-0.015725575637114762,1.334574525880666,350522196,1,TIC350522196_sector1.npy,0.3221713703403233
0.00077987510092604,0.005567495360184083,0.000695541349300781,0.9987187367299155,1.0012727835003143,0.20928354174641517,0.1218149263612971,350823719,38,TIC350823719_sector38.npy,0.3221702148667243
0.0005682888465674705,0.004017838020680564,0.0005724852802983205,0.9991152893980204,1.0011527869730539,0.11956125642777739,0.03043083438887484,141809220,90,TIC141809220_sector90.npy,0.32216786708966594
0.0003800623500045021,0.0031170583910189453,0.0003830185089681988,0.9993324739946812,1.0005707984400385,-0.23069413629279809,0.8824964178573373,350742475,31,TIC350742475_sector31.npy,0.32216085147908513
0.0005342211885101827,0.003288356297893369,0.0003826923071510634,0.9991634678451969,1.0009729474763758,0.1672675880533173,-0.047949790958989436,350444342,10,TIC350444342_sector10.npy,0.32215635594080716
0.0004455625221096448,0.0038251706790692896,0.000464703462156721,0.9992720296276104,1.0007303133292722,-0.17332765891774374,0.6377624674727955,149971828,97,TIC149971828_sector97.npy,0.3221554603828222
0.000757807941349304,0.00686352662685652,0.0008050069178021088,0.9987750248896581,1.0012030988232274,0.17939663565298375,0.7827921945558711,350822079,6,TIC350822079_sector6.npy,0.32215520036367673
0.0003703730469556708,0.002541485291794987,0.0003420000973427996,0.9994130634990387,1.0006222871015644,0.010291348109913993,-0.26395810754303284,141865875,88,TIC141865875_sector88.npy,0.32215014444635537
0.0006246348697009847,0.004867757617629032,0.00047238327519649514,0.9989138431980373,1.0010164289883896,-0.15837443915870725,0.4010846094767033,293268667,87,TIC293268667_sector87.npy,0.3221499461617843
0.0003133016840874956,0.0023904982830953436,0.0003385081464859289,0.9995019718059566,1.0005240210850659,0.20785685648010677,0.7191970167808392,260043481,30,TIC260043481_sector30.npy,0.32214991291760425
0.0006918454485739194,0.006073850496579047,0.0007305928497473713,0.998906521427537,1.0011833631047007,0.2525532701421511,0.8610154558378147,278776865,36,TIC278776865_sector36.npy,0.3221463084690179
0.0004458198811612267,0.0035926726077758486,0.0004793704027710304,0.9993033657209615,1.0007247500666674,0.25349541769791256,0.2321678664215563,260655847,62,TIC260655847_sector62.npy,0.322144530280361
0.0006616762326060144,0.0046872921916008,0.0004813719143467406,0.9988721932734871,1.0010539259760645,-0.16640610183489454,0.38959346244343385,293268667,28,TIC293268667_sector28.npy,0.3221440746533329
0.0003695403163148163,0.0027000211810644936,0.00041273964877052235,0.9994376599310407,1.0006296263393517,0.26671002035825164,0.43837593465290503,350299588,34,TIC350299588_sector34.npy,0.3221407190511529
0.0004077207601072021,0.0030907593784410547,0.0004240848495272316,0.999321049441461,1.0006751060084595,-0.13500832182815095,0.3270589792182137,260042834,87,TIC260042834_sector87.npy,0.32213909106605537
0.00032893417641268515,0.002397894266019329,0.0003673420634668372,0.9994633936562295,1.000559746200119,0.044038921829387345,0.2641686475826912,260127606,12,TIC260127606_sector12.npy,0.32213850561485524
0.0005693940085578941,0.004987562930044209,0.0005757936028988166,0.9990302548101309,1.000884340029014,0.07702519611700835,1.178246997052823,260043481,87,TIC260043481_sector87.npy,0.322132966728896
0.0005862281277723274,0.004913555349999488,0.0006413573228746866,0.9990481381119111,1.000932889127695,0.1980701516335642,1.0126330576946767,278730120,88,TIC278730120_sector88.npy,0.3221257077650486
0.00044259800107647235,0.003700235079187375,0.00043518322551175777,0.9993600771169457,1.0008120751974778,0.3890210143899383,0.8742825142540283,176873028,35,TIC176873028_sector35.npy,0.32211747700838445
0.0006021447738914546,0.0052668104147314265,0.0006189583898017507,0.9989352034950478,1.0009294064257905,-0.10558576975228577,0.26537489393902725,278683844,11,TIC278683844_sector11.npy,0.3221149339658301
0.0003540248846149619,0.0026000392225704605,0.0003818390958214146,0.9994094005188271,1.0005740767715523,-0.0849236804301947,0.23550946014514684,350522196,5,TIC350522196_sector5.npy,0.32210754523026564
0.0007071488292633083,0.006309424622079285,0.0007782419891516745,0.9989297649094478,1.0011955807279311,0.2368597702957498,0.9878140967143105,350522196,64,TIC350522196_sector64.npy,0.3221073352666584
0.0003935710157448447,0.0033671718919480176,0.0004345486497748162,0.9993742962222469,1.0006836063931823,0.27893695164678833,0.6389847874801666,141910606,7,TIC141910606_sector7.npy,0.32210555528657053
0.00034343391748470163,0.0026195816040384123,0.000355974220541947,0.9994593408029846,1.0005626951129196,-0.04486162586723161,-0.13983831004666714,260002453,66,TIC260002453_sector66.npy,0.32209717551620953
0.00041179060616654744,0.0036404817878816775,0.00044738819961400583,0.9993701484506095,1.0007029442761852,0.273002364934488,0.9180083618278077,149971828,13,TIC149971828_sector13.npy,0.32209571826725764
0.00042836626849901416,0.003267936844027264,0.00047658808474949606,0.9993180794680643,1.000742904889129,0.2747776442589838,0.8468098997861868,141910606,9,TIC141910606_sector9.npy,0.322094923325001
0.0006898608432021166,0.005067778452109373,0.0004991360987465812,0.9987681055547023,1.0011072237717158,-0.11248106524267619,0.18742838509495163,293268667,11,TIC293268667_sector11.npy,0.3220882396487489
0.000334109383827048,0.002594427708944691,0.0003704523404528145,0.9994652835236052,1.0005560702418197,0.17984864022452138,0.08637446679493577,141770198,39,TIC141770198_sector39.npy,0.32208800262186443
0.0007566994104599968,0.005663392924937116,0.0008425471040295553,0.9987862407271155,1.0012859981694733,0.03663025112937036,0.17407941300154484,350822079,63,TIC350822079_sector63.npy,0.3220851823532986
0.0003167019026050603,0.00237419298738617,0.000320108438162853,0.9994638957061934,1.0005662801013835,0.12030692406568907,0.10830801312531158,261417533,8,TIC261417533_sector8.npy,0.32208265603620156
0.0004925215386750206,0.004979941949460276,0.00043419641739199974,0.9992240880939126,1.0007577247789836,0.07962566487506623,1.3302854314445494,141809220,12,TIC141809220_sector12.npy,0.32208243360465416
0.0007247559173959612,0.006240190149557012,0.0007321148724172656,0.9987688472739061,1.0011399318510696,-0.08881529825081651,0.7781106606964148,278776865,67,TIC278776865_sector67.npy,0.32208093261370613
0.00035484391469085033,0.002971292327703434,0.00037948563653702653,0.9994464259879541,1.0005810658520617,0.2659107828422679,0.7847291787570398,141770198,27,TIC141770198_sector27.npy,0.32207993469441987
0.0007789456679356321,0.005891210991018525,0.0008136623055823428,0.9986624259460913,1.0012523433873886,0.05594885557745543,0.0906246180756547,141805180,62,TIC141805180_sector62.npy,0.3220763315135381
0.0005624637018694531,0.004814771475093238,0.0006078105368719792,0.9991019574046136,1.0009489754277496,0.23226971367814592,0.6193866837704705,350842552,31,TIC350842552_sector31.npy,0.322071712318885
0.0007557453008853273,0.006035206223178657,0.0008332954734655834,0.9987615448883419,1.001222716644963,0.17615954357095387,0.6419588538829064,141805180,89,TIC141805180_sector89.npy,0.32206832773439414
0.0004424781417355577,0.003187683801426644,0.00043126487334262304,0.9993250851494482,1.0008090284620392,0.283711498467399,0.32708315343551275,260042834,28,TIC260042834_sector28.npy,0.32206183595816495
0.0003306872266381542,0.0029236747474509217,0.00034559691246272174,0.9994897575943491,1.000564713648155,0.20903193848097495,0.6758068021942538,278899461,1,TIC278899461_sector1.npy,0.322060627865549
0.00043343708632010076,0.0038624628076019407,0.00041757856390622726,0.9993705325698331,1.000827443829978,0.39324552583504796,0.734015610751817,260659557,11,TIC260659557_sector11.npy,0.3220500153046482
0.0007566974345118732,0.0054588695675835686,0.0008170023957886192,0.998784056232052,1.0012265292607743,-0.013967014108084794,0.19077392894576528,350822079,29,TIC350822079_sector29.npy,0.32204908532969156
0.0007279157509926366,0.006323779833742327,0.0008014613821767227,0.9988511550089122,1.0011557830797837,0.2316002564525285,1.2392486239333271,149121385,38,TIC149121385_sector38.npy,0.32204490000605424
0.000688920837289945,0.007033316300407488,0.0007446342440478488,0.9989219561826834,1.0010916620656782,0.029398365454203487,0.9658752199965468,260127606,38,TIC260127606_sector38.npy,0.322044177464815
0.00033562838763929336,0.002728755779657477,0.0003733423722420812,0.9994724368193904,1.0005502672754023,-0.002733454401323564,0.2426991266811802,350742475,2,TIC350742475_sector2.npy,0.32204040579450044
0.0006214978319929158,0.004580602366883846,0.0006720377256886548,0.9989985212407556,1.0010282696951156,0.26376728751064815,0.6325687160142883,260708537,32,TIC260708537_sector32.npy,0.32203622217616823
0.0005263660932854695,0.004137265118463795,0.000491049161037466,0.9991435615770154,1.0008454085506608,-0.18679363573235638,0.6803588622145478,141809220,4,TIC141809220_sector4.npy,0.3220317660450154
0.0005923981087051886,0.005475962743321849,0.0006210046405639013,0.9990879847425307,1.001005392667069,-0.0015552565662413664,0.6886172655538507,278730120,69,TIC278730120_sector69.npy,0.32203097203572856
0.00044048396504206116,0.002854042120376654,0.0003311852722919683,0.9992645574343553,1.0007161630915797,-0.08870785026598198,-0.11098358621025683,374912345,28,TIC374912345_sector28.npy,0.3220275663293982
0.00031526252795455287,0.00240936173531181,0.0003413132475004505,0.9995048005076947,1.000543652880351,0.13076589947106537,0.3807321426562069,261417533,38,TIC261417533_sector38.npy,0.32202472669745863
0.00032190576160839255,0.002604583780656089,0.00033415326974737793,0.9994895702106504,1.000549073538474,0.09277234528631419,0.28580981508529746,278899461,87,TIC278899461_sector87.npy,0.3220205216627144
0.0004759122890823509,0.0039567133167316415,0.0004940684840374631,0.9992663081356875,1.000792592281218,0.2625387161752619,0.7006861351121594,350343922,8,TIC350343922_sector8.npy,0.32200296158920894
0.0006383443386022181,0.004761214365491817,0.000458352472268702,0.9988914116886038,1.000993627366836,-0.16658089170394988,0.16448500556054624,293268667,62,TIC293268667_sector62.npy,0.3219923153934217
0.00031169728080840956,0.0027735982162315764,0.00032696996240027886,0.9995154159932763,1.0005205024291859,0.15862449664477568,0.6634000121210817,261417533,34,TIC261417533_sector34.npy,0.32198881323944306
0.0006850664138807504,0.005092742427129093,0.0005055369070778743,0.9988725769792473,1.00113702401151,-0.12909342415611447,0.2291133351958754,293268667,5,TIC293268667_sector5.npy,0.3219875778344048
0.0007102743797360361,0.004963343047630686,0.0007754501152850586,0.9988236290477285,1.0011968864793759,0.022669356611962482,0.20474366238189212,350862394,27,TIC350862394_sector27.npy,0.32198648447888056
0.0006944159044156993,0.005077340397495966,0.0007580265840671099,0.9988394924547597,1.0011270024526333,0.0329387032238099,0.3516044312147977,350742475,68,TIC350742475_sector68.npy,0.32198592637003776
0.0005872566822807471,0.005529382295835994,0.0005799251986955831,0.9990716697033364,1.0009748990276237,0.1466429032642491,0.9069428028682052,141911519,38,TIC141911519_sector38.npy,0.32198181411953336
0.000716958301864209,0.005160105110882718,0.0007624827833416478,0.9988354538664266,1.0011626392202713,0.22635845086246192,0.5516121367885538,350742475,62,TIC350742475_sector62.npy,0.32197666380192863
0.0006910703257503784,0.006629911669769339,0.0007399592793665406,0.9988672436234566,1.001117265720214,0.24887521673403407,1.0193864664866403,350862394,12,TIC350862394_sector12.npy,0.321975965869381
0.00040922065925670436,0.0029573057356098165,0.00043449622485574794,0.9993738752389457,1.000677642505679,0.2593461577927297,0.21148741699270568,260042834,11,TIC260042834_sector11.npy,0.3219745845699883
0.0004311728568051352,0.002824403213486981,0.0004679671809662487,0.9992924912372395,1.0006871033661133,-0.03459395429438357,-0.16625307555539504,350343922,89,TIC350343922_sector89.npy,0.3219741160921762
0.00037531627859804773,0.002789215538831713,0.00040301954363168254,0.9994245958519136,1.0006214241753764,0.2830282979883935,0.5232874139023385,350299588,29,TIC350299588_sector29.npy,0.3219630749910793
0.0005046386974479654,0.0035129432596969767,0.0004068682587483101,0.9991907536666595,1.0008079215712913,0.007768712114304671,-0.23270768587316493,260128701,69,TIC260128701_sector69.npy,0.3219566489724992
0.0005407220459248792,0.004188614242904731,0.0005445671480693589,0.9990616046236768,1.0008383366070819,-0.12126950663360168,0.13265868746203235,350842552,88,TIC350842552_sector88.npy,0.32194467744077276
0.0007848196773194796,0.00555926061469425,0.0008535099257377195,0.9987248364769031,1.0012600278083386,0.14847523965052872,0.4733772520054882,149302552,27,TIC149302552_sector27.npy,0.3219430350735545
0.0006718157563683682,0.005851813898296476,0.0007225542611185489,0.9989310635785199,1.001122513080216,0.2256654414065405,1.3000682351205226,350444342,69,TIC350444342_sector69.npy,0.3219402617097707
0.0003920844318713953,0.0034405945654736314,0.0004367184217473086,0.9993985360849225,1.0006834307839707,0.2795506264978746,0.6258161998117462,278683664,8,TIC278683664_sector8.npy,0.3219375338905586
0.0003706953992413447,0.002439115890763177,0.00024325607105166617,0.9994174908684484,1.0006280846872937,0.08616912017826446,0.05630818392949122,150393390,64,TIC150393390_sector64.npy,0.3219332592443514
0.0005565019628801882,0.0035786476916875865,0.0005837471635061936,0.9991556879778826,1.0009777498782952,0.11930972318745563,-0.01713809665672672,350842552,35,TIC350842552_sector35.npy,0.3219319942974155
0.0005471920089068283,0.0051712568063684294,0.0005594400145251458,0.999125276345109,1.000859524189724,0.13570036066501992,1.0640816633090537,350842552,66,TIC350842552_sector66.npy,0.3219271463641204
0.0007429905065397885,0.005316622084633682,0.0008135387445311878,0.998835750919983,1.0012329226774517,0.16925648325311818,0.35352620422141046,350822079,34,TIC350822079_sector34.npy,0.32192252077175204
0.0003434816899672547,0.0024902076033943565,0.00034227611122871767,0.9994193675933765,1.0005393615544156,-0.06599010704758852,0.2892143800749327,278865342,96,TIC278865342_sector96.npy,0.32191808862182003
0.00033069719838660545,0.0025979764212032963,0.0003459851973299124,0.9994628493910197,1.0005390145919577,0.1246704810613587,0.2807148327496818,278899461,8,TIC278899461_sector8.npy,0.3219170300183352
0.000732370433866501,0.0057851570595260915,0.0007408264423104135,0.9987501616201125,1.0011192923870071,0.03818036210793897,0.8209785954772677,149121385,68,TIC149121385_sector68.npy,0.3219158766209561
0.0005624304570513084,0.003642271650726281,0.0004202328737313065,0.9990904719154883,1.0009653007533084,0.019341834650623727,-0.007492706528671622,350444342,9,TIC350444342_sector9.npy,0.3219117058855659
0.0008086916687125098,0.006907043399234647,0.0008184777394550456,0.9987403885879281,1.0012460939667014,0.18331516509218032,0.5175490589723322,141805180,93,TIC141805180_sector93.npy,0.3219116455820797
0.0003863980765895638,0.0027313154290097286,0.0003421891829391465,0.9993348727928759,1.0006055971695926,-0.04698456790762574,0.35856843194092836,278899461,27,TIC278899461_sector27.npy,0.3219110717553933
0.0003519497685058309,0.002419402374851498,0.00031394747602981016,0.9994555232902032,1.0005741660874885,0.16697714639137434,-0.0526306544197519,141865875,3,TIC141865875_sector3.npy,0.32190733964592844
0.0007447521648350714,0.006380112610529731,0.0006481088142130284,0.9988718516546524,1.0013403055645669,0.14121417251384846,0.770583703629681,350862394,88,TIC350862394_sector88.npy,0.3219032682526576
0.00043499234399418284,0.003713074565474095,0.0004552122113181128,0.9992948925825949,1.0006813012983227,-0.1487929580650498,0.2695351490390827,260042834,96,TIC260042834_sector96.npy,0.32189546265946034
0.0003277221228001164,0.002313540217109167,0.00034219695914993435,0.99948497636855,1.0005587513494916,0.05645099750014908,0.1304001017543892,260002453,62,TIC260002453_sector62.npy,0.32189290319798713
0.0003268107147369507,0.00240737696597515,0.00035188001088942467,0.9994619721489728,1.000537793099692,0.06885764130775458,0.2576043783303561,278899461,62,TIC278899461_sector62.npy,0.3218902274836379
0.0007083941209879061,0.0059473555043092485,0.000761614298874646,0.9988327483013046,1.0012092531090522,-0.11380916138148366,0.47707211603998445,278776865,1,TIC278776865_sector1.npy,0.32188668759016253
0.0006110403244899472,0.004766676331176223,0.0005738440535769781,0.9990684992018781,1.0011399556084837,0.20483927110350292,0.388408580396439,141911519,29,TIC141911519_sector29.npy,0.32188524454600254
0.0003276266737915774,0.0027361224191833067,0.00034659329624961275,0.9994859461093082,1.0005584914650443,0.15033929132057902,0.7815810090053943,260127606,6,TIC260127606_sector6.npy,0.32188438200485875
0.00038201779548584203,0.003374740563329315,0.0004111929558577267,0.9993977822871841,1.0006447845388027,0.2708115881148119,0.8699725362071069,260002453,38,TIC260002453_sector38.npy,0.32188099969811246
0.0003989181181218417,0.0036214072925269125,0.0004095129632542545,0.9993933361592611,1.0006662973237062,0.23091518572111727,1.3863244525095721,350522196,10,TIC350522196_sector10.npy,0.3218807622859674
0.0006018723716023666,0.005217470069786567,0.0006236849318467029,0.9990747647278128,1.0010122634412915,0.16793441572728007,0.6037700968935185,167523976,37,TIC167523976_sector37.npy,0.3218711134329098
0.000411630688955068,0.0033765367637746957,0.00043858700428705535,0.9993626557279801,1.0007127010182115,0.2933111915729133,0.7099368857727755,141910606,29,TIC141910606_sector29.npy,0.3218699526359439
0.0007150056817289128,0.005220474531766217,0.000767277508023505,0.9989098197995636,1.0012429112671368,0.01380016690510031,0.23903470054922948,350822079,37,TIC350822079_sector37.npy,0.3218612897504807
0.00047775967827825926,0.0033851832903460943,0.0005053215105430377,0.9991537956774352,1.0007325825499194,0.023645738568168758,-0.022638832344574755,260655847,94,TIC260655847_sector94.npy,0.3218587112668174
0.0003731328445348476,0.00338628558584797,0.0003803928039342761,0.9994646877791846,1.000663513351608,0.2740667397045329,0.8653152363819827,142085842,90,TIC142085842_sector90.npy,0.32185340699348886
0.0007902527253023999,0.006706144482477194,0.0008470861139692755,0.9986845966162531,1.0012758077050379,0.13751457831664515,0.4974694487329545,309792357,62,TIC309792357_sector62.npy,0.32184873343448406
0.00042937325983437606,0.0034476727510157623,0.000431798712802152,0.9993821153259289,1.000704589113975,0.3906204754866046,0.7918476950706563,260659557,8,TIC260659557_sector8.npy,0.3218416615032085
0.00040406721345337957,0.0035265831320604457,0.0003431876001325603,0.9993850291129919,1.000612235654135,-0.07637057593587358,1.078852225156023,374912345,67,TIC374912345_sector67.npy,0.32183015963119327
0.0003298559337350925,0.002778628471067468,0.0003612251416652389,0.9994600741358505,1.000549037552318,0.15768230175458392,0.40261265676548197,260127606,5,TIC260127606_sector5.npy,0.3218250691533939
0.0003744400672935745,0.002545756088381368,0.00039667617850543975,0.9993515315731034,1.0006156945348388,-0.14289088691246718,0.18899397269921137,278683664,96,TIC278683664_sector96.npy,0.3218229669542681
0.000778353843577618,0.005834068177640539,0.0008501853950702668,0.99873382140384,1.001285629388129,0.1129836883337886,0.5484821240757309,149302552,9,TIC149302552_sector9.npy,0.32182244921278297
0.0007100077853106065,0.00550768031663651,0.00075688268297699,0.9988467289243725,1.0011889805727714,0.18413787506510276,0.3100270939182912,278776865,30,TIC278776865_sector30.npy,0.32182100336397645
0.0007537225992313052,0.006076960627540928,0.0008226734915920199,0.9987943344062785,1.001205794274459,0.11197273389275252,0.21398583760646295,141805180,96,TIC141805180_sector96.npy,0.3218153607936501
0.0005792922446546185,0.0040038751578453935,0.0006051978550101856,0.9991058757458023,1.0010701701987226,0.14428543201413382,0.047333292475372435,350842552,37,TIC350842552_sector37.npy,0.32181114394353905
0.0007803555987912578,0.006323974939287824,0.0008245136982583041,0.9987134080651753,1.0012721709054098,0.11902663874783248,0.5853597498135548,350822079,33,TIC350822079_sector33.npy,0.321809247071821
0.0007340336254441266,0.005942970785261625,0.0007005583141937813,0.9988644942327445,1.0012009727825926,0.24596702131678305,0.4522611352716548,348839788,10,TIC348839788_sector10.npy,0.3218064870097913
0.00039243560495041285,0.003374589645250503,0.0003733850359621958,0.9993763790036481,1.0006343033103116,0.27159331379083335,0.7324628805053193,149121385,6,TIC149121385_sector6.npy,0.32180134209032374
0.0003395517010776143,0.0029229882087450365,0.00036608273554071004,0.9994581588600903,1.0005703305632458,0.19008598140549862,0.38827365241185285,141770198,2,TIC141770198_sector2.npy,0.3217992165805198
0.00030922634157532104,0.002515002170868863,0.00034193140618973714,0.9994956116599006,1.0005144332614517,0.02422612227930346,0.4846967489395073,278730120,31,TIC278730120_sector31.npy,0.3217897956244929
0.0003234671099990419,0.0027564450827571862,0.00034975225740766863,0.999473321076634,1.0005169067806774,0.06027420323802005,0.680868936872526,260002453,87,TIC260002453_sector87.npy,0.3217863155896047
0.0007606302780438106,0.005615056722882428,0.0008234713854089815,0.9987889625231522,1.0012563248358128,0.1586364535224865,0.4163856129442305,149302552,6,TIC149302552_sector6.npy,0.32178586041073076
0.0005684379093013308,0.004354444043500383,0.0005596362515955075,0.9990750330073673,1.0009368982965074,0.13732231847295476,0.22110534162924234,141911519,63,TIC141911519_sector63.npy,0.3217841034991639
0.0006782571553479237,0.005292585226059465,0.0007548050993260178,0.9988719547891757,1.0011218345308215,0.13412127295827797,0.2611575439146194,260127606,27,TIC260127606_sector27.npy,0.3217755971832422
0.0007090614641013047,0.0057789569923538675,0.0007603233437931335,0.9988925404780917,1.0012674073767436,0.1761437313161394,0.34317013575718747,350822079,90,TIC350822079_sector90.npy,0.3217688375631861
0.00033446800023836844,0.00313206561806445,0.00033565866024544465,0.9994564691992637,1.0005362052636682,0.05146378881910109,0.8573771278434101,278899461,67,TIC278899461_sector67.npy,0.32176573351245796
0.0007539902742642961,0.0069516152599872205,0.0007279679227520584,0.9988379327411103,1.0012497379677376,0.10397454926848088,1.1110256625323354,167523976,88,TIC167523976_sector88.npy,0.3217607841350465
0.0007662077594549967,0.006969242958334565,0.0007784115074751889,0.998820972209738,1.0013127305763363,0.12211587153161375,0.5859481710100685,350862394,3,TIC350862394_sector3.npy,0.3217595918692703
0.000321078415643341,0.0026242108623432125,0.00035009105021849686,0.9994886961221862,1.00054147783601,0.07286143178280742,0.316845679286065,260002453,63,TIC260002453_sector63.npy,0.32175821972521834
0.0007735392350050661,0.006940927853608447,0.0008304109038987342,0.9987319837677103,1.001271647691105,0.11433029627417382,0.769140776574615,375059587,39,TIC375059587_sector39.npy,0.3217564830929762
0.0007346397936082493,0.005548493756560746,0.0007661603653317399,0.9987922002848204,1.0011968926048878,0.0183762738963279,0.1792816612161352,149302552,65,TIC149302552_sector65.npy,0.3217549338836905
0.0005530976066897445,0.0049631763156338105,0.0006107040738525926,0.9990940600137967,1.0009105111635026,0.17472832284213652,0.6925249798725304,260043481,67,TIC260043481_sector67.npy,0.3217532103847574
0.0007137775374458744,0.005319466810033258,0.000775831999236638,0.9988169439701351,1.0011938671711267,0.11740795599419425,0.40307317633864503,375059587,30,TIC375059587_sector30.npy,0.32175117013613114
0.00042033337290224224,0.003067601657463892,0.0004591314357389315,0.9993512917232338,1.0007407284063745,0.29586623372475473,0.694255817801174,260042834,30,TIC260042834_sector30.npy,0.321750350072066
0.0007495808411984868,0.005388055056061658,0.0008099850732963512,0.9987848067119992,1.0012438311353837,0.02199834474036147,0.16184407577109194,140997242,34,TIC140997242_sector34.npy,0.3217497422474155
0.0005743918265012545,0.004734742185338647,0.0005884763178160652,0.9991126120425002,1.0009890469386937,0.24379973460162327,0.7469288460074299,141911519,13,TIC141911519_sector13.npy,0.321742583536648
0.000550101005923097,0.004288285786076873,0.0005793041812157662,0.9991123796855498,1.0008858501412736,-0.10588146759434047,0.26888641249822065,278683844,3,TIC278683844_sector3.npy,0.32173610563283117
0.0006919894629049486,0.005090194712733864,0.000764828841890026,0.9989171097646284,1.001111535231673,0.04281383535265107,0.3083092611784073,141770198,89,TIC141770198_sector89.npy,0.3217359597140396
0.0005435123719623358,0.00409141557015924,0.0005975301351625192,0.9991511110029976,1.0009344576033334,0.23132381147280787,0.4415656859700383,260043481,62,TIC260043481_sector62.npy,0.32172992778548803
0.0006937270394671939,0.004691103918028516,0.0007628580287555977,0.9988243857927591,1.0011337578943051,-0.08213936963481225,0.07717351393397154,375059587,3,TIC375059587_sector3.npy,0.32172951278555384
0.00039705309610248705,0.0036233207506177756,0.0004284953022521147,0.9994004078855435,1.0006837437435883,0.27566945878722876,0.8768023295918979,278683664,31,TIC278683664_sector31.npy,0.32172408654014617
0.0007235979299276716,0.0069408939708449635,0.0008163756595610411,0.9988539269029937,1.0011715773601464,0.21977283079818571,1.1575282849688815,350742475,63,TIC350742475_sector63.npy,0.3217192446299324
0.0007443712073365466,0.005199112094732117,0.0008005876799233296,0.998843277623838,1.0012915674728105,0.005909586207725551,0.18747922430316377,375059587,7,TIC375059587_sector7.npy,0.3217003339890067
0.0007511778865523751,0.005700135212602264,0.0007859214145671666,0.9988245352014656,1.0013670281920868,0.0811077418650697,0.08144533290509015,350822079,68,TIC350822079_sector68.npy,0.32169936502281365
0.0007462558643765483,0.005771330274615405,0.000716627251015,0.9986096223006764,1.0011283477623343,0.030820949120768906,0.18404167307054697,141770198,88,TIC141770198_sector88.npy,0.32169607234613534
0.00033451041954942384,0.002286872403119644,0.0003705269501462971,0.9994609737153791,1.0005503922601693,0.05920786559292967,0.1167123684856688,260079513,7,TIC260079513_sector7.npy,0.321691985256688
0.0005438277980964107,0.004903148931172052,0.0006051909232521387,0.9991671920745617,1.0008707652864874,0.18541557083743032,0.7159435592036716,260043481,89,TIC260043481_sector89.npy,0.3216911285605409
0.0007611564014485036,0.005793504470345989,0.0007510600118410591,0.9987883944415179,1.0013203426144512,0.13046935365132944,0.5744739109989916,278776865,64,TIC278776865_sector64.npy,0.32168861396801374
0.0005645353848079065,0.0041653641988811385,0.0005762249525608378,0.9990853153854399,1.0009323995697894,0.02517152734921084,0.28166594125935074,350842552,97,TIC350842552_sector97.npy,0.3216805814365127
0.0006889363030741888,0.005438004838876465,0.000685907486646874,0.9989614325294888,1.0012074922792278,0.2525604507919163,0.5801673159471057,149269178,12,TIC149269178_sector12.npy,0.3216724012480221
0.0007086154728738098,0.004921737146455496,0.0007766098182231437,0.9988225236123085,1.0011604439351778,0.06751747859672921,0.24345183300327067,350822079,96,TIC350822079_sector96.npy,0.3216715635128158
0.00033673451119397435,0.002846772624135796,0.00037246046551052685,0.9994602353126131,1.0005686159246288,0.17202577523145335,0.8632818375913476,141770198,7,TIC141770198_sector7.npy,0.32166857427332674
0.0004402362775770928,0.0034586469979648315,0.0004738639356697289,0.9993015343071611,1.0007224275632165,0.2681889314224842,0.5933502067294545,177252842,10,TIC177252842_sector10.npy,0.3216627445344515
0.0004074879184576083,0.0030846928618022407,0.00043843530585788745,0.9993604958109549,1.0006914561438958,0.26496980944456794,0.6429770672373141,141910606,28,TIC141910606_sector28.npy,0.32166012846010994
0.0006958664497535728,0.006932442682267337,0.0007542356850055192,0.9988798564834684,1.0011112762622394,0.10163351410518393,1.0209081933561226,278865342,61,TIC278865342_sector61.npy,0.3216580857433625
0.0006472492576079949,0.0044154091016352925,0.00046910331770825604,0.9989160305378194,1.001057997241006,-0.15425832179092422,0.06101219253819812,293268667,2,TIC293268667_sector2.npy,0.3216536309021691
0.00042836301524028795,0.0037909001711244894,0.0004263424851445269,0.9993319890809982,1.0006957262757168,0.33018470923188736,0.7379813656831322,260042834,12,TIC260042834_sector12.npy,0.32165137389318826
0.0003751114762153834,0.0035517376987672655,0.0004113279535421295,0.999407676798925,1.000641131516266,0.2609388636663739,0.9746681619411355,350299588,5,TIC350299588_sector5.npy,0.32164492228534797
0.00045636800765242336,0.004791116304189713,0.0004778489225184898,0.9992990325551272,1.0007543264172225,0.17081563010891448,1.0345463201884604,176873028,5,TIC176873028_sector5.npy,0.32163989961648154
0.00031222888839491883,0.0024122999418049185,0.00033056067138071326,0.9994970265974744,1.0005066351042424,0.0716367303070351,0.507334520910645,260079513,3,TIC260079513_sector3.npy,0.32162694659621816
0.0004071227952412376,0.0033091605078564568,0.0004369905863420462,0.9993536511353945,1.0006644389619042,0.27552861870118384,0.7468221625828955,141910606,27,TIC141910606_sector27.npy,0.32162588910170453
0.0004014680468604352,0.0029061194579301786,0.00042218416202751156,0.9993742904773419,1.0006642182462855,0.2567199502285789,0.2426842080954863,141910606,33,TIC141910606_sector33.npy,0.3216193261473126
0.0003293646559333417,0.002596409114869136,0.0003481157018322857,0.9994403427817702,1.000542450036228,0.10490585813672584,0.3567615864593434,261417533,37,TIC261417533_sector37.npy,0.32161896320319516
0.0007109143057102528,0.006728376161872052,0.0007599897949899014,0.9988448385988434,1.0011918526696744,0.18577578646443874,0.980036425924931,140997242,61,TIC140997242_sector61.npy,0.321613627273542
0.0006938121705260315,0.004820901835437819,0.0007498531947520055,0.9988763435039354,1.0011783851616416,0.21947800729609343,0.31393026273227953,149121385,36,TIC149121385_sector36.npy,0.3216134076893477
0.00034954804586006963,0.0027150898266229406,0.0003636866202696756,0.9993455578745215,1.0005396151957537,-0.05211790584265189,0.2996491870895377,260127606,8,TIC260127606_sector8.npy,0.3216068269897759
0.0007776007873579383,0.00641184829338215,0.0008152470833577753,0.9987206271633886,1.0012373343726653,0.06984581453884656,0.5856464948874915,350299588,67,TIC350299588_sector67.npy,0.32159713673235824
0.0006095341340003071,0.0043111894133754936,0.0006055189840701709,0.9990938076590951,1.001071064533557,0.1610037247849411,0.3006949225490172,141911519,30,TIC141911519_sector30.npy,0.3215967992667962
0.00034988579380721855,0.003483750366369498,0.0003659126123221556,0.9994405469242497,1.000585086230427,0.21782987213532978,1.2496643503781648,260659557,3,TIC260659557_sector3.npy,0.32159538638072765
0.0007268432443093677,0.006974881522298526,0.0007566525118639202,0.9988651051513135,1.00113750369752,0.10321288311471236,1.0249450419272756,141770198,67,TIC141770198_sector67.npy,0.32159346600675365
0.0007291682578934148,0.006253228582963621,0.0007766772099032305,0.9988076198189471,1.0011643260877419,0.045931758221024056,0.32057206121746606,140997242,94,TIC140997242_sector94.npy,0.32158935477379047
0.0003433571836692915,0.0030761847902652795,0.0003708293601480998,0.9994748286928781,1.0005646861363018,0.19488507293507554,1.09402603667165,260002453,1,TIC260002453_sector1.npy,0.32157579837947514
0.000591505863343143,0.005136528655421468,0.0006392531532770576,0.9990921697039998,1.0009846504326634,0.1077065656110897,0.5390042086277558,278683844,10,TIC278683844_sector10.npy,0.321574582393769
0.0003758986811764751,0.00282348290797807,0.00040691079568741664,0.9994019925549072,1.0006563741790933,0.2691533033508622,0.5376475618813084,350299588,36,TIC350299588_sector36.npy,0.32157452344629717
0.0004700193073023138,0.004093673183590774,0.0005172393300115258,0.9992340850358795,1.0007619859526475,0.05723737925434981,0.9009801997123641,141809220,38,TIC141809220_sector38.npy,0.32157285913882827
0.000438430902009152,0.003124935142707952,0.00047123621877230776,0.9992928885015906,1.0007109165711292,0.2524597806840388,0.4240772603930365,350343922,94,TIC350343922_sector94.npy,0.3215719644148049
0.00034404310611591975,0.0026302747798493398,0.0003682939550771959,0.9994785042960386,1.000571934972679,0.2179896302718218,0.537540909996157,260002453,35,TIC260002453_sector35.npy,0.3215713456809979
0.0003259538586425292,0.002279381081202514,0.00035150273161024326,0.9994665797321065,1.0005411553708339,0.029090118425186953,0.14738314418019893,260002453,7,TIC260002453_sector7.npy,0.3215696935512417
0.00037159991182686067,0.0027702396586605227,0.0004090509865880872,0.9993962484241343,1.000634386100404,0.2548012486025745,0.5902647646535408,350299588,30,TIC350299588_sector30.npy,0.3215679120291955
0.0006126788560016766,0.005104275422233684,0.0006671125707740403,0.999069053909574,1.0010345291312663,0.21859737108943755,0.6170614151064937,149269178,31,TIC149269178_sector31.npy,0.32155885690056024
0.0006921567049548689,0.005812818947029785,0.0007413935206111295,0.9989589348194137,1.0011272133169948,0.24958367670618786,0.6102330213279759,260079513,61,TIC260079513_sector61.npy,0.3215515786358284
0.0007178170792988305,0.006458161628645875,0.0006939576197312803,0.9988173327499128,1.0012035215941064,0.062080050752952545,0.9006830254035889,167523976,96,TIC167523976_sector96.npy,0.3215515141027966
0.00034802917802619727,0.0034914861920967155,0.00035923408389702333,0.9994527171411755,1.0005495930947281,0.12191312132827639,1.316922259052717,350522196,93,TIC350522196_sector93.npy,0.3215511101707162
0.0006034683605962684,0.006537714303867848,0.0006417386156871693,0.9990427348030684,1.0009731545121494,0.09227736040284441,0.9210818050840248,261417533,66,TIC261417533_sector66.npy,0.3215469267677069
0.00044127967875195806,0.003147047947976267,0.0004967835958095744,0.9992898466467708,1.0007509762130906,0.13268899188725936,0.19735526096964584,177252842,2,TIC177252842_sector2.npy,0.32154258268540603
0.0003634021237394231,0.0022723371368595924,0.0003629029801119838,0.9993962426336698,1.0005977981059901,-0.03908808179283367,0.19771128995577758,141865875,67,TIC141865875_sector67.npy,0.3215373360691386
0.0006987962805528673,0.0070577327601835105,0.0007398336484289202,0.9988625121297907,1.001120663786481,0.17833051610626463,1.0500219459405695,350522196,68,TIC350522196_sector68.npy,0.32153449760339864
0.00032995376419882625,0.00238510687696325,0.00035642079900053,0.9994603044694527,1.0005444130629775,0.12299102169650328,0.3617824855944076,278899461,7,TIC278899461_sector7.npy,0.3215299854865809
0.0007062441225459809,0.005812034232860919,0.0007545574332615739,0.9989099574786312,1.0012190377246377,0.059522309852994205,0.22873462406329015,375059587,6,TIC375059587_sector6.npy,0.32152061082881234
0.0007480646325286481,0.006641750443375116,0.0008136759042327287,0.9987512152015043,1.001199536390721,0.10096447108000717,0.5290088299717182,350822079,94,TIC350822079_sector94.npy,0.32151758015431453
0.0007943930337854426,0.006674928545668091,0.0008497277899931411,0.9987009397932918,1.0012495949176314,0.06658631371044767,0.5467648010669701,309792357,6,TIC309792357_sector6.npy,0.3215155641160568
0.0007405842136573066,0.005881500527362804,0.0007203380948931393,0.9988610540939236,1.00121686122079,-0.07276642746754734,0.26365382732907383,167523976,69,TIC167523976_sector69.npy,0.32151081425826916
0.0007024258440748776,0.0049959274458518665,0.0007382817650135734,0.998758055886897,1.0011301403342927,0.09163012886881226,0.24511515582076626,350862394,28,TIC350862394_sector28.npy,0.3214981919045801
0.00036407343034463517,0.0029776847103148985,0.00036708562506147834,0.999425982551302,1.0006313460135328,0.26269692781027,0.6491881073028383,278865342,39,TIC278865342_sector39.npy,0.3214971280541108
0.0005465725041892706,0.004658676631985714,0.000579171580174416,0.9991578479437535,1.0009138663533044,0.24524750419695407,0.8777404416045989,350842552,93,TIC350842552_sector93.npy,0.3214943950215119
0.0005105944870386414,0.0040601709382637186,0.0003787672910148555,0.9992117415332866,1.000863616732963,0.2739741452261129,0.590014834852314,350444342,7,TIC350444342_sector7.npy,0.321491315638281
0.0005585185186206983,0.004140803368684387,0.0006130982745954958,0.9991155497900914,1.0009489150155584,0.09399200091021614,0.12516580884229445,260419879,2,TIC260419879_sector2.npy,0.3214905886365312
0.0007388745256829239,0.005597987457557019,0.0007366401863543933,0.9989241887078388,1.0013147178418915,0.13432477433422113,0.17075367311462886,149269178,96,TIC149269178_sector96.npy,0.32147982856536106
0.0004414006118952882,0.003116539591499934,0.0003313580914396824,0.9992759953767331,1.0007020683054262,-0.10691238967925452,0.09361100027174274,374912345,87,TIC374912345_sector87.npy,0.321470906285764
0.00034637366652769293,0.0028039049461159316,0.00035192851559114296,0.9994871314167061,1.0005576036261283,0.20355866761492003,0.5801858830809787,260079513,11,TIC260079513_sector11.npy,0.3214695841923238
0.0007834601967217341,0.006064240645616725,0.0007818498544938503,0.998738432124408,1.0012333854851954,0.11692953033775942,0.19129845111001842,350822079,66,TIC350822079_sector66.npy,0.32146731862489003
0.0005508146505999347,0.004199850532538796,0.0005614804465978082,0.999116270709465,1.0009313123127135,0.13390804032851572,0.33590627781255256,141911519,1,TIC141911519_sector1.npy,0.3214631362681949
0.0005683827351419374,0.004604309295204612,0.0005594841804009102,0.9991152312781321,1.0010103932479841,0.23508618456533328,0.4295365209372912,141911519,36,TIC141911519_sector36.npy,0.32146225430759673
0.0007088680723462888,0.006318970442305227,0.0007375365113945345,0.9988486765731105,1.001091203748009,0.23382125746591395,1.2733459172844404,149121385,66,TIC149121385_sector66.npy,0.32145863107483463
0.00028916088984936477,0.0024581299389905276,0.0003070769224115794,0.9995470223289762,1.0004755735717288,0.09895164781432116,0.549042290629683,142085842,97,TIC142085842_sector97.npy,0.32145575462853837
0.00038029144603028535,0.0027233555275899546,0.0003650537376626966,0.9994075412733959,1.0006205760606084,0.25397087312887073,0.42679928497217645,278865342,11,TIC278865342_sector11.npy,0.32145567489020777
0.0007332119326018965,0.0070425068199935215,0.0007969369860233738,0.998827828487967,1.0012312697584327,0.028733574630379836,0.7506626551666282,149302552,63,TIC149302552_sector63.npy,0.3214555230550443
0.0003986520838059584,0.0032680793744510606,0.0003683654969960608,0.9993655096923126,1.0006351430566458,0.29444403139499536,0.7091625807695623,149121385,5,TIC149121385_sector5.npy,0.3214549032117409
0.00038524465704525677,0.0032087338873011406,0.00041044433377177616,0.9994302399207252,1.0006648160731706,0.26613875149992966,0.4792216119806674,260659557,32,TIC260659557_sector32.npy,0.3214491240092544
0.0007593292442875413,0.006057406774108931,0.0008283676157936,0.9987954598320016,1.0012524725685557,0.012098227641131717,0.4795457017325129,149302552,68,TIC149302552_sector68.npy,0.3214385654356863
0.0007860651593709106,0.0060926581474438635,0.0008426631883711895,0.9987033597777255,1.0012604056442536,0.12340091724644939,0.6070258111757569,350299588,61,TIC350299588_sector61.npy,0.3214313001897853
0.0003100720977255206,0.0025266560531485016,0.0003419666411044877,0.999495326198084,1.0005177737542323,0.15211694179760474,0.7761137510405938,278899461,69,TIC278899461_sector69.npy,0.32142902217415387
0.0007177959716079986,0.005373708478310757,0.0006666653280218864,0.9988826682524526,1.0012821959293436,0.1348653035755406,0.31860128919322195,348839788,11,TIC348839788_sector11.npy,0.32142384727135287
0.0004659879788093612,0.003779009083603735,0.0004843287271948237,0.9992738530293178,1.0008040230200306,0.2623665610861774,0.5528299702474437,350343922,9,TIC350343922_sector9.npy,0.3214221007861629
0.0006985981625117673,0.006090965901571654,0.0007579247612465199,0.9988782652976592,1.0011311238878196,0.187910540283681,0.7537448578746866,141770198,90,TIC141770198_sector90.npy,0.32141931320002204
0.0006931392808548934,0.005793962806020847,0.0007623637422157607,0.9988517871343121,1.0011446569284628,0.19139478731983853,0.8836144889391537,149121385,64,TIC149121385_sector64.npy,0.32141931320002204
0.0004016674305486262,0.00347840812794864,0.0003394052683044597,0.999388818103952,1.0006393340713187,0.24756033507375313,0.9348439232380605,374912345,7,TIC374912345_sector7.npy,0.32141571158860827
0.0003978749496236664,0.0034493051226760496,0.00039706627070611384,0.9992872084184232,1.0006420017715607,0.24941422782588335,0.8925634826317315,260659557,66,TIC260659557_sector66.npy,0.32141181437097377
0.0007369635986592455,0.005889931345971711,0.0007318974695144214,0.998778742630258,1.0011098910789191,0.01487892012972199,0.35609041227267646,167523976,13,TIC167523976_sector13.npy,0.32140966110801333
0.00036827555422116115,0.0024688906644804165,0.00040593607400168604,0.9994011268391095,1.0006160813079452,0.2368888438086378,0.23237939580144573,350299588,28,TIC350299588_sector28.npy,0.32140900247666104
0.0007532940676405116,0.00602896111498985,0.0008197885303955125,0.9988162936119993,1.0012441260715228,0.2109150563010643,0.62913386279115,140997242,31,TIC140997242_sector31.npy,0.32140466982325017
0.0007112713779437374,0.006890456564575764,0.0007075142378615242,0.998815533749046,1.0011879115665323,-0.04886154578613889,0.8642597492924322,278777070,87,TIC278777070_sector87.npy,0.32140401362700394
0.0004418290119532407,0.0026190511537906858,0.00047520832796625015,0.9992900164088553,1.000734873380612,0.18131185689484813,-0.11404665032174588,350343922,7,TIC350343922_sector7.npy,0.3214016783867514
0.00031524230766317405,0.0027897876117037868,0.0003441534444505283,0.9995134778190193,1.0005354829118327,0.08865399229147357,0.7250062481107289,278899461,28,TIC278899461_sector28.npy,0.32139724835042643
0.00033447220143120894,0.0023325411362037363,0.0003600756846084707,0.999462992618651,1.000585960668029,0.21504542303973997,0.4172558570056766,141770198,8,TIC141770198_sector8.npy,0.32139662351737747
0.00037673494553053206,0.00274054962936765,0.0004110960157289449,0.9994080273115176,1.0006451738377575,0.24478335506971524,0.6370865493440907,278683664,37,TIC278683664_sector37.npy,0.32138759934392547
0.000586344455441261,0.004790503118939027,0.0006394858377611187,0.9990852481701705,1.0009868355775315,0.22719121489207128,0.824262075407963,260419879,34,TIC260419879_sector34.npy,0.3213839370332032
0.0007304390025257159,0.005071451507309033,0.0007355669688689964,0.998815558868814,1.001168678891792,-0.0408053625307956,0.24711380495051705,350862394,65,TIC350862394_sector65.npy,0.32138117073280753
0.0003535132330725551,0.002456150705101967,0.0003798579428092368,0.9994361451458249,1.0005544813073102,0.16680109361297182,0.020272006944110466,350299588,3,TIC350299588_sector3.npy,0.3213795320163005
0.0003901998107487767,0.003283905096285178,0.00040195890966432136,0.9993777788941227,1.0006164647343245,-0.12039467580031123,0.4975510047038947,149971828,94,TIC149971828_sector94.npy,0.32136839013633567
0.0007258955481271116,0.005542991327956104,0.0007778284092835827,0.9988629912591684,1.0011708894127658,0.07703497032862114,0.40051701696794595,149121385,31,TIC149121385_sector31.npy,0.3213662100464435
0.00032774933883406476,0.0025970988299280906,0.0003475722661939673,0.9994864492903072,1.0005475730766533,0.14477142371145926,0.8279865259786194,141770198,35,TIC141770198_sector35.npy,0.321365355094076
0.00068829501522286,0.004445034544988236,0.0007010827110623341,0.9988580723475127,1.0011386299987437,-0.0894389005719243,-0.023589222595224335,260708537,97,TIC260708537_sector97.npy,0.32136283323251
0.0007228153827399112,0.005671656439855122,0.0007799304704127618,0.9988035854065296,1.0011986498538075,0.025885812895048304,0.16395554235898047,141770198,93,TIC141770198_sector93.npy,0.32136027286319047
0.0004553447360766398,0.002969665274918043,0.0003976153192813432,0.9992861288644402,1.0007899160539155,0.08697670965813525,-0.2751250967906502,374912345,38,TIC374912345_sector38.npy,0.321359377955524
0.0006580456343494572,0.004836816616759609,0.0005301007966122476,0.9988467064212811,1.001034353746811,-0.16665906590559693,0.32947192423859084,293268667,97,TIC293268667_sector97.npy,0.32135678746715074
0.0007150976905453382,0.0057569299038298105,0.0007318674910853639,0.9989182180430574,1.0012481174729908,0.03724599138809154,0.24339102226483478,278776865,94,TIC278776865_sector94.npy,0.321352409834325
0.0004684562577827641,0.0038926517740031086,0.0005129202914240032,0.9992664231703438,1.000771452310529,0.16005882158869417,0.329160240776174,260655847,90,TIC260655847_sector90.npy,0.32135187064133985
0.0007051661822709473,0.006206784466847748,0.0006681375787003318,0.9989138046121657,1.0011917458603106,0.2380956401135089,0.7945186196657277,348839788,9,TIC348839788_sector9.npy,0.32135181271731517
0.0006996428793435105,0.006595206924169483,0.0007754439889507993,0.9988555407719029,1.0011542114312604,0.2165131915528567,0.8358250684698962,260079513,65,TIC260079513_sector65.npy,0.321351244320669
0.0007214121683339128,0.0061686940782195165,0.0007625067233108057,0.9988550460960554,1.0011593336087958,0.08404126881214556,0.2227501724178782,149302552,90,TIC149302552_sector90.npy,0.32135059519042497
0.0004233793572645811,0.0034049280836908613,0.0004342612673047443,0.9992513305557548,1.0006703450130365,0.25530379403111136,0.8376619707873925,350522196,36,TIC350522196_sector36.npy,0.32134877845784227
0.0003579636582244513,0.003415939215087982,0.0003979041656990884,0.9994599920832602,1.00061875668945,0.25370227912514143,0.8252523723511991,260002453,12,TIC260002453_sector12.npy,0.32134724564595485
0.00033516445420861933,0.002575536518586552,0.00035930823918605337,0.9994587415876913,1.000553492031095,0.052281798553368834,0.8334593097183323,260002453,96,TIC260002453_sector96.npy,0.3213434088829687
0.0007445673375719494,0.006096256945778977,0.0007900849180424909,0.9988345000919614,1.0012603933774913,-0.06490576161729544,0.2458115076171392,149302552,96,TIC149302552_sector96.npy,0.32134170749967955
0.0006823326950943389,0.005495334965926468,0.0007548684860304153,0.9989534207390272,1.0011240559413257,0.20218316491793953,0.6721385352979317,260079513,29,TIC260079513_sector29.npy,0.3213335930528295
0.0006936902944156036,0.005982542961139425,0.0007684584833507828,0.9989206777884156,1.0011877145236228,0.2178898426583777,0.4845882569007247,149121385,37,TIC149121385_sector37.npy,0.3213328677814528
0.0006955617683766252,0.005931150339051228,0.0007573372529885362,0.9989142885717698,1.0011366039688077,0.22057866462125922,0.5697123862046705,260079513,98,TIC260079513_sector98.npy,0.3213328677814528
0.0007310073663523756,0.005438096443811435,0.0007637685025542829,0.998803727445525,1.0012040493150116,0.08251330475477302,0.17822328413811128,350822079,88,TIC350822079_sector88.npy,0.32133140217918654
0.0003407502137033512,0.002887480735761172,0.00036590439860560627,0.9994526681103194,1.0005399753476343,0.017871329102831103,0.3618877973974439,141770198,6,TIC141770198_sector6.npy,0.3213308147593612
0.00046035415156990935,0.0034271669668560767,0.00039011333568267153,0.9992447328674461,1.0007337953519202,-0.11496531306896436,0.02024191531052688,260128701,95,TIC260128701_sector95.npy,0.32132921821934207
0.0006948021615795564,0.004755830513841097,0.0007528316045176181,0.9988933901474468,1.00117779016,0.05022933277750838,0.29420717353471737,375059587,35,TIC375059587_sector35.npy,0.32132698884409283
0.0004691872019975816,0.0036202227431222367,0.0004811572704355433,0.9992034485593975,1.0007656025578564,0.2662013458763895,0.6639187831147368,177252842,4,TIC177252842_sector4.npy,0.321325798643292
0.00033769373131822453,0.0023782633670857978,0.0003639337313194404,0.9994799283356607,1.0005886220969697,0.072958408065281,0.3453447880719316,260079513,9,TIC260079513_sector9.npy,0.3213257052847736
0.0006948637421883571,0.005721855391736641,0.0006341290447571022,0.9989267375692152,1.0011620860195842,0.19178154237801895,0.8244658434784142,348839788,2,TIC348839788_sector2.npy,0.32132393251736663
0.0007528695923969568,0.005238969412916905,0.0008079064238649531,0.998815276807254,1.0012438037234601,-0.011280183642456528,0.12927088624881033,278776865,12,TIC278776865_sector12.npy,0.3213225150192681
0.000722496794282262,0.006549548962715646,0.0007797119396053652,0.9987885114303316,1.0012126474592973,0.038095920178350985,0.5684409909231265,350742475,93,TIC350742475_sector93.npy,0.3213215269298286
0.0003822998865035836,0.003267192662899321,0.00041419403699866655,0.9994009310550074,1.0006264477044404,0.2634170855705064,0.5959160443670317,278683664,29,TIC278683664_sector29.npy,0.32131952128860874
0.0004576215340205997,0.003503883562826604,0.0004960895313871099,0.9992684816289832,1.0007479028710382,-0.017051465263954492,0.5171360157499985,350343922,27,TIC350343922_sector27.npy,0.3213152553944232
0.0005600168861009458,0.0037510963996167934,0.0003836778962654103,0.9990201721229467,1.0010210033661977,0.1635119614956267,0.09716959718589058,350444342,8,TIC350444342_sector8.npy,0.32130527305451795
0.0005715319970915963,0.0048747346244154555,0.0006218997803240171,0.9990719994771325,1.0009637816783186,0.1203808763534018,0.5739363387458045,278683844,5,TIC278683844_sector5.npy,0.321304311023082
0.0005964347867354294,0.004588843765064965,0.0006056933634864024,0.9990489608218043,1.0009104383271814,0.11447657747197997,0.34346899870652736,261417533,95,TIC261417533_sector95.npy,0.3213039877029197
0.0003154540793627857,0.0024268345359284016,0.00034331606806170447,0.9994884809849258,1.000527774063625,0.09931941747827558,0.5290886907057768,278899461,63,TIC278899461_sector63.npy,0.32130230456488323
0.0004624272544974693,0.003578093806508198,0.0005029499766609018,0.9992359427671327,1.000766688694069,0.06478177031185399,0.41110214083139374,177252842,32,TIC177252842_sector32.npy,0.32129755611968613
0.0007091147569272615,0.006304342365705207,0.0007683942835909723,0.9988219099936169,1.0011743530039938,0.029112182464295984,0.3517950208182796,260127606,39,TIC260127606_sector39.npy,0.3212911743973184
0.0006901741091423641,0.005259648185426347,0.000639386496235801,0.9989163363212378,1.001187427472971,0.11875005536840505,0.15526671776881162,348839788,5,TIC348839788_sector5.npy,0.3212862918426128
0.0006974506659317915,0.004846466189866505,0.0007481633168407025,0.9988638327636287,1.001210833399671,0.18260332449329394,0.3845121925205115,278776865,10,TIC278776865_sector10.npy,0.32128460234310435
0.0004620033993355305,0.00418775996171683,0.0004301880659292468,0.9991649850606702,1.000697272778365,-0.032255723069489484,1.3054068800383591,141809220,6,TIC141809220_sector6.npy,0.32128385122841524
0.0005921528749753603,0.004277959270080123,0.0006579597646674056,0.9990722809864815,1.0009969896838036,0.1981399405296952,0.503831544775843,260419879,31,TIC260419879_sector31.npy,0.3212803443575597
0.00033552533547320286,0.002595291502872521,0.00036303832740292795,0.9994579744866142,1.000557126478822,0.1317765098773848,0.3514411897477938,260079513,10,TIC260079513_sector10.npy,0.3212769263751572
0.00033270426287268886,0.002348424404462701,0.0003632320951367064,0.9994514093274237,1.0005460512453126,0.08724000538675475,0.1673005029354182,260002453,89,TIC260002453_sector89.npy,0.3212728616103666
0.00045380733942856005,0.0033662473542648286,0.0004540365699090852,0.9991645066935452,1.0006964307056343,-0.14209535030388876,0.07430876663468222,350343922,4,TIC350343922_sector4.npy,0.3212716473993492
0.0005882981391424281,0.00469320489673819,0.0005768990482544573,0.9990844506406062,1.0009636585528068,0.1667116420666215,0.26918441747658584,141911519,10,TIC141911519_sector10.npy,0.32126373969038013
0.0007304144463035314,0.005884071510593891,0.000777218199605431,0.9988637806967198,1.001190670245761,0.2120509501127148,0.5670048837352697,350822079,8,TIC350822079_sector8.npy,0.32126341558576665
0.0005864294817365385,0.0041722944805248074,0.0006463048005923376,0.9991189599445421,1.001025737033991,0.2068516269358176,0.15697300127849356,278683844,9,TIC278683844_sector9.npy,0.3212617984498895
0.0003294972473596728,0.0031250526208465024,0.0003595248569787976,0.9994739018541836,1.0005320650598017,0.11984582751889467,0.94198983434935,260079513,31,TIC260079513_sector31.npy,0.3212558164710272
0.00033514492958057994,0.00298027204381901,0.00036877206246618035,0.9994608982267449,1.0005470131051717,0.17181371854258978,0.49784514321232676,278899461,64,TIC278899461_sector64.npy,0.3212555783837357
0.00028592411805919486,0.00235564554832568,0.0003128646109810158,0.9995402072282344,1.0004919090405533,0.1417605211786764,0.5125899743295084,261417533,31,TIC261417533_sector31.npy,0.32125260011854395
0.0006899278666962533,0.005241911268220711,0.0005030068929188946,0.9987986030082452,1.0010779082781562,-0.12401397160104205,0.1968668813301866,293268667,39,TIC293268667_sector39.npy,0.32125250039071546
0.0005596370692544179,0.004878408928173483,0.0005642328021300146,0.9990761185517568,1.000956023864136,0.03258302482220461,0.6215135850389752,141911519,61,TIC141911519_sector61.npy,0.32125185892098335
0.0004475567754446757,0.00435680701618546,0.00042755397459601436,0.999243966444401,1.000662127750756,-0.12764736400927176,1.2206740210946228,141805180,13,TIC141805180_sector13.npy,0.32124751880809843
0.0007206608562455829,0.006499864089760332,0.0007926313711773875,0.9988513969981895,1.001130885995355,0.22028448770808481,0.9242147361318214,149121385,88,TIC149121385_sector88.npy,0.32124656346459407
0.0005248974949939202,0.004498438452651632,0.0005717325302980685,0.9991377240799432,1.00081983076136,-0.04763868995053754,0.3658165897606862,150030205,7,TIC150030205_sector7.npy,0.3212410404015205
0.0005735132358140612,0.004064644584861776,0.000606941622227742,0.9990876423284873,1.0009760577636053,0.0760677453527276,0.5886238336803822,278683844,4,TIC278683844_sector4.npy,0.32124018010621347
0.0005664746240530194,0.004131199348643366,0.0005779575650001176,0.9990948751286596,1.0008890030159576,0.16220437165766896,0.41651006233050936,350842552,28,TIC350842552_sector28.npy,0.3212380090535023
0.0003384836227097931,0.0024557129649523946,0.00034586910178782074,0.9994594316294406,1.000557616255349,0.08997953763183868,0.2711734035897111,350522196,28,TIC350522196_sector28.npy,0.3212309505709734
0.0005246730306759552,0.003770348888638364,0.0005686066893233768,0.9992010373858756,1.000885225227866,0.19420895321547868,0.3762863806041916,150030205,5,TIC150030205_sector5.npy,0.3212207569261132
0.0006670840669420749,0.004524902330337199,0.000475729206957219,0.9988209969479291,1.0010849153065284,-0.09994230628963835,0.2759327551223252,293268667,1,TIC293268667_sector1.npy,0.3212150497073308
0.0006415608329541248,0.004831284836340877,0.0006630328980906609,0.9990133666481003,1.0011162203690898,0.1613483244973385,0.20728093282734283,167523976,33,TIC167523976_sector33.npy,0.32120856153198263
0.0007379718223213521,0.006694861980879874,0.000790727205119961,0.998805912623326,1.0012150097716968,-0.013475096595794782,0.815222607333749,149302552,34,TIC149302552_sector34.npy,0.32120436801760494
0.00035281468808086004,0.003239474362425554,0.0003765118792572881,0.9994382111507636,1.0005828851523522,0.17304028594620455,1.0759037518563463,260079513,6,TIC260079513_sector6.npy,0.32120202339002724
0.000653707918926752,0.00651037942648891,0.0007133479330100613,0.9989553437936265,1.001068229333017,0.12127974583395237,1.3381763683506884,261417533,61,TIC261417533_sector61.npy,0.32120035587357104
0.0007120967945791223,0.005961764295324468,0.0007581913977295227,0.9988744301590523,1.0011860024665635,0.04585733106882446,0.5414804215408933,141770198,97,TIC141770198_sector97.npy,0.32119236881289476
0.0007336023752047882,0.005669633011165631,0.0007080442889677969,0.998873779245519,1.0012807572005231,-0.0025139345208531312,0.31519659150541823,278776865,98,TIC278776865_sector98.npy,0.3211863409098913
0.0006670223734607789,0.006184947708832711,0.0007083068458710308,0.9989700851740612,1.0011362583549048,0.23629871116991105,0.9094648304272965,350444342,30,TIC350444342_sector30.npy,0.32117468703230073
0.0007133670426384426,0.00544556226008619,0.0007888200747154396,0.9988544576080925,1.0012042433112258,0.05792675663177503,0.2645721389425564,375059587,2,TIC375059587_sector2.npy,0.32117054234250075
0.0004677837430461049,0.004265206762350315,0.00047866319057604783,0.9992740536013901,1.0007747914534273,0.24170905714777002,1.2330169635914912,176873028,38,TIC176873028_sector38.npy,0.3211621426297814
0.0005698364941513751,0.0035749684563062267,0.0006038763314135979,0.9991196301755189,1.0009106788862814,0.025662412506788863,0.039431010337114714,150030205,10,TIC150030205_sector10.npy,0.3211577722332279
0.000364554523896005,0.003290484571416563,0.0003961015243390256,0.999428499417646,1.0006523607697786,0.2558547391033355,0.6542719760155564,350299588,39,TIC350299588_sector39.npy,0.32115633603515464
0.0007623629808177077,0.005836096916386646,0.0008378375651583138,0.9988020923481915,1.0012825624884536,0.11152469521814168,0.4882979774263996,350742475,65,TIC350742475_sector65.npy,0.32115531458166063
0.0005864730016324949,0.0045497240521960025,0.0005917172186891156,0.9990693286256371,1.0009570517771402,0.16393527204395666,0.3149236715002406,141911519,31,TIC141911519_sector31.npy,0.3211538221869415
0.0005442870727474469,0.0035577726124348397,0.0005375818487577437,0.9991185824405082,1.000917824016462,0.17879878784072495,0.22991798376767303,141911519,4,TIC141911519_sector4.npy,0.32115356059937783
0.00033551004172845773,0.0024982181447894547,0.0003513753252174747,0.9994714324132539,1.0005386668767713,0.08497489107575099,0.28968787965015474,350522196,95,TIC350522196_sector95.npy,0.32115309546892673
0.0006495242277037268,0.005944426004530157,0.0006832383525008942,0.9989390290152131,1.0010337977838297,0.05637801935822558,1.024227922368861,260419879,37,TIC260419879_sector37.npy,0.32115309048947016
0.0007064385390985322,0.005645299354844147,0.0007553496679465326,0.9989193257824214,1.001090040999821,0.2238339544774255,0.6773138295137051,260079513,69,TIC260079513_sector69.npy,0.32114883305708897
0.0003734285383762677,0.003196198183510468,0.0003842466426985839,0.9994128172060451,1.0005971375418488,-0.14232104150501595,0.16123156300798902,260659557,68,TIC260659557_sector68.npy,0.3211488198900294
0.0004018672921049404,0.00346538643250327,0.00042110424729322013,0.9993935133353041,1.0007512442765452,0.2443642373839169,0.8026418053609072,350522196,8,TIC350522196_sector8.npy,0.3211485663348848
0.0006963321139565354,0.006839337584343519,0.0006566241778568672,0.9989579223735294,1.0012611313880313,0.011873688221137753,0.7804245894811288,167523976,3,TIC167523976_sector3.npy,0.321144142372662
0.0007037190817564844,0.005870181178818545,0.0007580282668218442,0.9988863305644115,1.0011545674868514,0.1650382492972699,0.7565005642315854,350742475,61,TIC350742475_sector61.npy,0.3211416498457338
0.00029913621523087975,0.0023926675750036708,0.00033183163799483946,0.999539315762876,1.000500531377967,0.15422444689206669,0.868099117013005,278730120,39,TIC278730120_sector39.npy,0.32114042252829544
0.0006432004470075508,0.004762882274747304,0.00046616345102118526,0.9988755265507592,1.0010642840840247,-0.08707966248112045,0.2461591218651007,293268667,65,TIC293268667_sector65.npy,0.32114038727675837
0.00056953020823018,0.004102237593339608,0.0006233409817778465,0.9990628835277295,1.0009512684212232,0.04728143346592466,0.06311487251776748,278730120,87,TIC278730120_sector87.npy,0.32113944369255826
0.0005158775649944892,0.004267037093246606,0.0005664785468278673,0.9992227097234795,1.00086375054698,0.252935286923224,0.6914952585042626,150030205,9,TIC150030205_sector9.npy,0.32113773468627116
0.00034788965070783347,0.002348409642266236,0.0003460765740083324,0.9993864916889736,1.0005553438395458,0.1030982949221468,0.08011312040762464,278899461,4,TIC278899461_sector4.npy,0.3211352836204433
0.0007089995596660371,0.0065189354928247845,0.0007800760254832425,0.9988676194064217,1.0011848361851112,0.17617173914002413,0.8643070420146812,350862394,30,TIC350862394_sector30.npy,0.32113256899951614
0.0004694789205516335,0.004334644236718588,0.0005135214045142889,0.99923659254207,1.0007720582910167,0.1099257272323924,0.30156323606470004,260655847,63,TIC260655847_sector63.npy,0.3211304473246718
0.000583783051854938,0.005205969545414635,0.0005969441220906541,0.9989285292843096,1.00089629359154,0.050761106326819905,0.7110208498228001,278683844,8,TIC278683844_sector8.npy,0.32112974143840234
0.000651246480319666,0.004569507747434809,0.00044767723883102457,0.9989152580550013,1.0010498232353338,-0.1472480685200043,0.06979755019182399,293268667,3,TIC293268667_sector3.npy,0.32112950885632374
0.00036303682049853723,0.0032481672544626417,0.00038971958037066197,0.999408574867693,1.000604435339459,0.22428810011191333,1.1301933609337098,149971828,3,TIC149971828_sector3.npy,0.32112916156935023
0.00036694088898052673,0.0033088528328965028,0.000390248020137207,0.9994096006205794,1.0006122962046726,0.1864596844571777,1.082853803392121,350742475,36,TIC350742475_sector36.npy,0.32112916156935023
0.00042038500499612695,0.0032447719287487242,0.000472561018997106,0.9993408329356662,1.0007199108146847,0.23913349689150773,0.3543301347483494,177252842,63,TIC177252842_sector63.npy,0.32112423907768706
0.00047196342083937257,0.003633682940718863,0.0004568101861117945,0.9992734423167149,1.0007993945640146,-0.0812070955949645,0.3162354422387006,260042834,98,TIC260042834_sector98.npy,0.32112098652286825
0.0003611995114366257,0.002786028955201081,0.0003879661597247358,0.9994463752057805,1.000606190254611,0.2287724897594628,0.35062142270237207,260659557,1,TIC260659557_sector1.npy,0.32111874440221466
0.0005327339802926341,0.0042241434995975435,0.0005602650597668925,0.9991421796569806,1.0008618512386842,0.1876375812099472,0.21767218063549354,150030205,4,TIC150030205_sector4.npy,0.3211178951266124
0.0006438180343838581,0.00482311872766461,0.0006427317195675382,0.9989818371867696,1.0011412376856232,-0.032282996489136254,0.3304392977287809,141809220,69,TIC141809220_sector69.npy,0.32111667035813046
0.0003504275610227367,0.0031860207224864157,0.0003734135311443283,0.9994514605858537,1.0005698491137305,0.1709719037562196,0.9178975655137576,260002453,5,TIC260002453_sector5.npy,0.3211096049783048
0.00072014479311994,0.004935992290802549,0.0007036276049232476,0.9988331288900107,1.001211968444698,0.1818924417465664,0.1754666223113368,348839788,12,TIC348839788_sector12.npy,0.32110916864536737
0.00040736572252989266,0.0034765014634615676,0.00038849375984320816,0.9993442477235017,1.0006426865715672,-0.04568027322728786,1.0610420047920668,149121385,1,TIC149121385_sector1.npy,0.32110740663080406
0.00047586985405067374,0.003475396104362094,0.0005173428070625947,0.999217546493423,1.0007703975085995,0.030790398380176286,0.23677826895462228,177252842,12,TIC177252842_sector12.npy,0.32110595477826337
0.00070999824267723,0.0056400813830024266,0.0007609326294892972,0.9987958172343615,1.0011509101313338,0.024004042078427063,0.42714410676091497,350822079,61,TIC350822079_sector61.npy,0.32109916452833975
0.0006989269657740793,0.0061622115441382075,0.0007665815566553477,0.9988687726161898,1.0011456863415618,0.20120683083353397,0.6756388380590344,149121385,65,TIC149121385_sector65.npy,0.3210988470617811
0.0007246717661697127,0.005392136466162434,0.0007099104984424697,0.9987006453798803,1.001117766747772,0.002770274641549129,0.0950107533082094,167523976,31,TIC167523976_sector31.npy,0.3210922916969691
0.00034969945060312694,0.0026600304769452965,0.00038415266157527494,0.9994256645273575,1.0005897303811706,-0.027922574254230705,0.20944619487416016,350742475,89,TIC350742475_sector89.npy,0.3210867735952454
0.0003579171798060883,0.0025099759722549964,0.000388807602436665,0.9994254664886152,1.00058771536961,-0.043774212123449646,0.22258533427541982,149971828,62,TIC149971828_sector62.npy,0.3210867735952454
0.0007092677344026719,0.005119376627051642,0.0007358752202731608,0.9988098462483226,1.0011396871813831,0.17890428403455966,0.3058945608382002,350742475,69,TIC350742475_sector69.npy,0.32108556988850767
0.0007014139804831848,0.005620668637436821,0.0007652665778342682,0.9988750370112469,1.0011644761897105,0.07584228862768605,0.2470855319334886,149121385,90,TIC149121385_sector90.npy,0.3210837472624074
0.0005300573420494049,0.0038636559585184527,0.0005632259777037407,0.9991589535468508,1.0008861784231755,0.05657759615846932,0.2257657778590798,260043481,61,TIC260043481_sector61.npy,0.32108203965535914
0.0005862281645556425,0.0040348084935651896,0.0006331305455907926,0.9990406120495291,1.000987943546818,0.1843008345563057,0.3469492346077696,260708537,35,TIC260708537_sector35.npy,0.32107652238092926
0.0007087398677317813,0.005467325280743451,0.0007896316876659565,0.9988657629076294,1.0011987653920227,0.2075845219992979,0.3030503737713439,375059587,33,TIC375059587_sector33.npy,0.3210741876403982
0.00035405010730974796,0.0023300405613894126,0.00033479383203806806,0.9994211108815196,1.000578233146677,0.06895220673251425,0.09448453503357657,141865875,4,TIC141865875_sector4.npy,0.321069727267538
0.0005744802216379105,0.004572210145459055,0.0005627415337510506,0.999069908351339,1.0009788538751483,0.1860206246060436,0.3847834070289764,141911519,6,TIC141911519_sector6.npy,0.321069057908441
0.0007299727775321344,0.005492897337612934,0.0008078364973189239,0.9988093001629591,1.0011324431509716,0.14391555843877488,0.2113525600406172,350822079,31,TIC350822079_sector31.npy,0.3210636689151731
0.000724026727360361,0.00579817769122748,0.0007497637089644032,0.9988811117719629,1.0011890306188358,0.010272834612705107,0.14772701758780737,140997242,95,TIC140997242_sector95.npy,0.32105891981255935
0.00036751478003619725,0.002824196654374944,0.00034725555438100343,0.9993506647362477,1.0005734496730618,0.17411427849027303,0.2077956178074758,278865342,3,TIC278865342_sector3.npy,0.3210572962079501
0.0007440108857356658,0.005190069565122468,0.0007935446529820591,0.99883626239533,1.0012092300147137,0.10257295228066392,0.17826500592685912,350822079,7,TIC350822079_sector7.npy,0.32105269544574894
0.0006554489584466289,0.005118255544834915,0.0007044802545865943,0.9990122528301436,1.0010988310826376,0.21249161196897137,0.4168137712085027,260127606,32,TIC260127606_sector32.npy,0.32105208967371607
0.00034830534229867777,0.002627300174758984,0.00033687255345595456,0.9994101428798291,1.0005714659284572,0.0460223818076168,0.2973179884011392,141865875,7,TIC141865875_sector7.npy,0.32104705407180173
0.0003439611971304605,0.002665055389249882,0.00034246869831559764,0.9994383874393707,1.0005795379472402,-0.03053279226894141,0.18238437606236424,278865342,66,TIC278865342_sector66.npy,0.32104006765597437
0.00033641767405998853,0.0027312594904107534,0.000347142374210656,0.9994664263937735,1.00056643544695,0.15999095629314283,0.7111988799606852,278899461,10,TIC278899461_sector10.npy,0.32103718533588194
0.00033670319618754884,0.0027367585193537325,0.0003585742255991678,0.9994747986026802,1.0005592242281043,0.14706451323511308,0.6334431409009875,278899461,9,TIC278899461_sector9.npy,0.32103718533588194
0.0007249055870805373,0.00506146210558478,0.0007959369853780009,0.9988215618031875,1.0012238601936185,0.15502122054730225,0.16225772399479155,350822079,2,TIC350822079_sector2.npy,0.3210328003959624
0.0007209032443305047,0.004969434730249689,0.0008113074129176387,0.9988244295053051,1.0011747084214881,0.11816498558058332,0.1298287978149819,278776865,38,TIC278776865_sector38.npy,0.3210297036817678
0.000345147473484592,0.0023767672040910792,0.0003440491269146508,0.9994336427942889,1.000571431998262,0.1572040856360151,0.018082175012430035,141865875,33,TIC141865875_sector33.npy,0.32102496548554516
0.0006958151897815175,0.005827459495373222,0.0007799927932717557,0.9988870504422929,1.0011154288208521,0.020688967009833182,0.7079294043024631,141770198,65,TIC141770198_sector65.npy,0.3210177391449532
0.0003705983094148964,0.002744544251402692,0.0004062861916486156,0.9993783452725391,1.0005900780363004,-0.07869076590112298,0.2301108301146244,141910606,67,TIC141910606_sector67.npy,0.32101500828499135
0.000367072477853942,0.002357461656879445,0.0003489070435211872,0.9994278502365106,1.000623932033293,0.21916059633154078,0.1411941363011726,141865875,28,TIC141865875_sector28.npy,0.32101149187469463
0.000335059692058144,0.0028263952516119906,0.00036613316986672516,0.9994843336224409,1.0005640685953705,0.08179075831768039,0.39768398231134405,141770198,32,TIC141770198_sector32.npy,0.32100531911187935
0.0007481646867391733,0.005566793082949939,0.0007895514687586332,0.9988197801439463,1.0011970067126985,0.16910444231542573,0.4508069043666727,278776865,13,TIC278776865_sector13.npy,0.32100368981490285
0.0005595426060569228,0.0042750068135166686,0.0005497829129374627,0.9991602625316406,1.000989263632977,0.1734076490468313,0.5125125442455087,141911519,34,TIC141911519_sector34.npy,0.32100137087167946
0.0003347972819794633,0.0026816632725384926,0.00036887497911575965,0.9994706852193156,1.0005489148675508,0.08338106569244051,0.5075788067147231,260079513,8,TIC260079513_sector8.npy,0.32100126374469085
0.0006939492941726774,0.004926202361795307,0.0006316900799875902,0.9988637487292722,1.0011345162240621,0.13818837349940918,0.08163591472529275,348839788,6,TIC348839788_sector6.npy,0.3209885750303313
0.00069360855809733,0.0044606894714909195,0.0007210438230792836,0.9987315310881134,1.0011082800501079,0.019780868509190887,0.02641856345551563,260127606,61,TIC260127606_sector61.npy,0.32098853900553015
0.00037322242466684416,0.00324042247419587,0.00041574000502318044,0.9993966582108251,1.0006337122669278,0.24676815910567865,0.6284868446019085,149971828,5,TIC149971828_sector5.npy,0.3209858239989952
0.00037760515092181475,0.003173251314266934,0.0003706917959581986,0.9994303438128758,1.000644984044447,0.2568278341625262,0.47274287904946144,350522196,88,TIC350522196_sector88.npy,0.32098478945911174
0.0006481478830912106,0.004970837124218308,0.000704010056816877,0.9989491655559419,1.0010979830690117,0.03339247568779266,0.22571576178898622,260079513,94,TIC260079513_sector94.npy,0.32098402358948297
0.00041286102521289047,0.0036330593347408957,0.000433635752960576,0.9993361924425904,1.0006754308423378,0.25293963484553694,0.710685265482041,260042834,94,TIC260042834_sector94.npy,0.3209831688751317
0.0003429984857240261,0.002499973416345447,0.00034280699063002026,0.9994009456014725,1.0005617139382046,0.018926737564246714,0.11044815371516492,260041674,97,TIC260041674_sector97.npy,0.32098157359678364
0.00032382032429415804,0.002880948033522235,0.0003500754295031439,0.9994739903616114,1.0005299955463447,0.08175795680158253,0.43721811151371437,260002453,95,TIC260002453_sector95.npy,0.3209809940528204
0.0005927048327048459,0.00490289001212596,0.0005810463120134543,0.999049365620914,1.0009430416038623,0.16864633773074675,0.4125063840273837,141911519,12,TIC141911519_sector12.npy,0.32097527708682444
0.000682527425963108,0.0060848421831952715,0.0007483506505236274,0.9989036639574133,1.001102091600312,0.2135243985228879,1.004099871100248,260079513,33,TIC260079513_sector33.npy,0.3209713543184956
0.0005473873587685883,0.005069810984332124,0.0005446270114158518,0.9990958690984195,1.0008505959761225,0.04060920227201382,0.5948638467828569,141911519,2,TIC141911519_sector2.npy,0.32096980905181294
0.0007132902493813879,0.005308926505610878,0.0007959779738849024,0.9988630147540186,1.0011490144006152,0.027762008155573586,0.14016940536417044,140997242,68,TIC140997242_sector68.npy,0.3209656339354626
0.0007423417700029866,0.0052625652479343366,0.000799374959236281,0.998840083118103,1.0012409910441225,0.13488135610354005,0.14038521015269678,375059587,5,TIC375059587_sector5.npy,0.3209634902425763
0.0005515788578630152,0.004426226729811855,0.0005998821777940745,0.999104238138303,1.0008580837253311,0.1817350363260364,0.7755673766959039,350842552,34,TIC350842552_sector34.npy,0.32095977521059954
0.0005344733470291315,0.0036273212994836213,0.0005713169846144381,0.9991428294701753,1.000871216284681,0.09619560698130789,-0.09492443498533376,260043481,96,TIC260043481_sector96.npy,0.320957947960828
0.0005888627486312437,0.004669523137808995,0.000645089364748317,0.9990632666758467,1.0009875853663166,0.1666415509291814,0.3045711429211235,260708537,6,TIC260708537_sector6.npy,0.3209572762588612
0.0007421123857396331,0.007043005067435937,0.0007853865390885044,0.9988074560461602,1.0011925983667864,0.03501696472367567,0.45180536825158146,350822079,64,TIC350822079_sector64.npy,0.3209572454747862
0.0005414677440119384,0.00408785618694496,0.0005367620378161331,0.9991281449836079,1.0010042732182973,0.12473530215262381,0.08395919221601522,350842552,67,TIC350842552_sector67.npy,0.3209563071809414
0.0006756106787442517,0.006752429433769747,0.0007251210419998027,0.9989431385631029,1.0011323751854484,0.16962782191027734,0.9711846827663777,278777070,33,TIC278777070_sector33.npy,0.3209527571975593
0.0006570861492904905,0.005148931895163411,0.0004749149326734031,0.9988754004943076,1.0009902396525652,-0.05995934241459162,0.3391515477412219,293268667,67,TIC293268667_sector67.npy,0.3209500340247885
0.0006776257138902691,0.004729237344019754,0.0004725477012996705,0.9988552453907958,1.0010855074436356,-0.1137724053519896,0.012918349360998338,293268667,37,TIC293268667_sector37.npy,0.3209497944802452
0.0006479016694829813,0.0043808874590755,0.0006505513528768629,0.9989597848014988,1.0011089188962097,0.14772721017444546,0.2360854784246178,167523976,10,TIC167523976_sector10.npy,0.3209424214173759
0.0006576649058684654,0.005179897772338404,0.0007061161858464865,0.9989181425854169,1.0010394696168292,-0.11519322241433808,0.09068836039838457,260127606,68,TIC260127606_sector68.npy,0.3209376126978601
0.0005491215259129169,0.005004844283481247,0.0005908040109390581,0.9991405500726597,1.0009214692706094,0.20673207382259526,0.659069043744533,350842552,39,TIC350842552_sector39.npy,0.3209368500654571
0.00037581042912992205,0.0028980234416788875,0.00040218153311932884,0.9993979761134957,1.0006093929269315,-0.09986682107113407,0.07614086650572327,149971828,87,TIC149971828_sector87.npy,0.32093418465935214
0.00034375451692621883,0.002425883822720132,0.00034902235301451334,0.9994407462786447,1.000566097674595,-0.006853612431451639,0.08257035703776028,278865342,68,TIC278865342_sector68.npy,0.32093404171524786
0.00035828357638699384,0.0025521593047530544,0.00036901168443734136,0.9994093634166457,1.000567817292089,-0.0702413181558178,0.06983248461053781,278865342,89,TIC278865342_sector89.npy,0.32093404171524786
0.0003443658438111382,0.002523848762316927,0.00036606617623536415,0.9994359103070163,1.000562008559541,-0.005806327754711957,0.18870749237839313,278683664,65,TIC278683664_sector65.npy,0.32093404171524786
0.0003549268091747822,0.0024322373111931306,0.0003501385167869682,0.9993517843028842,1.0005559136000048,-0.04622321695573165,0.0986158515018074,149971828,65,TIC149971828_sector65.npy,0.32093404171524786
0.0006253175271488029,0.005094037685166031,0.0006779910456967861,0.9989900613009758,1.0010292797287823,0.22022777292767648,0.39588643295071746,278730120,65,TIC278730120_sector65.npy,0.32093348383452625
0.0007384113225182383,0.0060671454212607445,0.0007392129043516672,0.9988089428065282,1.0012715552935565,0.12925350645442082,0.7652318960890221,278777070,94,TIC278777070_sector94.npy,0.32093107590474396
0.0007170581266223505,0.005553841665168369,0.0007895527310158129,0.9988843894560414,1.0011788456802695,0.21810686869846238,0.5673535074195639,375059587,31,TIC375059587_sector31.npy,0.3209309055843339
0.0005967933638854939,0.004216467952073866,0.000621539458220295,0.9990818923918112,1.000960239646655,0.10605816711868304,0.1531130573622841,261417533,87,TIC261417533_sector87.npy,0.32093046203892023
0.0005011560555018791,0.0041592788082057686,0.00041309363154544285,0.9991943860246786,1.0008031346289599,-0.11147293446226499,0.6032853476399449,260128701,61,TIC260128701_sector61.npy,0.32092836912735173
0.000419646889732419,0.0027104846534217186,0.00032167191601488123,0.999308713374169,1.0006889634660152,0.08002727666617393,-0.18906328202669176,374912345,69,TIC374912345_sector69.npy,0.32092455080660204
0.00046707443292564037,0.003428235766891663,0.00048745756184367104,0.9992644666381655,1.000787519949778,0.1978820754658096,0.1940541757376142,350343922,38,TIC350343922_sector38.npy,0.3209184714612468
0.0005364065726010396,0.0037077782622643163,0.0005723641872079966,0.9991668271642145,1.0008915775374019,0.10435895864943937,0.312791292494603,350842552,6,TIC350842552_sector6.npy,0.32091556283680184
0.0005834252148809718,0.004389743928433942,0.0005943939282017325,0.9990846347506114,1.0010056638103229,0.017290544911428292,-0.0058414199812153456,350842552,1,TIC350842552_sector1.npy,0.32091373376919896
0.000704658889830621,0.005583006302122384,0.0007554955034191598,0.9988583466964501,1.0011255831977182,0.19954250912972304,0.6545103524825397,141770198,61,TIC141770198_sector61.npy,0.3209127639553556
0.00033452914536995,0.0026976471569917226,0.0003545632891165621,0.999459065803706,1.0005422800603727,0.08110481181832509,0.42267104055290217,260002453,29,TIC260002453_sector29.npy,0.3209112644329785
0.0006929624961463082,0.006665401608338617,0.000762061110474421,0.9988644660911858,1.0011359701200084,0.15451723764135203,0.7883217538852048,350444342,64,TIC350444342_sector64.npy,0.32091110646857646
0.0007076454002184087,0.005658249127737269,0.0007558938704579841,0.9988766481144995,1.0011755548742227,0.19190136966281335,0.5476118974322373,278776865,32,TIC278776865_sector32.npy,0.3209105815590868
0.0007249586303936681,0.006048597690525903,0.0007797561596566801,0.9988528590068605,1.0012608948673538,0.08115720837718039,0.47712161603314307,140997242,93,TIC140997242_sector93.npy,0.320904727630517
0.00037692155105391843,0.002811612981484357,0.00031740043564010837,0.9993850226476502,1.0006381056891798,-0.041814312284331905,0.17458400895144743,374912345,66,TIC374912345_sector66.npy,0.32089765246436375
0.0006118562627276225,0.004013065019928486,0.0006947183595716118,0.9989604319504068,1.0009951488318845,-0.0578747248612225,-0.011360996845318105,149269178,64,TIC149269178_sector64.npy,0.3208934621594099
0.00041791294267718826,0.0028453428880976794,0.00040205630746658976,0.9992590326707347,1.0006793984998588,-0.06318971132481403,0.08103664301930413,260659557,67,TIC260659557_sector67.npy,0.3208933267301559
0.0006292208032646961,0.0060476767171533385,0.000660466685075762,0.9989703542038358,1.0009899229844044,0.14981667299604837,0.9086162575573322,261417533,68,TIC261417533_sector68.npy,0.3208926341721993
0.0007080439411671737,0.006065753367498705,0.0007614546383788717,0.998920220765949,1.0011905090870843,0.063274447776501,0.4272199000066501,149269178,9,TIC149269178_sector9.npy,0.3208914530018029
0.0006663712830164751,0.0051194804787044745,0.0007438011329423119,0.9988964948296766,1.0010836004915362,-0.03525668352307243,0.4160230858759322,260708537,13,TIC260708537_sector13.npy,0.32089003237318875
0.0006732209938667699,0.005309316028412447,0.000721569540426127,0.9989685317900007,1.0011215373295863,0.22194275555435228,0.37849208407339985,260079513,27,TIC260079513_sector27.npy,0.32088278919628044
0.0003389240400526963,0.0031003868254255718,0.0003718905148472635,0.9994677566160252,1.000576478125901,0.16882944516491213,0.5793420869372374,278899461,89,TIC278899461_sector89.npy,0.32087875702153756
0.000553897092708153,0.004294414010604486,0.0005630410159654476,0.9990998990700143,1.0009335521662235,0.12234821451014856,0.5381694812033988,141911519,11,TIC141911519_sector11.npy,0.3208780849723549
0.0007354891951651758,0.0060759585970927565,0.0008259111179241037,0.9988634179162313,1.0012264639261363,0.2177349490282206,0.4624866606652769,140997242,64,TIC140997242_sector64.npy,0.3208745536103408
0.000550718354379776,0.003949988608139443,0.0005941982179910629,0.9991039444976239,1.0009146381070315,0.11628778542230545,0.21681269872244258,278683844,2,TIC278683844_sector2.npy,0.32087370177922075
0.0007016360402147862,0.006574403499960746,0.000755319721747998,0.9989030498641815,1.0012025418502046,0.14848101311684156,0.8083093902206753,350444342,97,TIC350444342_sector97.npy,0.32087118093549577
0.00034284513548801863,0.0025741935019971685,0.0003792264816713678,0.999461322515172,1.0005791864333555,0.024324161353882445,0.2076744972679565,149971828,2,TIC149971828_sector2.npy,0.32086822327310877
0.0007578021998017624,0.006303331885161745,0.0008135036865005553,0.9988249071973999,1.0012482632452873,0.11499044519514134,0.5708403156245545,149302552,36,TIC149302552_sector36.npy,0.3208680976824635
0.00036307339659925544,0.0025775047814970975,0.0003439477814127438,0.9993974783811925,1.0006042714140266,0.01687638663846302,-0.074495017203978,141865875,93,TIC141865875_sector93.npy,0.3208628783448537
0.0007356925481213867,0.0060885526964498116,0.0008080615386009443,0.9988639936804478,1.0012141588066412,0.2109049930597692,0.7804659245031647,350742475,64,TIC350742475_sector64.npy,0.32086247276150576
0.0004602586995982908,0.004104882239649332,0.0005065481013781673,0.9992486153342355,1.000736031276725,0.17344102642111128,0.6312499636017086,177252842,30,TIC177252842_sector30.npy,0.32086163844071175
0.0005961366177333055,0.005251510716358099,0.000660464203741295,0.9990162281732977,1.0009291663232311,-0.13202784233859113,0.70105375506277,261417533,88,TIC261417533_sector88.npy,0.32085755498445706
0.000665510820041058,0.00472370217452267,0.00047892195066803615,0.9988847039081721,1.0010707401950203,-0.10143443381647889,0.17937479536370216,293268667,6,TIC293268667_sector6.npy,0.3208574626404317
0.0007195350275025448,0.005882714621359475,0.0007722699892208675,0.9988238160514735,1.001158973650919,0.06486069283068165,0.5171935079699885,260708537,39,TIC260708537_sector39.npy,0.32085571269783764
0.0003458940321525608,0.0025927013984338165,0.00037313587722230366,0.9994336091332194,1.000568126006869,0.22009299997501316,0.5022066423529026,260002453,39,TIC260002453_sector39.npy,0.3208544074893089
0.0005317764774550713,0.003790063650021658,0.0005880273908169096,0.9990946440865115,1.0008534825600048,0.0760885335314612,0.08499125904319493,350842552,89,TIC350842552_sector89.npy,0.3208535668840634
0.000696591650511075,0.0056144617083933035,0.0007575790719409705,0.9988708663597806,1.0011138380203048,0.1697658931797661,0.5730199057907734,260002453,34,TIC260002453_sector34.npy,0.3208503672275134
0.0004128734175600598,0.00350510832959805,0.0004136138930538708,0.9993428244568713,1.000692017176335,-0.10113246859308132,0.5421940180417182,260659557,97,TIC260659557_sector97.npy,0.3208398067868273
0.0007018152474858496,0.005707964859618664,0.0007530081644553228,0.9989320334739291,1.0011471663382117,0.20315772055488035,0.32946915383745123,350862394,35,TIC350862394_sector35.npy,0.3208363022043604
0.0007115609633589742,0.006199857618126359,0.000719389840334998,0.9987194118542323,1.0010853089113032,0.03468757650289125,0.7524287278909645,260079513,34,TIC260079513_sector34.npy,0.32083154996826424
0.0004598386516019435,0.003296059938058926,0.0004996195843708321,0.9992919678076109,1.0007821630904234,0.04775993737923439,0.3435536057877866,177252842,34,TIC177252842_sector34.npy,0.32082451868866796
0.000728387336496139,0.0069602840404803246,0.0007739976796532009,0.9988299431869975,1.0011302088946596,0.13143892828921014,0.844100788823857,350822079,4,TIC350822079_sector4.npy,0.32082412717405395
0.0006769765297522685,0.004914808804803994,0.0007315470445869061,0.9989519338208704,1.0011903720210458,0.18705580549595008,0.5331727684183734,260127606,66,TIC260127606_sector66.npy,0.32082152911584655
0.0007141772612527198,0.005561025659445495,0.0007262254278104658,0.9989190924394817,1.0012225220182638,0.19658687109002237,0.5242051147517408,149121385,61,TIC149121385_sector61.npy,0.3208176042061652
0.0003701388886567644,0.002903727572502013,0.00038854536159723784,0.9994021585001174,1.0006053853314383,0.23762128635406043,0.36218535257286044,260659557,90,TIC260659557_sector90.npy,0.3208110324168765
0.0007221218069501863,0.005051667904429791,0.0007957449461998684,0.9988202586626778,1.0011868105470891,0.12144919917876404,0.1812137900252453,375059587,1,TIC375059587_sector1.npy,0.3208103823156609
0.0003395323890514892,0.002600128784003952,0.00037155485315148627,0.9994725427644678,1.0005898321948339,0.1724367070942891,0.5907322742726206,141770198,31,TIC141770198_sector31.npy,0.3208091411170506
0.0006102599533142904,0.0048677198759909945,0.0006369306345715773,0.9990521244276314,1.0010400230353464,-0.0003373330329527588,0.20531098217668475,350842552,27,TIC350842552_sector27.npy,0.3208080026903136
0.000683566157454282,0.004248501001963723,0.0006585203984598784,0.9988680034737525,1.0011004511099415,0.1665140605109902,0.37500262100207316,260708537,98,TIC260708537_sector98.npy,0.3208077286460884
0.0007380920875155146,0.00587546008821338,0.0008091785329786579,0.9987844740449935,1.0011955644363186,0.05675991598719543,0.4637078201991298,149302552,62,TIC149302552_sector62.npy,0.3208074714312796
0.0007735001718656167,0.006871977341764812,0.0008171722589744326,0.9987992478345753,1.0012362210234442,0.12859676038202994,0.6899985514129394,140997242,27,TIC140997242_sector27.npy,0.3208065163097495
0.0007379963207256215,0.0057303797788543775,0.0007861939241881385,0.9988401365280694,1.0012054407205557,0.08859061840170336,0.9204387529382454,149269178,13,TIC149269178_sector13.npy,0.3208056951305691
0.0005465803656395329,0.004168299779613416,0.0005487393183903411,0.9991003968988785,1.0008770218837484,0.05122432358611646,0.35178266196253327,141911519,67,TIC141911519_sector67.npy,0.3207949335802915
0.0005382315956913305,0.0037546792505848137,0.0005497486865935978,0.9991794301559832,1.0009044818393018,0.03746666523290408,0.14142914622507785,350842552,68,TIC350842552_sector68.npy,0.32078372509266084
0.0006042406729668002,0.005389377934442385,0.00061139340884842,0.9989943111392227,1.0010206423435697,0.2158072260526378,0.6799439380539196,350842552,30,TIC350842552_sector30.npy,0.32078370173766524
0.0007327538370162173,0.00661919787305143,0.0007776472807965537,0.9988273514377982,1.0012252426110466,0.08731403812320603,0.726904616582956,350822079,67,TIC350822079_sector67.npy,0.32077851883691694
0.0003466921706384395,0.002406144508941388,0.0003405937966007752,0.9994191108057443,1.0005777953182413,-0.0024769494121862036,0.09127407943537857,141865875,68,TIC141865875_sector68.npy,0.32077715659063544
0.00037464719914447086,0.0024404596794990185,0.0003895597749809209,0.9994133754583853,1.0006638801899042,0.14287506069711958,-0.20014825642082767,350742475,8,TIC350742475_sector8.npy,0.32077283727102335
0.0007225653432312244,0.006072538058475407,0.0007316829340055595,0.9988241691657265,1.001178579445022,0.15608148640604047,0.749812781519251,278776865,63,TIC278776865_sector63.npy,0.32076718054772674
0.0006320578191711823,0.004948916414989735,0.000665055863514734,0.9990138944423739,1.0010513599102566,0.1630355184667163,0.2830076772518475,260708537,29,TIC260708537_sector29.npy,0.3207647343342701
0.0006420958308377596,0.004589563455621115,0.0006886924145860619,0.999037907542487,1.001094235534357,0.1915641230007742,0.2821096543388104,350862394,95,TIC350862394_sector95.npy,0.32075877909227485
0.0005909815908528676,0.004213043787602233,0.0006435658267351169,0.9990585965912264,1.0009657830968928,0.02091843974990738,0.3247970621446603,261417533,89,TIC261417533_sector89.npy,0.32075588375344205
0.0004231023984959893,0.004359312982245567,0.0004388794779482108,0.9992773225272935,1.000662214407976,0.1285864634838098,1.176045497318329,141910606,95,TIC141910606_sector95.npy,0.3207545459633649
0.0005396596281948403,0.0038974447858847183,0.000512653504666117,0.9991027671551558,1.000870969952479,-0.033487582241227234,0.017352504543830083,141911519,3,TIC141911519_sector3.npy,0.3207528051751924
0.0003967261529033607,0.0028722039386710474,0.0004148868365668346,0.9993253136677145,1.000609485374615,-0.08180943383946103,0.08395564322264537,141910606,93,TIC141910606_sector93.npy,0.32075245761363624
0.00033854584455181937,0.0030071102876865208,0.00036430049618649653,0.9994542172826104,1.0005675392380182,0.08518917037637679,0.8202318741275287,141770198,1,TIC141770198_sector1.npy,0.32075114274050737
0.0004986236081444694,0.0037559932541346708,0.0005410975667334157,0.9991570751695047,1.0008393868747096,0.008625028502304968,0.31324568090213756,150030205,3,TIC150030205_sector3.npy,0.3207492804716863
0.0007245361586494398,0.006008807233621516,0.0007480533737591362,0.9988543637427845,1.0012123552259942,0.10519242943102823,0.38018249580324825,260002453,97,TIC260002453_sector97.npy,0.3207448058420081
0.0006857690902140872,0.005372944526227275,0.00047921218067652416,0.9988190584700731,1.001086054504954,-0.08248170039793425,0.3543137080364156,293268667,36,TIC293268667_sector36.npy,0.3207439851373748
0.00033661169971594676,0.002756909655937001,0.0003601335228738503,0.9994568907545894,1.000567096963592,0.0784325831985439,0.4462973729148234,149971828,67,TIC149971828_sector67.npy,0.3207413840722889
0.00034974778786464177,0.002713497629217576,0.00038845903304015304,0.9994386033905113,1.000567255643372,-0.019082201967365736,0.6273899244006866,350522196,6,TIC350522196_sector6.npy,0.3207377603735444
0.00045576253124512343,0.003768246837181577,0.0005115331665320308,0.9992635915045605,1.000729235325123,0.06498524419388765,0.6169626008411142,177252842,39,TIC177252842_sector39.npy,0.32073629015639155
0.00034955717527732164,0.0027053852493362784,0.00036416744508269334,0.9994296642745268,1.0005671713484938,-0.030036858111829597,0.45979130465125184,350742475,88,TIC350742475_sector88.npy,0.32073557916740325
0.0005818980033106156,0.0046867631708226165,0.0005738241565454951,0.9990928801902016,1.0010067872346124,0.05911235969536328,-0.023240239808220764,350842552,11,TIC350842552_sector11.npy,0.3207329588554134
0.0005953798623351102,0.00427495954777557,0.00060919189786817,0.9990456673451955,1.0009362735845164,-0.05401196724651616,0.3451094109018187,278683844,98,TIC278683844_sector98.npy,0.32073051717936146
0.0005294729864380443,0.004453001429676751,0.0005668843527773256,0.9991650594180104,1.0008832857917425,0.10278868209670625,0.2727327721028212,350842552,32,TIC350842552_sector32.npy,0.32071991874588246
0.0003533074478760355,0.002628610663292008,0.0003473883743023446,0.9994305393721358,1.0005706056466674,0.06803642522839812,0.19963793811523045,278865342,88,TIC278865342_sector88.npy,0.320710842058107
0.0006526412316104978,0.004909787337364913,0.0007032639097402241,0.9989344553092417,1.001104825047633,-0.06816537429703233,0.26948220022788405,350862394,32,TIC350862394_sector32.npy,0.3207059026578942
0.0006964084188466063,0.004841494225964693,0.0007404789851839202,0.9989001273462284,1.0012410097396567,0.17767282319116642,0.08154461501467747,260079513,38,TIC260079513_sector38.npy,0.3207057306183194
0.0003606505431892902,0.0024160885417794375,0.0003400236918419943,0.9994316365785154,1.0005998519121575,0.06799057640773432,-0.09336087525508274,141865875,69,TIC141865875_sector69.npy,0.32070549975146184
0.0003492665405248892,0.0026086691775991655,0.00037271294988095073,0.9994647060417718,1.0005913231135117,0.1984132475043456,0.523343181391756,350742475,32,TIC350742475_sector32.npy,0.32070228540858897
0.0004346067824659846,0.0032588464729330635,0.00040918367391563275,0.9993093851269794,1.0006860062069982,-0.08403648250504213,0.07355327002483314,149121385,11,TIC149121385_sector11.npy,0.32069200441231555
0.0005557070164303414,0.0039660508234221625,0.0005918216737560494,0.9991155829366375,1.0008763747565905,0.061926301065714034,0.29255448357705216,150030205,30,TIC150030205_sector30.npy,0.320689300517263
0.0003398846194926799,0.002632273599682655,0.00036888643604149655,0.9994739584430901,1.000594082232982,0.22443347232651606,0.6803476631347989,278899461,13,TIC278899461_sector13.npy,0.32068632978577044
0.00035585170052872527,0.002610874351160586,0.0003863495150491927,0.9994435534988597,1.0006258421432979,0.20293102524947518,0.39767353349800105,350742475,33,TIC350742475_sector33.npy,0.3206848983027705
0.0004670761119148451,0.003502627022530902,0.00045785351972936136,0.9992437424782711,1.0007217961467902,-0.0995902553297332,0.8661807991796295,350299588,8,TIC350299588_sector8.npy,0.32068477946294843
0.0003730539474796691,0.002648658198534548,0.0003939049843887402,0.9994095828461583,1.0005960543365866,0.01830180854859852,0.31544251282284863,350742475,37,TIC350742475_sector37.npy,0.3206832597640064
0.0004564405362952445,0.00448855906570933,0.0004243961722336101,0.9993093637735508,1.0007674442969128,0.05704110593788643,1.363768845223177,260128701,10,TIC260128701_sector10.npy,0.32068287884815544
0.000543690856127932,0.0044023416552413375,0.0005744051997641109,0.9990934855390516,1.000885072414591,0.11614330923554107,0.3227959053900795,350842552,61,TIC350842552_sector61.npy,0.3206824697184844
0.0005548162515600218,0.004491100125228242,0.0005597443613555746,0.9990876575873685,1.000908008325527,0.09419303055667114,0.30718870171495416,141911519,65,TIC141911519_sector65.npy,0.3206824697184844
0.0005724602013566533,0.004777625813814357,0.0006074393935203533,0.9990466246072618,1.0009236083052653,-0.010589845641443078,0.5683613266834908,141809220,65,TIC141809220_sector65.npy,0.3206822481303905
0.0007062830876399816,0.00536157290999506,0.0008052256365286684,0.998848908180538,1.0011766836074796,0.009182845901925878,0.04880896758968323,350822079,89,TIC350822079_sector89.npy,0.32068044362075365
0.0003397058883047053,0.00291873956313049,0.00036097710879415105,0.9994717338800724,1.000562117302049,0.11956332379540564,0.8877051072619766,350742475,34,TIC350742475_sector34.npy,0.3206799346713366
0.0005550626801576897,0.004086570988603766,0.0005723879347527285,0.9990628073403229,1.0008986596766234,0.09407631614785276,0.25890955489064504,141911519,33,TIC141911519_sector33.npy,0.3206772659761757
0.00036247708462905365,0.002640120579573302,0.00040169213337049704,0.9994112962378002,1.0005969611275933,-0.04799648734063962,0.17234197672269413,350299588,31,TIC350299588_sector31.npy,0.3206762812648326
0.0006593311238826427,0.005972614072581539,0.0006828333148692251,0.998958548159971,1.0010669651396644,0.22231742476452296,1.0249314252373969,350862394,4,TIC350862394_sector4.npy,0.3206717616697407
0.00038427462769290003,0.002864841243527705,0.00038163099534186995,0.9993696706030188,1.0006238247539543,-0.07921406623017638,0.20415858209883453,141865875,37,TIC141865875_sector37.npy,0.3206713083090666
0.0004403784512278267,0.0031302746616409527,0.00046406602684691056,0.9992968800904747,1.0007364985133893,0.21016803318524163,0.2410889666746061,350343922,28,TIC350343922_sector28.npy,0.3206686656087219
0.0005980749101724925,0.004914372403441947,0.0006125472405820252,0.9990580614975425,1.0009698347676006,0.14905163221464862,0.495422209560044,141911519,37,TIC141911519_sector37.npy,0.3206681914939678
0.00039169925670479736,0.003383973771981852,0.0004254752367651908,0.9993782906101965,1.0006311887435806,-0.10217602089832319,0.7825380138821818,149971828,1,TIC149971828_sector1.npy,0.3206678010551754
0.0006569772119766758,0.0047411482758933365,0.0005007175704579177,0.9988902990188525,1.0010495844360616,-0.14470088148263108,0.12362524992134505,293268667,64,TIC293268667_sector64.npy,0.3206635227727147
0.0007202688694889987,0.006086550670121871,0.0007849953154168473,0.9988649940862122,1.0011774299535587,-0.03989748622879349,0.7149054533724484,149302552,3,TIC149302552_sector3.npy,0.3206625975290564
0.0007292125794676186,0.006191072997576708,0.0008015145456140801,0.9988343970059175,1.0011825350375045,-0.06754489122996425,0.5932426005222045,140997242,36,TIC140997242_sector36.npy,0.320660416834067
0.0007203674882564694,0.005853318009440889,0.0007888122394657768,0.9988072463239857,1.001097255492342,-0.0697723894038334,0.4645015622960207,149121385,32,TIC149121385_sector32.npy,0.320660416834067
0.00042048683944438496,0.004330857070806493,0.0004597538614092693,0.9993593045240331,1.0007144426491277,0.2196083356896405,0.9006722557535927,141910606,38,TIC141910606_sector38.npy,0.3206468670216642
0.00047733901478205743,0.0032876848581099294,0.0005038298003765809,0.9992738491818117,1.0008455480380365,0.23316229708275527,0.3301184624540814,177252842,6,TIC177252842_sector6.npy,0.3206434355928879
0.0007275908772949915,0.005948191637589639,0.0007268896940579118,0.998816522404424,1.0011590944013193,-0.03893695982288847,0.5922512249293512,167523976,90,TIC167523976_sector90.npy,0.32063630193342213
0.0003502333866035681,0.0027291846335876224,0.0003446707530766185,0.99945949124451,1.0006036572762658,0.12377884664736057,0.2643874726843807,278865342,28,TIC278865342_sector28.npy,0.3206276716950782
0.0003683594423318684,0.002796070156203312,0.00037046166828774284,0.9994330661479492,1.0006198810180607,0.19657621894495483,0.3718721022262792,141865875,65,TIC141865875_sector65.npy,0.3206201447607681
0.00039708933081914925,0.002444317298665455,0.00034852982298588667,0.9993510802201218,1.0006580942392997,0.019495843419785254,-0.17998440237120406,374912345,89,TIC374912345_sector89.npy,0.32061514767740795
0.0005303132892650555,0.00427609822545072,0.0004088462157455147,0.9991995654968426,1.00094552193392,0.19696129116268782,0.6563299369807725,260128701,94,TIC260128701_sector94.npy,0.32061292930743174
0.0004603860259819373,0.0034635913905215476,0.0005090474777371418,0.9992732020959083,1.0007792636385127,0.1295250933196198,0.31582285783423103,177252842,28,TIC177252842_sector28.npy,0.32060543866985747
0.0005455841356703552,0.003658906197817058,0.0005459333453953571,0.9990418535676211,1.0008982865909533,-0.042331734054182425,0.30393300837740655,350842552,96,TIC350842552_sector96.npy,0.3206016416525967
0.0005401518439985661,0.004249809847749142,0.0005973967963572925,0.9991422670496783,1.0009041517761903,0.11239262718530349,0.32774092647411246,260043481,94,TIC260043481_sector94.npy,0.32059973953094123
0.0004389659878825985,0.003686761463774668,0.00047534065953972073,0.999274729740486,1.0007134177018737,-0.07973852284468524,0.507627865375023,260655847,87,TIC260655847_sector87.npy,0.32059417696773757
0.00036402853374802507,0.002812929541478937,0.0003896689239700137,0.9994143799948785,1.000617882899657,0.24844091509565178,0.6116469120135122,149971828,90,TIC149971828_sector90.npy,0.32059295251966413
0.00044672374103344673,0.004689987075266244,0.00044435357184366723,0.9993205957145086,1.0007206394517465,0.014618766751705444,1.0511984670559347,141809220,31,TIC141809220_sector31.npy,0.32058763165258103
0.0006026453730178876,0.004262272955817381,0.0006648646823125318,0.9990574189114608,1.0010259750750266,0.062254696155049305,0.2542033675955393,278683844,12,TIC278683844_sector12.npy,0.3205872646091202
0.0007017411916885663,0.004721557927036657,0.0007225604846109193,0.9988214538765432,1.001121691200966,-0.05661613492868889,0.04739224791774754,278776865,7,TIC278776865_sector7.npy,0.3205856720063719
0.0005248093512246103,0.003933873584470504,0.0005628063352582313,0.9991469926902496,1.0008762950125574,0.06011418722014001,0.4846264001347973,150030205,11,TIC150030205_sector11.npy,0.320584670926606
0.0006247225667699531,0.004543125363664524,0.0006894434557012472,0.9990442209220493,1.0010215293316818,0.09887246993466614,0.2987095984912056,260708537,9,TIC260708537_sector9.npy,0.32058263273041493
0.0007075437033730631,0.0055068584373680896,0.000751282965508077,0.9988617376042437,1.0012083335213742,0.025266820290109356,0.4623875909517414,141770198,69,TIC141770198_sector69.npy,0.3205809958416642
0.0006820841882555132,0.005095947924724009,0.0007269977810039511,0.9988565045202435,1.0010892658185273,0.042418543738404126,0.484297178574411,278777070,90,TIC278777070_sector90.npy,0.320576116849611
0.0006744972533483285,0.006147229735049997,0.000667788661711335,0.9989241308831088,1.0011023775384542,-0.014322361301478336,0.6484351312403724,167523976,64,TIC167523976_sector64.npy,0.3205722542314989
0.0006711471853236303,0.004992011637398153,0.0007252512175546086,0.9989197414440933,1.001102668968987,0.1345662370600797,0.39978977145335914,260127606,88,TIC260127606_sector88.npy,0.3205709586660877
0.0006819280827210805,0.0045118165282244105,0.0005087272522293299,0.9988524343793851,1.001064046791188,-0.1227832924574732,0.06436052582074936,293268667,13,TIC293268667_sector13.npy,0.32056820925758023
0.0007296847747529035,0.00638565543825409,0.0007326817204165567,0.9988198808711516,1.0012381372227905,0.15512577544832545,0.8371740084528954,278777070,97,TIC278777070_sector97.npy,0.3205675861970138
0.0006317980922560414,0.004889432034193009,0.0006724812579945788,0.998972619703459,1.0010449653531721,0.14649717315983707,0.41574659478909926,260708537,5,TIC260708537_sector5.npy,0.32055931144800376
0.0004638261629979112,0.0035246733629716864,0.0004973993502246595,0.9992505357691851,1.0007720185804494,0.10059188822520909,0.5472232379779065,350343922,12,TIC350343922_sector12.npy,0.32055470326640495
0.0003605088177873546,0.0029639291553608116,0.0003724190158178175,0.999420020527656,1.0005610837813408,0.0033712980082949403,0.24422624684442962,278683664,95,TIC278683664_sector95.npy,0.3205538364736129
0.0006647482215326565,0.0054762366633437365,0.0007336469588688007,0.9989290312954443,1.001098169570752,0.21141850903218926,0.7442451470792815,260127606,29,TIC260127606_sector29.npy,0.3205503492749118
0.0003685224408591569,0.002592838694901012,0.0003625177091846953,0.9993829471876717,1.000622175440364,-0.07757689506504013,0.2535547334527988,141865875,94,TIC141865875_sector94.npy,0.3205464595699894
0.00036639832043508286,0.00307919653952593,0.00038739285382142694,0.999415539586966,1.0006008664112502,0.18872475718454595,0.8935426012099859,260659557,33,TIC260659557_sector33.npy,0.32054273888745854
0.0005399603373730127,0.004633012936452907,0.0005899854056187622,0.9991494638018,1.0009043584521702,0.054388453890948936,0.7435624996372776,150030205,33,TIC150030205_sector33.npy,0.3205409703101851
0.0006997671292228388,0.005019912014287642,0.0007442773577705494,0.9988219221319744,1.001120100527995,0.034588797269921825,-0.042404417987001786,141770198,94,TIC141770198_sector94.npy,0.32053759442802
0.0004269166698883345,0.0034996300052940743,0.0004696135655834217,0.9992970519536611,1.0006793353602397,0.04238217778779968,0.2980914561367909,177252842,37,TIC177252842_sector37.npy,0.3205369654447244
0.0005088805370627397,0.0041363327639067915,0.00041632575686935554,0.999211399202676,1.0008612149286709,-0.08699983327939151,0.19019589765151368,260128701,88,TIC260128701_sector88.npy,0.3205367790956233
0.0007281846685997465,0.005878102982019517,0.0007481133128242326,0.9989154740428074,1.00120660662581,0.09315290236002718,0.113182594123026,350742475,66,TIC350742475_sector66.npy,0.3205364028408658
0.0003606997084346777,0.0024742566786348785,0.0003440105362185959,0.9994236176747392,1.0006048689356621,0.03727704566313737,-0.04543682282975192,141865875,6,TIC141865875_sector6.npy,0.32053576210579904
0.0007084465245288669,0.006171570305760654,0.0007779018401684058,0.9988783845381572,1.001190062405102,0.15922160776524238,0.6413863245093925,350742475,67,TIC350742475_sector67.npy,0.3205281076335562
0.0006900944429216378,0.0055487539361737115,0.0007269197402828946,0.998718509231928,1.001049629395118,0.04049583853643235,0.5377035830489083,350862394,37,TIC350862394_sector37.npy,0.32052714859180176
0.00046148255504987454,0.0032644454697415837,0.0005185156156634009,0.9993006981802586,1.000787809271445,0.05233321786383506,0.042126646224883935,260655847,98,TIC260655847_sector98.npy,0.32052538071093806
0.000592665822172573,0.0059156881701339925,0.000591151972992912,0.9989879533733869,1.000917358354499,0.13306994499599445,0.6463845862659512,350842552,33,TIC350842552_sector33.npy,0.32051649497693196
0.00052898209975246,0.003848048576887253,0.0005289000807194237,0.9991309237640338,1.0008619348272922,0.1353556301489464,0.2970380340452956,141911519,94,TIC141911519_sector94.npy,0.32051144519932634
0.0005729824902838608,0.004193569987509638,0.0005797620986641707,0.9990430299010744,1.0009438312692864,-0.08718827609846362,0.07025581069142195,141911519,5,TIC141911519_sector5.npy,0.32050617932421616
0.00041292415484722397,0.0028303548320089966,0.000395672967256482,0.9993839633116501,1.0007612907067374,0.22673499707027267,0.2013553205804839,260659557,4,TIC260659557_sector4.npy,0.3205035088138295
0.0007006258922861793,0.0048365767002653826,0.0006937270398575516,0.9988558463292649,1.0012197819604787,0.026528342645120856,0.1025018788360299,278683844,97,TIC278683844_sector97.npy,0.3205026102493935
0.00037750798842965184,0.0028628021389652814,0.0003710150934682921,0.9994469417015572,1.0007054216422508,0.17263467611424,0.3496417736702604,260002453,61,TIC260002453_sector61.npy,0.3205023580006475
0.0007007563193037041,0.004785289450136232,0.0005028520927679623,0.9988938820868462,1.0011803399565402,-0.020586255869300973,0.19881024466178987,293268667,12,TIC293268667_sector12.npy,0.32049403434544343
0.00042131985258268335,0.004227346087952388,0.0004128451830176083,0.9992843568472498,1.0006439463612598,-0.06616517818452843,0.6322340067082637,260659557,30,TIC260659557_sector30.npy,0.32049328122057585
0.0007351991664622506,0.0058309022994372794,0.0007312307318061513,0.998865699540196,1.0012122690687908,0.07834713213570499,0.3915276938997865,348839788,13,TIC348839788_sector13.npy,0.32048962901258266
0.00036374630727996056,0.00254972746601112,0.00035329688781498485,0.9993859283806722,1.0005895745226496,-0.06689267169835827,0.07949277609971217,141865875,5,TIC141865875_sector5.npy,0.32048829624132064
0.0003468362489530311,0.0024341481463593384,0.0003816685538119918,0.9994344992387096,1.0005883510997033,-0.020403163323017087,0.17072195203009022,260002453,93,TIC260002453_sector93.npy,0.32048829624132064
0.0007026060565526929,0.006260201034221091,0.0007523897801978128,0.9988324703998441,1.001130009935035,0.007402122392340421,0.8035692399092991,278776865,8,TIC278776865_sector8.npy,0.3204865243913447
0.0003984468401459004,0.0028229995256716656,0.00042141874526402466,0.9993936653549034,1.0006931597481556,0.21984644197652914,0.20898213881394367,141910606,4,TIC141910606_sector4.npy,0.3204839064670641
0.0006577744727559821,0.004106593096696476,0.0006637164557519679,0.9988191510275685,1.0010703362760567,-0.029969272320095938,0.0033399131307771945,149269178,87,TIC149269178_sector87.npy,0.3204836929054012
0.0005545634569128508,0.004294098339593044,0.0006128999926185981,0.999108328424666,1.000926028365296,0.07865390467552909,0.4129811730832982,278730120,90,TIC278730120_sector90.npy,0.3204781971156732
0.000603411768054157,0.004786020041817607,0.0005561006707675373,0.9989983562727962,1.0009301110857722,-0.10760236325981132,0.09547450430632631,141911519,93,TIC141911519_sector93.npy,0.32047364100039816
0.0007046770947432829,0.005913372538457584,0.0007466078740356015,0.9989055234278688,1.0012211400963371,0.08047394560862772,0.7383012784459893,149121385,62,TIC149121385_sector62.npy,0.32047249932863603
0.0003520918987937284,0.002749741975853426,0.000356669370174356,0.9994285758806895,1.0005705449030098,-0.054174634625520836,0.16879785140700854,141865875,89,TIC141865875_sector89.npy,0.3204699951993198
0.00035530462831437576,0.0025583807120534985,0.0003497311120030536,0.9994250513037036,1.0005785784169354,0.050757784438321824,0.09156998650497528,141865875,11,TIC141865875_sector11.npy,0.32046699812234203
0.00037697985727038407,0.002451147539128895,0.00039328851047610593,0.9993991947423823,1.0006341135867818,0.19565917767770846,0.04960352701312454,260659557,63,TIC260659557_sector63.npy,0.3204662694657211
0.0004558996257451036,0.003709856886717766,0.0004951060188227493,0.9992676728821474,1.0007583903042954,0.10519057900768823,0.5381154631017706,177252842,1,TIC177252842_sector1.npy,0.32046594002091766
0.0006728018858685822,0.005573953394926168,0.0007112450892888484,0.9989516004770413,1.0011073068715484,-0.017868250491355164,0.564182329480996,350862394,96,TIC350862394_sector96.npy,0.32046299314820514
0.0007325704297672518,0.005700442893748714,0.000644762810994436,0.998772502957923,1.0011576295970608,0.12421243185141416,0.735875312618218,348839788,4,TIC348839788_sector4.npy,0.32045713370379353
0.0004543774007429426,0.00304713004645063,0.000353429795329825,0.9992759374477227,1.000752907032689,0.03934309546253,-0.15361895717988272,374912345,31,TIC374912345_sector31.npy,0.3204570308404273
0.0007099771345698609,0.006161966374128136,0.0007551440966057865,0.9988310166307922,1.0011630406164536,0.09733157029628263,0.8111897357521136,260127606,98,TIC260127606_sector98.npy,0.32045653891744463
0.0006233658463892315,0.0052444267997737715,0.000676096748666394,0.9989907147565792,1.0010187413668248,0.1830628337248737,0.7741914598069228,278730120,67,TIC278730120_sector67.npy,0.3204529395581883
0.0003953949914612505,0.0031211423162916807,0.0003610392496682053,0.9993920931118073,1.0006362288961996,-0.14094026031299256,0.8555020995401805,278865342,98,TIC278865342_sector98.npy,0.3204507459762164
0.0003902131209658034,0.003258843852675164,0.00039571787610575307,0.9992936744537437,1.0005973928301484,0.020271933330422237,0.25071211634538404,141805180,33,TIC141805180_sector33.npy,0.3204461147894181
0.0003759026010720956,0.0028876068372100105,0.0003617247618255305,0.9993980733886185,1.0006708908384427,0.19288965599556354,0.36496160343140405,141805180,69,TIC141805180_sector69.npy,0.320442107267389
0.0003530934549382041,0.0025920951261818592,0.00036023243654721086,0.9993901391710114,1.0005797849337006,0.10077749964165218,0.39397378940864947,260002453,67,TIC260002453_sector67.npy,0.32044057167282325
0.00043179768162367557,0.0033807957728898552,0.0004671741884550694,0.9992967688540576,1.000695910020302,0.18140996646945895,0.3639639418264218,141809220,68,TIC141809220_sector68.npy,0.32044023079460154
0.0006850541873966601,0.00560910668192538,0.0007266161528833859,0.9989222560658404,1.0011292877478386,0.020728611071952292,0.3353462160076157,278776865,90,TIC278776865_sector90.npy,0.3204397085004104
0.0003868076773377649,0.0029575095732576884,0.0004098516568322811,0.9993783364029236,1.0006848333756326,0.16922510250164144,0.310609557159645,278683664,69,TIC278683664_sector69.npy,0.3204379983708334
0.0006336121680838612,0.0046697667201809345,0.0006638940202366135,0.9989870640044333,1.0010379657541377,0.04669628746952097,0.28916808416941775,350862394,68,TIC350862394_sector68.npy,0.320437506210768
0.0003779236781868069,0.0026349660368685246,0.00035803693714426475,0.9993988108948858,1.0006165823067437,0.20555586635079937,-0.007144141000158921,141865875,8,TIC141865875_sector8.npy,0.3204366617847146
0.0003748866140484864,0.0028187454259347433,0.0003617513171656981,0.9993148044871139,1.000602977536449,-0.017871982897997695,0.2758480785527384,260659557,35,TIC260659557_sector35.npy,0.3204364235457883
0.0006352727297234727,0.005211844877608063,0.0007007677259188162,0.9989791793970431,1.0010427876644323,0.0020060275445316932,0.36243452301711976,260708537,1,TIC260708537_sector1.npy,0.3204361988156105
0.0005351058311607494,0.004542571089667269,0.0005805427474514269,0.9991769686531552,1.0008821723130663,0.17216909967063745,0.4427714734263559,150030205,32,TIC150030205_sector32.npy,0.3204322337107276
0.0006833786920489808,0.005156578916474586,0.0006833375013985132,0.9988710947212203,1.0011153828731958,0.13953214002187775,0.20364894331203232,167523976,30,TIC167523976_sector30.npy,0.3204287241463627
0.0005745747403169469,0.004544676815800841,0.0005403354303313663,0.9989733836538967,1.0008843841088806,-0.04852000555252468,0.3358569656158794,141911519,69,TIC141911519_sector69.npy,0.3204280233235363
0.0005836076339404108,0.004189655708930484,0.0006185330121272961,0.9990459049505793,1.0009682369851634,0.04749936980178412,0.31579644349378855,150030205,38,TIC150030205_sector38.npy,0.3204275507421913
0.0004315142043006146,0.004497290657372921,0.0003444176582258115,0.9992992742983122,1.0006990048518705,0.12030473405144639,1.104088338087995,374912345,3,TIC374912345_sector3.npy,0.3204263557376227
0.00035420260408612164,0.0030020388269200726,0.0003576805662145287,0.9994387992080859,1.0005817012837894,0.19140885443465055,0.8615876683776031,278865342,31,TIC278865342_sector31.npy,0.32042504310579817
0.0006684561446871743,0.005057560837640862,0.0006801676786685705,0.9989216222591479,1.0010904825931592,0.039688851829309445,0.19030435285207137,167523976,32,TIC167523976_sector32.npy,0.32042035516855166
0.00036178853963147675,0.0026294795714534303,0.00039777358616391355,0.9994046311817294,1.0005862553254232,0.03559874477253254,0.10763195812649284,149971828,63,TIC149971828_sector63.npy,0.32041366811703514
0.0006588506798653876,0.004874298600414884,0.0006936567112337409,0.9989207157092562,1.0010829048555363,-0.010398813173166262,0.21447526049974552,260127606,96,TIC260127606_sector96.npy,0.32041145273427263
0.0007181547403185923,0.0059196834254401365,0.0007823422524148602,0.9988145532685294,1.0011628437411229,0.14619785196843724,0.7783711014951806,141770198,98,TIC141770198_sector98.npy,0.320410602575559
0.0007105484280776941,0.004584110574852862,0.0007524151532948997,0.9988800523251367,1.0012500412171854,0.0985931490335676,0.10289387862256083,140997242,69,TIC140997242_sector69.npy,0.3203987748687673
0.000720119289586159,0.005684477098277352,0.0007863341873208819,0.9988144091275799,1.0011988524687152,0.07825932935249974,0.36857482802934705,350822079,95,TIC350822079_sector95.npy,0.3203960392759522
0.00043918567753235897,0.003191952075636495,0.0004891076633911211,0.9992919673931834,1.0007210104840782,0.12986259236792003,0.30097905834256,260655847,89,TIC260655847_sector89.npy,0.3203955748899293
0.0005733881087340071,0.004634883118720845,0.000629300855155999,0.9990861841617495,1.000970789245328,0.08297124090451187,0.4667535338800133,260419879,39,TIC260419879_sector39.npy,0.3203881027416832
0.0007119283183414215,0.006668730432942471,0.0007488229556960643,0.9988798937139011,1.0011729821305035,0.23673622716420173,0.6733761381531429,350862394,36,TIC350862394_sector36.npy,0.32038615991598185
0.0004604036013619155,0.0031937393804962744,0.0004876578202653399,0.9992596313686324,1.0007889501223695,0.11088325027044092,0.2501407990399458,350343922,35,TIC350343922_sector35.npy,0.32038488981544033
0.000677118109560037,0.0047930579435753184,0.0004778389913573186,0.9988362658956152,1.001106352407887,-0.07949682825133872,-0.07145831551253723,293268667,33,TIC293268667_sector33.npy,0.32038351895805084
0.0005746371588365918,0.004961986936322771,0.0006294759272669546,0.9990227589344995,1.0009154984980484,0.08783220109091983,0.5336453595694173,149269178,68,TIC149269178_sector68.npy,0.32038135371879967
0.00054853788440383,0.0046135323474525425,0.0004984110992921209,0.9991844360424337,1.000877172214173,-0.07772513080949829,0.05325009688075388,260128701,66,TIC260128701_sector66.npy,0.3203806714841234
0.0007272941320925649,0.0061711608332233325,0.0008065150633086908,0.9988240047132378,1.0011489328777823,0.1654972885492588,0.590581885360907,140997242,63,TIC140997242_sector63.npy,0.3203718391297061
0.0006958693652944174,0.006702366939867921,0.0007009341127375458,0.9988970749795444,1.0011349849197486,0.09775092369754199,1.0201138459261951,350862394,94,TIC350862394_sector94.npy,0.32036623563145694
0.0006786661921298436,0.0054731895926968255,0.0007430058636611208,0.9989225596522189,1.0011026805786458,0.09665077573172141,0.4161446523055887,260708537,38,TIC260708537_sector38.npy,0.3203631697442003
0.0003489364918476578,0.0026993307205674943,0.0003553730028718617,0.9994560747570291,1.0005614426494651,0.12278176228223904,0.0634471315576337,260079513,4,TIC260079513_sector4.npy,0.32036207212443757
0.0003750799897747221,0.0036401822871725553,0.0003841304510867984,0.999402043950584,1.0006286064656709,0.21668106196746917,1.0063881908819745,278865342,63,TIC278865342_sector63.npy,0.32036190050233687
0.00036743030229680735,0.0029666867694090326,0.0003986859903679611,0.9994168132502715,1.00058986432846,0.22438393018540737,0.7580672788362843,149971828,32,TIC149971828_sector32.npy,0.3203606990014798
0.0006566190872438212,0.005078622961923074,0.0006868121965140687,0.9989524418022024,1.0010959411440876,0.1066605268701907,0.23832194167341658,260127606,87,TIC260127606_sector87.npy,0.3203561672814086
0.0004633782218395293,0.004056822631245183,0.0005007362687864007,0.9992619317516711,1.0007585374606962,0.12032590095783285,0.4787824725892751,177252842,5,TIC177252842_sector5.npy,0.3203520342061728
0.00035207018657655077,0.0028175425864318537,0.00034682888171840655,0.9994063777635267,1.0005716703809535,0.03135973165861336,0.23954812655464686,141865875,87,TIC141865875_sector87.npy,0.3203496918717064
0.0006551466332293731,0.00437542834724014,0.0007113565719034438,0.9989646600660295,1.0010988542001367,-0.002669169236004749,0.05974532655647247,260079513,93,TIC260079513_sector93.npy,0.32034459723080533
0.0006659683419486443,0.004698859703720082,0.0007245240879845098,0.9989565589881639,1.001155974476115,0.0019283076774023774,0.13268874320399204,350862394,89,TIC350862394_sector89.npy,0.32034459723080533
0.00036095969863257063,0.002888809393731373,0.0003763681333267851,0.9994221087810632,1.0005723365210428,0.22204698864265468,0.5445059151370524,350522196,90,TIC350522196_sector90.npy,0.3203444602500535
0.0006811779255637364,0.004869158640866789,0.0006933651012907599,0.9988248854727071,1.0010918877344825,0.005890707281361291,0.27317071265750403,278776865,88,TIC278776865_sector88.npy,0.32034014130124694
0.0006974686968666719,0.006145440347788966,0.0007232932532255992,0.9988959281010197,1.0011371382626582,-0.04534146037112586,0.5310231881778242,350444342,68,TIC350444342_sector68.npy,0.32033967714476747
0.0005391742709312369,0.004750815355082372,0.0005809857934746877,0.9991325239116503,1.0008585299023045,0.13205679498953565,0.8747237658644038,350842552,63,TIC350842552_sector63.npy,0.32032571798507
0.0006277471026661829,0.004985604921809772,0.0006887231121673242,0.998988448017786,1.0010200723717457,0.035598551339563085,0.2568193763995632,278730120,61,TIC278730120_sector61.npy,0.3203243465851351
0.00039555605248318433,0.002705936684444854,0.00034493319688678705,0.9994359216853915,1.0007810001583568,0.1259030274180191,-0.08214090048531109,278865342,65,TIC278865342_sector65.npy,0.3203231986613099
0.000684023654536245,0.004997408433848216,0.0006779423558178501,0.9987987466893118,1.001086355672453,0.01628174691633167,0.12523258789673042,149269178,11,TIC149269178_sector11.npy,0.3203230320599619
0.0005296669507435343,0.004216080912717968,0.000549300339265779,0.9991574351164527,1.000872715982336,0.05211113133321478,0.42771535705466723,141911519,90,TIC141911519_sector90.npy,0.32031867412339227
0.0006241961366369365,0.005264862086798439,0.000684487107743736,0.9989848605521412,1.0010499524386434,-0.06397819915967581,0.42644408363832076,278730120,96,TIC278730120_sector96.npy,0.3203179402111038
0.0003538036199891271,0.0026291781565648265,0.0003570413440925288,0.999430072760957,1.0006031255254004,0.12788420946372844,0.22051320357969573,278865342,64,TIC278865342_sector64.npy,0.3203176577632809
0.00034156456400479327,0.0031272813845789615,0.00037251673511041854,0.9994491448617882,1.000546350691801,0.15627583378119533,0.9701134361949388,141770198,38,TIC141770198_sector38.npy,0.3203143034760245
0.0006356506029042261,0.005254761707946032,0.0004709377177102068,0.9989498331584233,1.0010218468561936,0.031216977869754324,0.5480416439091291,293268667,34,TIC293268667_sector34.npy,0.32031210223300743
0.00042229897478007305,0.0038303256839115063,0.00047582804562742786,0.9993206504419482,1.0006803214742808,0.1556473973088207,0.918353116435628,177252842,64,TIC177252842_sector64.npy,0.3203064491539892
0.0006803893965896657,0.00567037550621019,0.0007459997129646345,0.9989401620539716,1.0011565332338686,0.11607309470060594,0.28916528520634355,260079513,36,TIC260079513_sector36.npy,0.32030285717894574
0.0004511866795594257,0.0036894494904671227,0.0005012558331359371,0.9992972775421056,1.0007327240484651,0.0641319347673859,0.4697382523783147,141809220,64,TIC141809220_sector64.npy,0.32030009015621164
0.0003788587536042189,0.0026173444089755415,0.00040811205130238213,0.9993838972361908,1.0006299179187355,0.1730481282722826,0.18592277631633314,278683664,11,TIC278683664_sector11.npy,0.3202977656306735
0.0003830583778436096,0.003769453760581909,0.000344073483541365,0.9994105842129023,1.0006744807332308,0.18158750502232554,0.757405899677138,278865342,94,TIC278865342_sector94.npy,0.32029743792657206
0.0004730722408476945,0.0037323644071062256,0.00035827362761988384,0.9992391780407968,1.0007757594350628,-0.05287993933637944,0.008803264559878787,374912345,32,TIC374912345_sector32.npy,0.32029621097177247
0.00041381663370716157,0.0032558449825715874,0.0004319537286977008,0.9993106801313245,1.0006820028516794,-0.07798865596968343,0.4324351790573284,350343922,68,TIC350343922_sector68.npy,0.3202920262562144
0.000603366866705551,0.00547670919255272,0.0006624705512808509,0.9990098615320332,1.0010023681800218,0.2108403259853802,0.7773863040224063,278730120,89,TIC278730120_sector89.npy,0.32028986028736484
0.0006805268324378807,0.00481377747840106,0.0007315521082534074,0.9989203055115734,1.0011458037194918,0.1899074240039402,0.13094661379056616,350444342,96,TIC350444342_sector96.npy,0.32028789406850317
0.00039324271730341293,0.002787101758209176,0.0004067815945204217,0.9994024501105695,1.0007151318461485,-0.02674925769035605,0.14294865405833201,278683664,94,TIC278683664_sector94.npy,0.32028350401950334
0.000704966644468426,0.005214780622349591,0.0007120067552108918,0.9988323817010646,1.0011316260765837,-0.001656244287501056,0.28414899157439644,167523976,63,TIC167523976_sector63.npy,0.3202804496714184
0.0006746638678729218,0.004889087788044422,0.0007346144247431787,0.9988712250495091,1.0011270273677826,0.15703197805920593,0.42455713847723375,350444342,88,TIC350444342_sector88.npy,0.3202803141574436
0.0007051741462925931,0.005259992694336191,0.0007402833212215532,0.9988640865004886,1.001110178800951,0.05986324882563621,0.44772226955460415,278776865,11,TIC278776865_sector11.npy,0.32027793776790797
0.0005291670445128499,0.004551029693581343,0.0005783372786345027,0.9991365296719356,1.0008205375102786,0.173435340428243,0.6642586018355696,260043481,95,TIC260043481_sector95.npy,0.32027674636642
0.0006265865101342033,0.004902670724534208,0.0006745934473093903,0.9990040898879279,1.001003374852033,0.07725143716943404,0.20137648897280558,260708537,34,TIC260708537_sector34.npy,0.32027632070791134
0.00061387621037544,0.004811172113528106,0.0006623857472754649,0.999002796192197,1.0010044469518098,0.027776158226760224,0.3002799495502262,278730120,95,TIC278730120_sector95.npy,0.32026939453790115
0.0005328285727576449,0.0039829623034464134,0.000585418821636581,0.9991519595412812,1.000903775320748,0.11929046493243703,0.580841926865693,150030205,8,TIC150030205_sector8.npy,0.3202624991178213
0.0005858452973238677,0.004302784900838241,0.0005779023871952706,0.9991248871756829,1.0009546514595544,0.17732158885574026,0.6613418749996631,350842552,98,TIC350842552_sector98.npy,0.3202623112652236
0.0003494161637118647,0.002586935293251269,0.0003486379727228944,0.9994650031681767,1.0005863696762385,0.07926529448919628,0.38686993693297733,278865342,87,TIC278865342_sector87.npy,0.32025975217044095
0.0003604124742994842,0.002674584510776401,0.0003544720101531434,0.9994058180465931,1.0005845934802022,0.07407711302621348,0.3634649009367119,141865875,1,TIC141865875_sector1.npy,0.32025975217044095
0.0003566915963318767,0.002620718589874671,0.00036595032852552767,0.9994408315166653,1.0005997258161707,0.07797730695432821,0.27339705677193704,260659557,62,TIC260659557_sector62.npy,0.32025975217044095
0.0006154157860041565,0.004655479169605292,0.0006709894447221924,0.9989844676601763,1.0009912071039593,0.07114604109139334,0.21648293984385258,260708537,33,TIC260708537_sector33.npy,0.3202554375610745
0.0006947916722439612,0.005430281858834873,0.0007518337725637877,0.9988772572178188,1.00115431729879,0.09843815749451916,0.2927442052588063,141770198,66,TIC141770198_sector66.npy,0.32025375913362797
0.0006503979797955862,0.00518984988267579,0.0004803084546622249,0.9989197813972145,1.0010558462535617,0.05412452894528143,0.3838075381775008,293268667,32,TIC293268667_sector32.npy,0.32024952259229944
0.0006966934652423414,0.005567748413720763,0.0006492718808708705,0.9989192046016562,1.001213124422092,0.1616942162283777,0.47931685002138114,167523976,39,TIC167523976_sector39.npy,0.3202445814045765
0.0004432706106758774,0.003381928844278459,0.0004656298018814137,0.9992579272732707,1.0007625271484595,0.04419167912756592,0.41592157350896386,278683664,97,TIC278683664_sector97.npy,0.32024254804127006
0.00033297997022545175,0.003080648025490018,0.00034970010162027333,0.999477797680452,1.000545961009104,0.12622328855557582,0.8224008064200938,260079513,13,TIC260079513_sector13.npy,0.32024068874414785
0.0003901800406667703,0.0026543948574004883,0.0004051392023533038,0.9993603225503009,1.0006768767796483,0.05058129942089666,0.18119854895467347,149971828,66,TIC149971828_sector66.npy,0.320232055593156
0.0006781613147169423,0.0058580197824043,0.0006893826971872095,0.998938117505481,1.0011212663177154,-0.07557991041742872,0.6678615222209427,167523976,11,TIC167523976_sector11.npy,0.32022842716850813
0.000371425269509804,0.0025075380414039117,0.0003343834031037112,0.9993592391417764,1.0005990855997946,0.12489402011825045,0.05252728871747658,141865875,35,TIC141865875_sector35.npy,0.32022674733864437
0.0003657694001779519,0.0024761515837407044,0.0003632930939802854,0.9994161813851741,1.000586732554598,0.014536357686598994,0.02950049638237795,141865875,2,TIC141865875_sector2.npy,0.3202258370411072
0.0004654460217335648,0.0030914445820430236,0.0003805984329570049,0.9992415525552012,1.0008117708066877,0.03967828187003661,-0.11021351242480515,374912345,4,TIC374912345_sector4.npy,0.3202257874019532
0.0007021698337755352,0.00499753303703887,0.0004918701274798908,0.9988010588149759,1.0011106213554604,-0.03640186731743732,0.04066761734483171,293268667,29,TIC293268667_sector29.npy,0.32021936748222524
0.00045399309818606857,0.003257076922880686,0.00047676043197482945,0.9993030680294588,1.0007675779522278,0.06547305260467216,0.25433004505355283,177252842,9,TIC177252842_sector9.npy,0.3202190818964262
0.0006541933434385263,0.00490235398422334,0.0006864465542433668,0.9989669983376471,1.0011181174546087,0.06002167166944307,0.10666343531770295,149269178,67,TIC149269178_sector67.npy,0.32021048198187996
0.0006001160233410323,0.006080821263364178,0.0006369076174692741,0.9990304071800834,1.00096025218328,0.1208655758306957,0.7587515746158657,260419879,1,TIC260419879_sector1.npy,0.32021037602828617
0.0006804288772621713,0.004610221002453008,0.0007476392972834069,0.9989044779308077,1.0010995586829576,0.03641296512739558,0.05984298564206014,278776865,89,TIC278776865_sector89.npy,0.32020699099422933
0.0006773350610999629,0.0056758749837347855,0.0007537259585096422,0.9988678791814364,1.0010895974416987,0.02926719249763067,0.35455855380496537,260079513,89,TIC260079513_sector89.npy,0.3202041606597868
0.000690860321439955,0.0051678134644473905,0.0007308595814337812,0.9988703610831562,1.0010804856677507,0.1813656166466596,0.12402475123359347,260079513,97,TIC260079513_sector97.npy,0.32020269565918424
0.00036018578563491174,0.0025359118619082688,0.00037420721336003807,0.9994191616546274,1.0005960021450049,0.09237941324001624,0.30084738896578633,141805180,68,TIC141805180_sector68.npy,0.3201994304782887
0.0006699716774219898,0.005693001098755812,0.0007238221096470787,0.9989450520237262,1.001125354283445,0.21770096907765432,0.6749457775656658,350444342,93,TIC350444342_sector93.npy,0.3201964945385652
0.0004622962935840008,0.003467168124597131,0.0005112930535099181,0.9992631368857919,1.0007771494572382,0.17270310990992646,0.4221965764565718,260655847,65,TIC260655847_sector65.npy,0.3201948016934987
0.0006624704895959894,0.005565024775159522,0.0007032164126629971,0.9989460689230615,1.0011375208471904,0.18138441426341764,0.6059984791482234,350522196,67,TIC350522196_sector67.npy,0.3201943170133513
0.000446658835135357,0.0035990903132203655,0.00033436387822246763,0.9992681046533083,1.000748966985372,-0.0074033797668594135,0.2756025141804712,374912345,6,TIC374912345_sector6.npy,0.32019045798433743
0.00045157987800369483,0.003308299994167929,0.0004584778962785719,0.9993182083885008,1.0007941215300409,0.2368752448473784,0.14931842281824936,177252842,3,TIC177252842_sector3.npy,0.3201901968935258
0.0006076864373997552,0.004803399558187094,0.0006767438815922368,0.9989968512673401,1.0009872196568097,0.1849360159311672,0.8424801114634315,261417533,90,TIC261417533_sector90.npy,0.3201856340212253
0.00039104846905905447,0.003085454292791945,0.0004016043649006367,0.9993768229139314,1.0006462033417518,-0.05590344317386476,0.1375309757235299,260659557,87,TIC260659557_sector87.npy,0.32018395002952715
0.00036712617900562695,0.0023924288235296354,0.00039769879041998493,0.999442231784411,1.0006348645875502,0.07702390904503979,0.06477630510132304,350299588,35,TIC350299588_sector35.npy,0.32018182669820666
0.00044080290900265793,0.004179596967115784,0.0004670030910952578,0.9993108318195001,1.000757473354211,0.21733893793999645,0.7253634881046493,177252842,67,TIC177252842_sector67.npy,0.32017556818762244
0.0003724874829622833,0.003258934234315558,0.00039222204435872835,0.9993941888597733,1.0005889708978097,0.2137459141170048,0.782846468755789,350742475,6,TIC350742475_sector6.npy,0.3201728989768052
0.00045840764851774843,0.0035866522834258063,0.0005089999866102679,0.9992224546473332,1.0007830230191166,0.009660425345129717,0.2517405517034992,177252842,65,TIC177252842_sector65.npy,0.32017068237786817
0.0003806239706647342,0.002975109927631614,0.0003792749936453436,0.9993916148082407,1.0006418974139335,-0.06988291294413115,0.1771779975565373,350522196,13,TIC350522196_sector13.npy,0.32016747186284217
0.0007154568917601728,0.006179182669645122,0.0006620560857096895,0.9988246997227315,1.0011586825002277,0.031260732803961265,0.471106309928504,348839788,1,TIC348839788_sector1.npy,0.3201559351821794
0.0006273876084075242,0.004876967966716883,0.0006926989204266049,0.9989767500885318,1.0010390871024204,0.1540689595604468,0.3430087261202521,350862394,5,TIC350862394_sector5.npy,0.3201552135025225
0.0005838364441570177,0.004797602255762645,0.0006235898118241115,0.999002984707107,1.0008845415679142,0.12628166242072242,0.6468223791779786,260708537,3,TIC260708537_sector3.npy,0.32015040925158067
0.0005628192339108822,0.003965446798730454,0.0005304494504121519,0.998951957004317,1.0009025916443408,-0.05865699607806411,0.10085836392965941,141911519,87,TIC141911519_sector87.npy,0.32015021659000215
0.0003940912105535937,0.0034174378011787576,0.00039495910996087375,0.9993914681428476,1.000674973695108,0.15996452445968884,0.9288607541739906,141805180,34,TIC141805180_sector34.npy,0.32015012291795575
0.00037807414652450244,0.0026500911240692204,0.00040610253525761973,0.9993743646432656,1.0006263423536743,0.0010794076029107657,0.24040888752533274,141910606,66,TIC141910606_sector66.npy,0.32015007742638274
0.0006754491756021123,0.004932264981549084,0.0006800537320269898,0.9989000659006306,1.0011284222820975,0.06485440688173975,0.2892258039721245,167523976,35,TIC167523976_sector35.npy,0.32014418899336944
0.0004676592272916061,0.004438670191231675,0.0004974986452553269,0.9992295002060787,1.0007477256631732,0.1431424932024973,0.8239289570876425,177252842,38,TIC177252842_sector38.npy,0.3201377520462891
0.000662849515128885,0.004865971159975224,0.0007390161867025942,0.9989191224867986,1.0010569443087325,0.046184259804580095,0.2966771857551582,260127606,89,TIC260127606_sector89.npy,0.3201376601446809
0.0006627511446206653,0.005506556420673769,0.0007412273696279245,0.998939787720715,1.0010733797680964,0.21198871007623804,0.7815330109704939,260079513,32,TIC260079513_sector32.npy,0.3201345524077322
0.00037294637625545114,0.0032446851954284206,0.0003919631478865386,0.9994056517526358,1.0006494868455933,0.1922186787421815,0.9299514428654425,141805180,2,TIC141805180_sector2.npy,0.3201324121907546
0.000353833223086109,0.0030566721020677257,0.0003539893766885478,0.9994395662827785,1.0005949883178553,0.2133156074238823,0.7591514312851806,278865342,29,TIC278865342_sector29.npy,0.32013178405400494
0.0006320189888594828,0.004640371863303017,0.0004475810635456385,0.998979271345183,1.0010345982682154,-0.07201315743974539,0.17689359778789226,293268667,27,TIC293268667_sector27.npy,0.3201306184783872
0.0007012743678775178,0.0058969231216237095,0.000643980512726676,0.9988839804199899,1.0011507246528948,0.1175395136541794,0.3298741845225117,348839788,8,TIC348839788_sector8.npy,0.32012697667598683
0.000599730629792898,0.004594801442671881,0.0006598599666544803,0.9990126909365483,1.0009941437304986,0.12012990562758326,0.3588468918778229,261417533,93,TIC261417533_sector93.npy,0.32011948313418953
0.0006013239116565564,0.004582771558763743,0.0006549957924086747,0.9990094345423435,1.000983040627792,0.1171175021242769,0.3217115971591382,278730120,93,TIC278730120_sector93.npy,0.32011948313418953
0.0007221593170750231,0.006466474485940732,0.000803260440946685,0.998836375019199,1.0011944016597842,0.15058602466405419,0.7128549809036615,141770198,64,TIC141770198_sector64.npy,0.3201169385079325
0.0006522713740454362,0.00605767685318559,0.000675475233775887,0.9989518360445656,1.001067858772681,0.16162112394455422,0.8167413143900699,260419879,6,TIC260419879_sector6.npy,0.3201147103814462
0.0006171772980525654,0.004853226430128532,0.0006834098826537455,0.9989808645234821,1.0010187891756495,0.21688773753781954,0.751096098639628,260419879,36,TIC260419879_sector36.npy,0.3201142782008203
0.0004138974005458225,0.0030715914757198925,0.0004637699883642437,0.9993421300717004,1.0006985854596286,0.11562000981520758,0.29073944504664606,278683664,64,TIC278683664_sector64.npy,0.32011303395072604
0.0006659376432728095,0.004549868877836927,0.0006865993511319921,0.998976280912377,1.001174060546777,0.0058755010891125715,-0.0032551274900147753,278777070,96,TIC278777070_sector96.npy,0.3201064865530585
0.0005952497532968774,0.004868854572340542,0.0006545991615767183,0.9990366606631389,1.0009618865639176,-0.022312584413991598,0.4757491216975427,260419879,3,TIC260419879_sector3.npy,0.32010422838986796
0.0003615328054806963,0.0028390938027276214,0.0003586778122260135,0.9994144064489578,1.0005931677139093,0.182228748468139,0.5678626113138607,141865875,10,TIC141865875_sector10.npy,0.3201033913822633
0.0003430440016698301,0.002927064260310752,0.0003624855736465265,0.9994696141279645,1.0006057574828484,0.1963080861711427,0.5943381742763951,141770198,28,TIC141770198_sector28.npy,0.3201033913822633
0.00037669608281497557,0.002706833074636261,0.00035387600067573425,0.9993983009209412,1.0006097466352386,0.041227265777982115,-0.004348988601754922,141865875,30,TIC141865875_sector30.npy,0.3201009635304163
0.0006183269531568951,0.005779969599578161,0.0006423762559065361,0.9989870294281602,1.0009832528275755,0.13011676608411218,0.7876055730991167,350842552,13,TIC350842552_sector13.npy,0.3200963284799463
0.00046993279661603973,0.003594652107143048,0.0004891775941203165,0.9992641306209388,1.0007496891768257,0.14408112910525092,0.10681843183815465,177252842,31,TIC177252842_sector31.npy,0.3200955883273883
0.0006231859132202938,0.004825971692089426,0.0006717637840132075,0.9989736249978229,1.001038986606691,0.008054603508703266,0.4304204457344052,278683844,13,TIC278683844_sector13.npy,0.3200942274811718
0.0006890355458746037,0.005118859968970657,0.0007124433802426106,0.9989437661592537,1.00111433657618,0.23721518965446822,0.45381401801088206,350444342,87,TIC350444342_sector87.npy,0.32009391791859393
0.0003826102023655591,0.002902831037132625,0.00042017388627116657,0.999348759917689,1.0006191662233543,-0.029594698833031233,0.19525996953932268,149971828,89,TIC149971828_sector89.npy,0.32009129370454203
0.0007135967266733122,0.006200069867391522,0.0007990049909436513,0.9988744140452068,1.0011769856937154,0.14387214397130338,0.5522520494849306,140997242,89,TIC140997242_sector89.npy,0.32008896534783676
0.0007102653100994091,0.005477256642516193,0.0007295680927115488,0.9989048600804006,1.001256062674542,0.16776249373344745,0.4642277046089025,278776865,97,TIC278776865_sector97.npy,0.32008868637564114
0.0003791045645043076,0.003298034056517851,0.0003657358827197509,0.9994384322078129,1.000621870287258,0.23738898212713883,0.2840615605011867,141865875,29,TIC141865875_sector29.npy,0.3200835358949618
0.00047741199798906987,0.003621890770193037,0.00047541586387016575,0.9992873922541077,1.000849313683959,0.18170896772753894,0.35460968912454316,260655847,61,TIC260655847_sector61.npy,0.3200772732849415
0.0006904797081612632,0.00585900806820161,0.0007277912379999712,0.9988542751903455,1.0011256290302788,-0.0047456321483089715,0.5413599384865324,149121385,95,TIC149121385_sector95.npy,0.32007666829509546
0.0003851327881839719,0.002997130174009155,0.0004097227841610166,0.9993645242437083,1.0006316021990538,-0.04841106500499329,0.5792290736872219,278683664,66,TIC278683664_sector66.npy,0.32007654004280656
0.00036246111093192284,0.0025463542739700973,0.00040263715032312706,0.999415463591017,1.0006245588398484,0.14493658844284904,0.24136381152088804,350299588,2,TIC350299588_sector2.npy,0.3200732507831734
0.0006337658512573865,0.006004444818117238,0.0006876505479013283,0.9989146181187548,1.0010194624751445,0.017380114663655476,0.8163370181938294,261417533,63,TIC261417533_sector63.npy,0.32007173050530274
0.0003932584052086427,0.004053883667234692,0.0004263991796585338,0.999333736989418,1.0006329728183931,0.10646302602038822,1.1145041559432451,141910606,87,TIC141910606_sector87.npy,0.3200710842586448
0.0006180220117057481,0.004546017268068248,0.0006860294819099914,0.9989660526915008,1.000993881218281,-0.08301008605305245,0.5086507981707076,260419879,32,TIC260419879_sector32.npy,0.3200707071223994
0.0004266751857699382,0.003145755549779916,0.0004522225478069439,0.9993358196508355,1.0006915358092145,-0.0643855613898057,-0.038739237582618546,260042834,1,TIC260042834_sector1.npy,0.3200700985977922
0.00034672786254416306,0.0024531420495321754,0.00035508957293983983,0.9994650254287714,1.0005848640587935,0.07234751643313705,0.03677460482571249,350522196,94,TIC350522196_sector94.npy,0.3200687709072458
0.00041738788508845855,0.0030251020340368306,0.00039937939901767854,0.9992662182118263,1.00069291541168,0.019466124137666272,0.25243987148725644,141805180,8,TIC141805180_sector8.npy,0.3200569545799433
0.00037804141486188066,0.0026713578913656333,0.00037354215634787484,0.9993854192151832,1.0006361412732572,0.005927279191987483,0.22846330444859042,149121385,2,TIC149121385_sector2.npy,0.320056234775807
0.00042548909135948116,0.0027508500000741343,0.00043008490374516357,0.9992714319988831,1.0006678089897707,0.03511159319154446,-0.11599630659757088,141805180,38,TIC141805180_sector38.npy,0.32005403765149193
0.0006623350005623795,0.00493901523516127,0.0006943361831727446,0.998929874224834,1.0010122138120467,-0.06272822241709548,0.36651607487661364,278776865,33,TIC278776865_sector33.npy,0.3200518339925485
0.0003543921269379356,0.0028591616126465436,0.00038188234766730673,0.9994747634054829,1.0005701608771753,0.21381280868813043,0.596673335943743,260002453,30,TIC260002453_sector30.npy,0.32005127494921193
0.0006611657444362224,0.005769541657576038,0.000716470747688263,0.9989151713232829,1.0010567102115484,0.09594145708706502,0.8968261001025559,260127606,62,TIC260127606_sector62.npy,0.32004511908523764
0.00045779694211319925,0.0032591894171439817,0.0004827397018823978,0.9992407608478953,1.000755521593455,0.08290643249455676,0.08374152981963467,177252842,69,TIC177252842_sector69.npy,0.3200445502005339
0.00036450203713057677,0.0030121982562363314,0.0003961699178427121,0.9993971991167663,1.0005818827347126,0.2020277438714895,0.6251157094863924,278683664,1,TIC278683664_sector1.npy,0.32004128833809736
0.0003988863506661109,0.0027985449613751046,0.0004219177119569533,0.9993447103889973,1.0006755231826876,-0.0032426354434571705,0.31224652408606035,141910606,90,TIC141910606_sector90.npy,0.32003662396471394
0.0006906406183750712,0.005094787338345563,0.0007329636182200674,0.9989207317246558,1.0011655480197297,0.04386138449672481,0.4457455923349305,260708537,12,TIC260708537_sector12.npy,0.3200340751232525
0.00042703338186884406,0.00349749062502136,0.00037845164609213257,0.9992996532461409,1.000696623464233,-0.10190947944516954,0.6141149259131709,260128701,2,TIC260128701_sector2.npy,0.3200337074319063
0.0006517883606879718,0.005513045769321656,0.0006814603885071246,0.9990137556276286,1.0010493320513598,0.16408945505729414,0.8495036684627202,260419879,10,TIC260419879_sector10.npy,0.32003240924228793
0.00043445597837285337,0.0029014478911441044,0.00033999802551513297,0.9992676457263816,1.0007004329285922,0.13694567355138276,-0.12551436587126563,374912345,34,TIC374912345_sector34.npy,0.32002965956227974
0.000679635197712331,0.005002529727423877,0.0006866228667057509,0.9989418907498837,1.0010895149669214,-0.04325686562931564,0.48052309613732636,350862394,66,TIC350862394_sector66.npy,0.3200277204695761
0.0006750215222225274,0.006550510270468268,0.0007496230997612909,0.9988852969306254,1.0010904448634663,0.08088807840478901,0.8713476864705649,149121385,96,TIC149121385_sector96.npy,0.3200270022433037
0.00033984218672117127,0.002724541727332719,0.0003569896648296304,0.9994885727774028,1.0006174757627617,0.06181335489153578,0.49974256542592377,260002453,69,TIC260002453_sector69.npy,0.32002174350593243
0.0006457149242512741,0.005678733453487017,0.0006819804934414243,0.9989807086825023,1.001046128119079,0.15153773694572095,0.8221345159365439,149269178,39,TIC149269178_sector39.npy,0.32001906830408544
0.0003840147895144491,0.003319800526044414,0.0004245468766141124,0.9993821467203359,1.0006507778540759,0.2398198592922429,0.8683602979655873,350299588,10,TIC350299588_sector10.npy,0.3200164386891795
0.0005658125846845545,0.004980293967192573,0.0005642396954790566,0.9990219989068803,1.0008774460222496,0.09901085153649941,0.5124765562004074,350842552,4,TIC350842552_sector4.npy,0.3200150607001218
0.0006241411253926137,0.005704220002520355,0.0006671495439413153,0.9990245443265666,1.0009976143961004,0.13525102044376183,0.8854184184283151,260419879,8,TIC260419879_sector8.npy,0.3200140320667546
0.0006292545231684642,0.00550088509200608,0.0006740228757467645,0.999015500961395,1.0010420425304272,0.14966190197305024,0.8005333685925353,260419879,33,TIC260419879_sector33.npy,0.3200140320667546
0.0006806166511147811,0.005169284130350227,0.0007404653970598343,0.9989175197568605,1.0011506865471893,0.1734161491606398,0.4337279384409656,350862394,9,TIC350862394_sector9.npy,0.32000895065713214
0.00045756205939545005,0.0028323252077515626,0.000369835301833747,0.9993006053303366,1.000830285949044,0.04551409041429556,-0.009025646493803219,260128701,65,TIC260128701_sector65.npy,0.32000414747015904
0.00040009710637886684,0.0029588317869548852,0.0004335267649154322,0.9993414670216517,1.000650888974737,0.2277007920075377,0.39162896688302995,141910606,31,TIC141910606_sector31.npy,0.31999900681395876
0.0004508500365840732,0.003755438397894495,0.0004909141256633495,0.999251390776252,1.0007503852042308,0.11938025664642392,0.29864841867687586,141809220,63,TIC141809220_sector63.npy,0.31999855849012027
0.0004955107098638824,0.00396536258597191,0.00039274961214273723,0.9992699954325104,1.0008814421912808,0.23966526841850513,0.5688007917928157,260128701,67,TIC260128701_sector67.npy,0.3199933872284589
0.0003877838029714034,0.003523127895319722,0.0004193478618512786,0.9993946967242655,1.0006398019192893,0.18196709455846458,0.9335051041237366,141910606,2,TIC141910606_sector2.npy,0.3199930387615056
0.0006265872600216554,0.005304373052800959,0.0006733181352932065,0.999034463061474,1.00097920352746,0.22299664560693386,0.6279541576494507,278730120,68,TIC278730120_sector68.npy,0.31999135915353916
0.00045532352234306495,0.0036926020474215004,0.0004910822786461864,0.9992777187190225,1.0007543841698636,0.11627455201060219,0.3035802616138237,350343922,39,TIC350343922_sector39.npy,0.31999084316220494
0.0006563907030902773,0.005019982301182502,0.0007104187904876593,0.9989672986880082,1.001054498258363,0.23872892699848983,0.5448129131113135,149269178,32,TIC149269178_sector32.npy,0.3199891244678851
0.00044179806359379535,0.0036761963734157632,0.0004827786120238882,0.9992698379763235,1.0007189880340914,0.06207746752729325,0.3353258434763462,260655847,88,TIC260655847_sector88.npy,0.319988693498094
0.0006957503972312196,0.0055054135908894075,0.0007463873707436148,0.9988796001124706,1.0011589051047816,0.13143201153270426,0.4291942281781367,278776865,31,TIC278776865_sector31.npy,0.31998261513950016
0.0007125159710893608,0.006002989411625692,0.0008068449148402578,0.9988388305843213,1.0011998723346645,0.12005716886285549,0.5445785805373533,375059587,37,TIC375059587_sector37.npy,0.3199819160571021
0.0006278312420734198,0.004534651171110515,0.0006586765002111572,0.9989186733678016,1.0010138004095228,0.21480215627144655,0.16198821240738503,260419879,35,TIC260419879_sector35.npy,0.3199814191012361
0.00035295129729360407,0.002678551687002817,0.000390725068636902,0.999420242428948,1.0005385415249237,0.1447749843011162,0.4295726240468749,278683664,3,TIC278683664_sector3.npy,0.31998057747307934
0.00036201174767159074,0.0025229615934184713,0.00037466805901247935,0.9994335943930898,1.0006332682668009,0.14483306751631944,0.2251949923534866,149971828,88,TIC149971828_sector88.npy,0.3199794306520857
0.0006210359553349799,0.004731089736010108,0.0006380329057820262,0.9989540103301401,1.0009797125720248,0.07425925958213027,0.40045902151230806,150030205,39,TIC150030205_sector39.npy,0.3199788014141432
0.0004916971159485833,0.0041630056540985505,0.00047302340137338764,0.9991337370814243,1.0007183869860214,0.06460250063890285,0.8262619566022109,141809220,94,TIC141809220_sector94.npy,0.3199785747937442
0.0003452227647018059,0.0026782769713660226,0.0003650860030338428,0.9994590266320105,1.0005622174435478,0.10892128947389998,0.49719656226308917,260127606,13,TIC260127606_sector13.npy,0.3199763991310633
0.0006799651395028935,0.006859242359444906,0.0007336954423433018,0.9989318893753871,1.0010698424287996,0.10917579552448041,0.8961362690238723,149121385,94,TIC149121385_sector94.npy,0.3199737896469759
0.0003654920718960081,0.002559471467352914,0.0003998313774757904,0.999412465108713,1.0006156026868451,0.1384230721775386,0.18658183888456303,350299588,33,TIC350299588_sector33.npy,0.319971246098316
0.0005561730025300416,0.0044137702135768064,0.00060565966390912,0.9990997552094153,1.0009145183032178,0.1520900655263084,0.5848280816961928,150030205,29,TIC150030205_sector29.npy,0.31996529557228637
0.0004437210664898059,0.0035136846005241473,0.00048137835839879005,0.9992649676977585,1.000725196146995,0.008530867086075963,0.04570144552768429,260655847,95,TIC260655847_sector95.npy,0.319965180590578
0.0003784867169287461,0.003191195623094556,0.0004011927842996771,0.9994131463161994,1.0006119904887951,0.011056663233817245,0.20412947738937826,350522196,11,TIC350522196_sector11.npy,0.31996504858613073
0.00043592279746542783,0.0036303570759403936,0.000492812500149196,0.9992767464878424,1.0007483382906097,0.07761288209993131,0.4089758098609111,177252842,33,TIC177252842_sector33.npy,0.31996132888459894
0.0005354349837595415,0.004141253546335322,0.0003521242222667888,0.9991257495124417,1.000825444668937,0.05646297716663781,0.11736900626084346,350444342,3,TIC350444342_sector3.npy,0.3199574934658921
0.0005970502319371672,0.004357404141554833,0.0005653663747401834,0.9989748183648114,1.0009248666221746,0.18854932219441764,0.41846639022333365,141911519,97,TIC141911519_sector97.npy,0.3199574778024838
0.0005813756335774901,0.004388742686048164,0.0005698950423567542,0.9988802961449748,1.0009173751355513,0.016704988381914407,0.5307976615824619,141809220,32,TIC141809220_sector32.npy,0.3199538768858761
0.0004862975981784861,0.0035155953713167376,0.0005177484129603268,0.9991912615179566,1.0007844540149706,0.055119114413430356,0.17766002704939376,177252842,97,TIC177252842_sector97.npy,0.31995238445160745
0.0006362668317607279,0.004800855693612105,0.0006949399443350436,0.9990121423300934,1.0010668857010994,0.10383036034470623,0.36014011824339454,260708537,36,TIC260708537_sector36.npy,0.3199520848049907
0.0003755222722169792,0.0030960813529530284,0.0003935591201148657,0.9993994329678547,1.0005933856622509,-0.08179327863579175,0.1915708083366332,260659557,95,TIC260659557_sector95.npy,0.319951636917691
0.0006443154963237491,0.0057973811681661935,0.0006625263453343873,0.9990370411930616,1.0011662505313261,0.08848155836461172,0.7139915997403281,260419879,4,TIC260419879_sector4.npy,0.3199514640616634
0.0003735042901707837,0.002821826437377495,0.00034706513698666753,0.9993708109524148,1.0005708093074919,0.013630220610538212,0.11276428143765926,278865342,33,TIC278865342_sector33.npy,0.31994911511122764
0.00036633127492871696,0.002504635315307646,0.0003567768617656727,0.9993823294335622,1.000617945999696,-0.07642424129790791,-0.03220115000860968,141865875,66,TIC141865875_sector66.npy,0.3199489893136305
0.00037305745955305825,0.0025377060401440277,0.0003816247393371797,0.9993816949310126,1.0006181272912487,-0.00701380547596765,0.08720661523368811,141865875,64,TIC141865875_sector64.npy,0.3199489893136305
0.0006029856040203118,0.005490125256374712,0.0006560936479595221,0.9990611253283977,1.0010213700317334,0.11511783423850133,0.7262432293501591,260419879,29,TIC260419879_sector29.npy,0.3199373446172866
0.0005385338371494561,0.004280192417950857,0.0005697739991213409,0.9991626628198791,1.0009143734102282,0.08879782017186452,0.3727889788940244,260043481,90,TIC260043481_sector90.npy,0.3199371335125749
0.0003590838680296835,0.0031216400685805112,0.00036617915488094553,0.9994395455068412,1.0005858318714982,0.1765775504081313,0.5525784386462607,350742475,35,TIC350742475_sector35.npy,0.319935078351536
0.00037014385253013977,0.0028959309263923982,0.0003656128274017066,0.9994096343574486,1.0006011780199044,0.16241574362985478,0.5739296319166525,278865342,9,TIC278865342_sector9.npy,0.319935078351536
0.0003546092937402236,0.00310148440426794,0.0003699454863496664,0.9994111699139808,1.0005750226452528,-0.05636817819418301,0.5253224711642503,350522196,89,TIC350522196_sector89.npy,0.31993274406717254
0.00036698929723567213,0.00268260926882935,0.0003578549682938028,0.9994032897913311,1.0005987149598796,0.10183366751182138,0.11374277305521252,141865875,96,TIC141865875_sector96.npy,0.31993024557638444
0.00035619820231217727,0.0025154477280107113,0.00034705514632419796,0.9994248421404367,1.0005838747920643,0.10755732394241951,0.04888371095385802,141865875,34,TIC141865875_sector34.npy,0.31993024557638444
0.00036622448721141564,0.002827011770610177,0.00039404187274241396,0.9994246019949232,1.0005938569001296,0.07438365968667385,0.3331075924640299,141770198,12,TIC141770198_sector12.npy,0.3199297514712472
0.00034607199249128874,0.002762365240432163,0.0003531107119915196,0.9994525489894206,1.000597592204211,0.1220305646177101,0.37340126949269425,278865342,7,TIC278865342_sector7.npy,0.3199270750373867
0.00039141095102736745,0.002712022472059372,0.0004442738908422483,0.999364356106365,1.0006493875771627,0.1366022689311918,0.2995340304645322,278683664,89,TIC278683664_sector89.npy,0.3199266538617389
0.00039864134420416206,0.0038695993204576062,0.00041611127045409926,0.9993675729264574,1.000675402459243,0.15562096361785588,1.0214182732518093,177252842,66,TIC177252842_sector66.npy,0.31992176320966137
0.0005349664403953493,0.0046532892238621,0.0005915362741588338,0.9991511774110495,1.0009027579719683,0.11783487742698803,0.5416640909116195,350842552,7,TIC350842552_sector7.npy,0.3199159811138303
0.00035851448190476543,0.002660608900984518,0.00039262334449555305,0.9994487683864821,1.0006265259183518,0.2164337081361726,0.4774927507442759,350742475,7,TIC350742475_sector7.npy,0.31991068076150386
0.0005383850438052559,0.004654381708906974,0.000583813098006751,0.9991502666876689,1.0008687710198043,0.09961121676003155,0.5854856215759274,260043481,93,TIC260043481_sector93.npy,0.31991026873360834
0.00039024232718458927,0.003403389042823002,0.0003969994849160262,0.9994043437540806,1.0006388510454272,0.07219007724644974,0.9177910654042694,141805180,90,TIC141805180_sector90.npy,0.3199102378601246
0.0004684065054598645,0.0036274896977247506,0.0004781606633328742,0.9992719300303482,1.0008081654354595,0.23883366205798048,0.865765235594993,350343922,13,TIC350343922_sector13.npy,0.3199008694337611
0.00042707239280074426,0.003305146264069636,0.00042264552525638464,0.9993257829718399,1.0007586507112922,-0.01663574220093637,0.1971310728072342,177252842,68,TIC177252842_sector68.npy,0.3199001467232254
0.0005772360329375251,0.0045547455637784395,0.0005435724555075165,0.9991131118124206,1.0009540137576256,0.10485100951633107,0.5816905236928132,141911519,96,TIC141911519_sector96.npy,0.31989585014982
0.0004721998723056471,0.004079092839870069,0.0005183682037302304,0.9992423091611825,1.0007756674534456,0.17586682561587716,0.7021079303876858,177252842,27,TIC177252842_sector27.npy,0.3198949411951581
0.000541889633011502,0.004156138526437481,0.000581015481829538,0.9991651215205481,1.0009183138127793,0.22566702508908942,0.5498513409297714,150030205,36,TIC150030205_sector36.npy,0.31989198917663275
0.0005055201349964425,0.004076962250541216,0.0005574187036824598,0.9992031397381389,1.0008738295086892,0.09919359563058307,0.37709195435320897,350842552,95,TIC350842552_sector95.npy,0.3198913581010833
0.0006795996499783285,0.004912905660045541,0.0006811447554841551,0.9989411738525971,1.0010591990436897,0.0005669110037972093,0.055532604726524326,278776865,3,TIC278776865_sector3.npy,0.31989116909876647
0.00046733551899389813,0.0033392873014530533,0.00033603014136348447,0.9991577810665362,1.000724592655158,0.06433716993139903,-0.002062306807302239,374912345,68,TIC374912345_sector68.npy,0.31989071957636167
0.00047898350230574804,0.0034221616816052514,0.0004973180964376899,0.9992557378044545,1.0008407271941806,0.04481692048615737,-0.03346493127880468,177252842,94,TIC177252842_sector94.npy,0.319887988673342
0.0003717556826594644,0.0027774604775024914,0.00040182391453524033,0.9993709338891742,1.000613270943792,0.11453315560333234,0.3181783047706994,350742475,97,TIC350742475_sector97.npy,0.3198873112653404
0.00048692474583774076,0.0037877861683696112,0.0005261160074094743,0.9991987932788979,1.0007671443939874,0.11434001861812411,0.5588958172026959,177252842,13,TIC177252842_sector13.npy,0.3198782310190393
0.00045357380743876735,0.003932571942984464,0.0004782487101819354,0.9992886514013152,1.0007837226444478,0.21792982983110873,0.7917222833634368,350343922,30,TIC350343922_sector30.npy,0.31987486120399056
0.0007018733611305263,0.0056290594126273685,0.0007452353815824748,0.998891855069258,1.0011434611295384,0.14469440517520374,0.7903367976765678,149269178,30,TIC149269178_sector30.npy,0.31987312240046223
0.0003548859175580583,0.0028196894660826866,0.0003351429702456834,0.999463559949543,1.0006552281814183,-0.009725476250392119,0.11263264772080639,278865342,67,TIC278865342_sector67.npy,0.31987006619852776
0.00043026894591198837,0.003919309296876339,0.0004698695112230411,0.9992764394878303,1.0006739320227518,0.08246165322048463,0.8732204028143022,260042834,5,TIC260042834_sector5.npy,0.3198686832883795
0.0006617782096327876,0.005529683548157527,0.0007288443450124525,0.9989527245651678,1.0010964623290588,0.13454746199657913,0.45918246057245904,260079513,64,TIC260079513_sector64.npy,0.31986572311792866
0.0006810199884051964,0.004823545267766627,0.0007271812552208554,0.9988695739267293,1.0010859817010098,0.16037176198168906,0.09327864267710195,260127606,97,TIC260127606_sector97.npy,0.3198655714402755
0.000690493014906236,0.005290246720093816,0.0007526082865499299,0.9988732589763433,1.0010883107488076,0.09307137373843907,0.3849483519705448,350862394,63,TIC350862394_sector63.npy,0.3198593680842302
0.0004290923215514864,0.0028799127646418343,0.0004073637551519073,0.9992371292677698,1.0007048945320633,-0.012677134354885,0.16588812604623948,260128701,35,TIC260128701_sector35.npy,0.31985750655776485
0.00044845007927693027,0.0033663770118199654,0.0003522738021746572,0.9992946268972529,1.0007506558116335,0.17759827561082808,0.19583358967440923,374912345,39,TIC374912345_sector39.npy,0.3198557509491696
0.0006488601108762246,0.005347485771433624,0.0006945165813171261,0.9989273593646907,1.001073151817509,-0.0775119584067706,0.6309468159035503,260079513,66,TIC260079513_sector66.npy,0.31984935876384396
0.00044685715047492554,0.003827508187565387,0.00048042178993611985,0.9992801028859034,1.0007229458048237,0.05215349062434314,0.815498659106126,260655847,68,TIC260655847_sector68.npy,0.31984883714295265
0.0003702330097650563,0.002516225625351254,0.00040826282819250015,0.9993755036067926,1.0006244915627704,0.1069986792566344,0.35203411461110745,260042834,68,TIC260042834_sector68.npy,0.31984810918138
0.000662099368661902,0.0058384556172177415,0.0007328736401122507,0.998950047380863,1.0010838238909427,0.08463488970748387,0.4171028684693483,260079513,88,TIC260079513_sector88.npy,0.31984257845310105
0.0004026394253044416,0.003183403297191245,0.00034937922512983646,0.9993483063985955,1.0006419859997533,0.2141976796845627,0.3576148310841196,374912345,29,TIC374912345_sector29.npy,0.31984128247889804
0.00038855689017280534,0.003546848245154721,0.0003932158772845198,0.9994050748654426,1.0006376962350256,0.23390817731792238,0.750277444308161,141805180,32,TIC141805180_sector32.npy,0.31983387363499083
0.00040189071081213795,0.0030878283762049152,0.0004094992607038824,0.9994129211688682,1.0007134290358284,0.23522253673464547,0.6107596419472405,260659557,6,TIC260659557_sector6.npy,0.3198337936613756
0.0003551019907798269,0.0029510634655357526,0.0003844289838239665,0.9994346767305855,1.0005903968950642,0.031498072312705835,0.40252282457010535,260002453,27,TIC260002453_sector27.npy,0.31983124776297517
0.0006418474849099987,0.005925079991750293,0.0007012858426329171,0.9989420296303758,1.001055385853697,0.035320770936799216,0.4557534568667818,260127606,69,TIC260127606_sector69.npy,0.319830268829061
0.000360624287369453,0.002693837877501548,0.0003454447653827251,0.9994551690761023,1.0006429529015897,0.08909273338497975,0.06827843011305035,278865342,35,TIC278865342_sector35.npy,0.31982994554502825
0.000631783400237801,0.00430944797968924,0.0006649629642815031,0.9990274629284045,1.0010595954277361,0.11621314317231646,0.1490735099272027,149269178,66,TIC149269178_sector66.npy,0.31982977521978034
0.0003555960581227797,0.0026896748483330457,0.00038769813333472733,0.99946028675918,1.0006031715747516,0.03638944912408284,0.49255772752019134,350742475,1,TIC350742475_sector1.npy,0.31982720722822133
0.0003869658690906915,0.0031066378159158026,0.00040151454707314943,0.9993646146983179,1.000625280399962,-0.015035147045614579,0.76005367544888,278683664,27,TIC278683664_sector27.npy,0.31982592551159506
0.0004199555938750006,0.003859902524725345,0.0004446486946823421,0.999334434449963,1.0007026573988032,0.22351482847425222,0.9714977651227072,260042834,37,TIC260042834_sector37.npy,0.31981967261962824
0.0004460691368710819,0.0032741528954886023,0.0004351633133344851,0.9991595461890077,1.00068187882296,0.059547079303671285,0.37086439669291504,350343922,67,TIC350343922_sector67.npy,0.31981705707596836
0.0004035463882202158,0.0033788486853931765,0.00042741303454957373,0.9993712982029281,1.0006846575176116,0.23197186659356894,0.5943610113369568,260042834,61,TIC260042834_sector61.npy,0.3198142322751248
0.00039889374556860066,0.0031000652794451744,0.00042302048090212257,0.999360135505573,1.0006942234596987,0.2396589005603984,0.5846304765141066,149971828,8,TIC149971828_sector8.npy,0.3198142322751248
0.00035523082597858186,0.0029394138144582804,0.000358909688066292,0.9994344706856289,1.000590565540875,0.2232964958194851,0.45982561128526234,350522196,2,TIC350522196_sector2.npy,0.31981042671220294
0.0003514599780036969,0.002984344313334719,0.00038523992117397423,0.9994472083210761,1.0005998989842888,0.22121074917457803,0.4933543148337014,350742475,13,TIC350742475_sector13.npy,0.31981042671220294
0.00043302042634921916,0.0029864528619659714,0.00046939211874703055,0.999309172735241,1.0007494560142733,0.07511393321088249,0.2665444187095365,350343922,6,TIC350343922_sector6.npy,0.3198097856043121
0.0006528145205041481,0.005356684711745663,0.0006804231990099171,0.998943217901316,1.0010674616264792,-0.003326713747987756,0.6477950045468286,260127606,95,TIC260127606_sector95.npy,0.31980940691549153
0.0006734112362281742,0.005420599996551534,0.0007250479148079585,0.9988844451712255,1.0010873426693587,0.0748614543051399,0.5347768867217972,278776865,37,TIC278776865_sector37.npy,0.31980734441241443
0.0004002631113226444,0.003735202362737833,0.00037681193362269994,0.9993101884665148,1.0006292292867918,0.162843456013832,0.8961573945516079,278865342,30,TIC278865342_sector30.npy,0.3198071892767301
0.0006479339184125761,0.0049532116858108655,0.0006967026201941793,0.9989661768329906,1.001045473681698,0.07958164286958891,0.28044177800981007,260419879,11,TIC260419879_sector11.npy,0.31980663892175126
0.0004226607162408467,0.002926017700087158,0.00037142594348168773,0.9992341407354332,1.0006835327586396,0.16707889978702856,0.07703580790167486,149121385,4,TIC149121385_sector4.npy,0.31980196223812335
0.0007017988578875985,0.0057730187872523375,0.0007483454059298868,0.9989037967820855,1.0011360825117341,0.14554089668146955,0.7319341431740258,149121385,69,TIC149121385_sector69.npy,0.3197998957796783
0.00039056908338214505,0.0027374468837514376,0.00042728925228325735,0.9993770557113273,1.000621534268461,0.14603327062727844,0.3093497786765189,278683664,10,TIC278683664_sector10.npy,0.3197976649746939
0.0003903019664692206,0.002654564278499083,0.0003769376604286183,0.9993406380241667,1.0006438324983296,0.11656103685935121,0.202928168341868,278865342,37,TIC278865342_sector37.npy,0.3197959887820333
0.0006252798695983704,0.0051910753783778185,0.0006831434631777808,0.9989675579611896,1.0009966515820274,0.22166508056020087,0.6807390443141879,260708537,31,TIC260708537_sector31.npy,0.31979511322747295
0.000395298445934278,0.0026128160763698727,0.00039985847747067536,0.9993369638187248,1.0006365271064035,0.04173783618485253,0.12785091940987092,149121385,8,TIC149121385_sector8.npy,0.31979494430669764
0.0006309942572850416,0.0048793917665953535,0.0006830638848820303,0.9989989314489556,1.0010411438063107,0.19296468210890158,0.6800917843752212,260708537,37,TIC260708537_sector37.npy,0.31979008051459124
0.00046839239694553524,0.003424686936281285,0.00048796395314454447,0.9992880188170676,1.0008457823531525,0.05722579936691466,0.04445125603351263,260655847,97,TIC260655847_sector97.npy,0.3197811469848795
0.0004626700143554846,0.0036326185254431653,0.0004665927358040229,0.9991850717417078,1.0006875809262517,-0.031234623530699994,0.7185035860760496,141809220,29,TIC141809220_sector29.npy,0.3197799565165264
0.0006772778518119875,0.00545459648645874,0.0007319208273221112,0.9988776676757255,1.0010515566683065,0.16205829830136737,0.7265223647360086,350444342,94,TIC350444342_sector94.npy,0.31977746090054515
0.0005468528931122719,0.004561475348526578,0.0005809830378084531,0.9991418244105402,1.000895752504003,0.1359631504819426,0.5994654674834248,150030205,35,TIC150030205_sector35.npy,0.3197745090151623
0.00036190560746337044,0.002839375176006964,0.00038989840995758146,0.9993786473215481,1.0006088194250218,-0.07714213880095434,0.44226988670778633,278683664,87,TIC278683664_sector87.npy,0.3197725121839875
0.0006025914743633292,0.0047503036966860535,0.0006499311295012434,0.9990407046308423,1.0009577635541307,0.16773590480896303,0.7475356380356892,260708537,10,TIC260708537_sector10.npy,0.3197712510107956
0.00037401275765636214,0.0031106901469413195,0.00037691303407091627,0.9994406765936787,1.0006003482071588,0.045916900496062486,0.3848909886757452,141805180,35,TIC141805180_sector35.npy,0.3197710353390048
0.0003734660529556017,0.003208774341607268,0.0003733599349556199,0.9993570747417325,1.0006056217300539,0.001188087044037346,0.35289204614509995,278899461,98,TIC278899461_sector98.npy,0.3197710353390048
0.0006568848379615544,0.005704157936537113,0.0006756791572340774,0.9989606554352746,1.0011037260763929,0.09356990874227833,0.7001136837524293,260419879,7,TIC260419879_sector7.npy,0.3197694744736197
0.000667772392532831,0.00667383497461882,0.000697949818862479,0.9989738279654269,1.0010886415220768,0.12965534561733214,0.7621440267128943,350862394,7,TIC350862394_sector7.npy,0.3197693105080773
0.0003692269607806574,0.002780114185709781,0.0004062765623591981,0.9993785814592673,1.00061063340022,0.0021888709975179895,0.44705623517198667,278683664,62,TIC278683664_sector62.npy,0.3197557234405292
0.0006946778818362938,0.005752685934110824,0.0007481494745899841,0.9989316640935045,1.001108036347787,0.16115782235378479,0.4419102486339592,260127606,90,TIC260127606_sector90.npy,0.31975366743443145
0.0006731145244940956,0.005675563748670731,0.0007305139535228268,0.9989571130727596,1.0011502355688462,0.13319095645516563,0.5802421079658284,260079513,35,TIC260079513_sector35.npy,0.31975221462280334
0.0007099643945956492,0.004599683085866224,0.000494896112626299,0.9988663667810086,1.001243144070767,0.06187012663417074,0.1674275622640189,293268667,10,TIC293268667_sector10.npy,0.31973676459878736
0.000683210251357175,0.005388486198400044,0.0007082429529842337,0.9989113727920742,1.0011474041031065,0.20126288648523125,0.5999842545825351,278776865,35,TIC278776865_sector35.npy,0.319729877726192
0.0006601399871266022,0.005463309109917325,0.0007438075874345492,0.99896214461842,1.0010533154792423,0.17651794454940906,0.6676955852091453,278899461,88,TIC278899461_sector88.npy,0.3197229233559501
0.00042459109438758443,0.003058446389674896,0.00045025165616063796,0.9992632843630702,1.0006928476394312,0.05963302291103111,0.38118662036199735,350343922,5,TIC350343922_sector5.npy,0.3197191122802131
0.0004429259657189009,0.003529259314846267,0.00040138166032129723,0.9992634905585903,1.0007047398029627,-0.02084572168980651,0.36241983480306894,140997242,13,TIC140997242_sector13.npy,0.31971688976165513
0.00039869983308008525,0.0027422748820674636,0.0004214632816688407,0.9993597898711938,1.000666106842681,0.11927820738074534,0.21039389633282513,260042834,31,TIC260042834_sector31.npy,0.3197168446620252
0.0006736436254905522,0.005806484661991851,0.0007030571252160768,0.9988720956177595,1.0010697297685385,0.1389048178855754,0.33122449555024147,278776865,4,TIC278776865_sector4.npy,0.3197133104935784
0.000437225468349518,0.0032527445803415267,0.0004813594737155803,0.9993198919181321,1.000773545757353,0.1565776663557613,0.3765804981392975,260042834,38,TIC260042834_sector38.npy,0.31971223037431884
0.0006309170139193304,0.0056592140539667435,0.0006833858283701743,0.998979624092365,1.0010102801888094,0.00043435320447420456,0.47649483437589746,261417533,94,TIC261417533_sector94.npy,0.31971216038086253
0.000637374461912318,0.005457391702659797,0.000699108337108897,0.9989629257232798,1.001021089979559,0.046013044523410616,0.4725276854926288,260708537,2,TIC260708537_sector2.npy,0.31971216038086253
0.0003902729581746097,0.0029790223259794635,0.0004327496796682862,0.9993656851023304,1.000594215059755,0.12257175086307101,0.35576284668410807,149971828,27,TIC149971828_sector27.npy,0.31971208533707
0.0004689029606563512,0.0035384386445868055,0.0004781855234351057,0.9991934151745614,1.0007342148689666,0.16001969971753296,0.29658112042930673,176873028,33,TIC176873028_sector33.npy,0.3197118180602003
0.0003591409961501183,0.0028546663366196823,0.0003644898719728017,0.9994062998204832,1.0005916936835737,0.008742053149713068,0.11131637208879752,141865875,63,TIC141865875_sector63.npy,0.3197083437525778
0.00037154292476368283,0.002878628769270475,0.0003618694806761977,0.9994128274865945,1.000589757608026,0.022467740715779734,0.06220341912336913,141865875,12,TIC141865875_sector12.npy,0.3197083437525778
0.0006274906975374439,0.004595041093115815,0.0006857668501294664,0.9989805819524624,1.0010326119500705,0.07962108581736056,0.2692017825000379,278730120,94,TIC278730120_sector94.npy,0.31970256990179685
0.00036619138637252423,0.0030265172646533056,0.0003528794711551507,0.9994377565247108,1.0006687488999926,0.21674045548131396,0.5708734753260725,278865342,6,TIC278865342_sector6.npy,0.31969362709421395
0.0003584121305078973,0.003077388570893347,0.00039234677347102287,0.9994105305654448,1.0005966323162871,-0.03352335792212365,0.4674784034111523,278683664,68,TIC278683664_sector68.npy,0.31969198502822704
0.0003617727781450652,0.0029298368024776034,0.0003868660748355725,0.999440130384465,1.0006147676968464,0.19670935485801228,0.4385339216461688,350522196,9,TIC350522196_sector9.npy,0.3196916625941199
0.00043203120640483147,0.0031519336486843796,0.0003723089352753349,0.9992870170817335,1.0007403397529107,0.052320509278855704,0.23231070492302308,140997242,1,TIC140997242_sector1.npy,0.3196907991703304
0.00043510986805543063,0.0035605745205854467,0.00046034433480602737,0.9993098507003976,1.0007528674564938,-0.011649115478908898,0.40953240540576363,350343922,66,TIC350343922_sector66.npy,0.3196897475651847
0.00038919319137101335,0.0025351122332774034,0.00036994708823353097,0.9993657772685864,1.0006336373800095,0.06086230820332177,-0.028409734113692853,141865875,31,TIC141865875_sector31.npy,0.31968793268005224
0.0004016210340425001,0.003656507136316045,0.0004378253430071607,0.9993530970085256,1.000656732853379,0.20414038217244734,0.9706258283621718,260042834,2,TIC260042834_sector2.npy,0.31968606382050124
0.0003584136348869381,0.0029489081815781137,0.00038992905216027714,0.9994201325960006,1.0006016263788584,0.17433297029266565,0.6428596897862615,141770198,13,TIC141770198_sector13.npy,0.3196854938284578
0.00046624870929267386,0.0035500065445825957,0.00046315209311872344,0.9993209939539722,1.0007836308120637,0.13685459447225512,0.3548451904744008,177252842,88,TIC177252842_sector88.npy,0.3196789028833166
0.0006553157964459421,0.005098477292891257,0.0007139936639451526,0.9989487378706164,1.0010874593387007,0.15741714982324917,0.6181886620389667,260079513,28,TIC260079513_sector28.npy,0.31967865079717656
0.0004567929797949401,0.0030364902255890502,0.0004132626379088371,0.9992769830436989,1.0008036512585397,0.15381002392165657,-0.02394954574030672,141809220,98,TIC141809220_sector98.npy,0.31967701520848313
0.00045316723662784425,0.003716699707620452,0.00046403089636314814,0.999263875621602,1.000733619164364,0.13437662463705086,0.36219348114791083,177252842,62,TIC177252842_sector62.npy,0.3196701889824794
0.0006445780912082876,0.005221710368292665,0.0007286107390420408,0.998976216303747,1.0010677070115708,0.0750745171549727,0.46815558111921396,278730120,64,TIC278730120_sector64.npy,0.3196687914708703
0.0004691484158109543,0.003653515365595328,0.0004114082229138153,0.9992543297677927,1.0007830258361674,0.00990344787361276,0.23997905205350056,260128701,64,TIC260128701_sector64.npy,0.31966750197606225
0.0003634165781767747,0.0025414607761994334,0.000391325831969202,0.99943341397498,1.000616420048216,0.11312533880911227,0.32443185534733265,350522196,7,TIC350522196_sector7.npy,0.31966060964419085
0.00038181037138786296,0.0031421279082676223,0.0004143948047431797,0.9994031362991165,1.0006490433458746,0.17455312580878418,0.7321848064441778,278683664,13,TIC278683664_sector13.npy,0.31965767205970247
0.00037831099065415574,0.0027316239036973,0.00036854095135294195,0.9993885549473155,1.0006334944891317,0.05130936638592662,0.1086334579294932,141865875,32,TIC141865875_sector32.npy,0.31965602496462087
0.0004316740293943603,0.0030143684628769485,0.0003629766399497726,0.9992687484416886,1.000687392969789,-0.025212997623307462,0.08597719714222363,140997242,3,TIC140997242_sector3.npy,0.3196512772117509
0.0005417010823202289,0.0046245848583086335,0.000589407726299661,0.9991216039293483,1.0008751238071487,0.12093680158106472,0.662560404244374,260043481,88,TIC260043481_sector88.npy,0.3196509172535362
0.0005449847031335104,0.004361175619985613,0.0005809523232948903,0.9991190961017172,1.0009158312895279,0.0868459870003561,0.2913040529089792,150030205,12,TIC150030205_sector12.npy,0.3196372950779828
0.0007046745275866521,0.005580867150240532,0.0006872992961258268,0.9989037700992454,1.0012500084384073,0.08677054184564938,0.1579629280476098,278776865,96,TIC278776865_sector96.npy,0.31963127348402265
0.0006441433412269205,0.005234231879069906,0.0006952716838613233,0.9989666714784875,1.0010683705723002,0.16957624247047265,0.6408601879915921,260127606,93,TIC260127606_sector93.npy,0.31962696229196846
0.0003696513058134796,0.002789956211519229,0.0004070505927111909,0.9994111542004107,1.000617070829383,0.12103561708199181,0.33201804957165537,278683664,28,TIC278683664_sector28.npy,0.3196244064037148
0.000398114061533223,0.003357779992578913,0.00042068693732823774,0.9993829704462828,1.0006773058985057,0.20314779242097908,0.4747241731099243,141910606,5,TIC141910606_sector5.npy,0.31962375316981567
0.0004079407473129262,0.003532035659986388,0.00040069079212855853,0.9993098626674148,1.0006502469850693,0.053010453025274684,0.9144417310950854,141805180,66,TIC141805180_sector66.npy,0.3196237215640727
0.0004875459650656784,0.004180420051148048,0.0005390634505083915,0.9992087409847388,1.0007901255829716,0.011999241045179647,0.659358365185688,150030205,2,TIC150030205_sector2.npy,0.31962259688831757
0.0006556319352919813,0.005664021006621778,0.0007105562446940855,0.998941097639344,1.0010779653733124,0.041764186276637735,0.5564212510542723,149121385,87,TIC149121385_sector87.npy,0.31962249557457434
0.0006511179521432752,0.005919574804852834,0.0006937597629866674,0.998977648157706,1.0010778284847195,0.1794515530627935,0.5781837391463367,260079513,87,TIC260079513_sector87.npy,0.3196184365386287
0.000389811546246176,0.002893311820858724,0.00043370136492854576,0.999354444783512,1.0006665044571599,0.047344001952420604,0.3026254716356105,141910606,32,TIC141910606_sector32.npy,0.31961094515064375
0.0006382120460401363,0.005332885290613376,0.0006805797847641347,0.9989526351769796,1.001055143555361,0.09453775382594448,0.716998269348105,260419879,27,TIC260419879_sector27.npy,0.3196061902754154
0.0007001371502443091,0.005271881650392718,0.0006951962911782741,0.9989148321342397,1.0011224124989007,0.14789215941611442,0.09273755848897114,167523976,36,TIC167523976_sector36.npy,0.3196056018000347
0.0004004939813099145,0.0029563531787922814,0.0004378786741066915,0.9993661315683885,1.0006870022758652,0.19837486842363505,0.5398260433238642,141910606,39,TIC141910606_sector39.npy,0.31960420462987216
0.0004052364161574902,0.0031878124872438685,0.0004359869610322679,0.9993292144795412,1.0006393083692713,-0.012373327718490671,0.30625246679266693,141910606,64,TIC141910606_sector64.npy,0.319594002033105
0.0003698044325481568,0.003025248028758809,0.00039212266465186264,0.9994229318460723,1.0006072309470981,0.12079752651385849,0.19881415766334243,260659557,28,TIC260659557_sector28.npy,0.3195938238112584
0.00039652767192632137,0.003438493207966964,0.00043296964396911844,0.9993847254753759,1.0006596999372466,0.21775844402850328,0.7385483847644863,141910606,6,TIC141910606_sector6.npy,0.31959090972514675
0.00037884452101254277,0.002996837324078072,0.00042020901961984666,0.9993790341408216,1.000621270836168,0.234003223085079,0.6175725163832895,260659557,5,TIC260659557_sector5.npy,0.31958802117546214
0.0004917439979304548,0.0034646559077083916,0.00038343137407192393,0.999229561051985,1.0008869084164949,0.20369987392175865,0.10237448197991883,260128701,87,TIC260128701_sector87.npy,0.3195768200033933
0.00045706043685936115,0.0036037661709877877,0.00048032909937911273,0.9993067369339763,1.0007649549072954,0.1864011026226585,0.5995754808765894,176873028,28,TIC176873028_sector28.npy,0.31957567675612936
0.0006907542261573366,0.005583268121276963,0.0007447367737030409,0.9989235537052963,1.0011539233855336,0.12473662829291973,0.6896052171331277,149121385,30,TIC149121385_sector30.npy,0.31957175189758824
0.00039341179491717893,0.002722006819987688,0.0004132058123098164,0.9993777900212314,1.0006626273345949,0.12477461087529268,0.02780633976478697,141910606,96,TIC141910606_sector96.npy,0.31957033849094385
0.000376979936765518,0.0028787452109642064,0.00039331481847422017,0.9993944548566412,1.0006050710834342,0.14648534495943238,0.15412301845785237,141865875,97,TIC141865875_sector97.npy,0.3195697244726609
0.0006907725702002688,0.006437587843348802,0.0007241565470740847,0.9989248996896531,1.0011464712359714,0.09266703001425126,0.8846426300254735,260127606,94,TIC260127606_sector94.npy,0.3195655120904419
0.00041350378737858796,0.0029656169728183857,0.00044140746183512776,0.9993335778268797,1.0006667588285394,0.16790962515713512,0.002590018591258403,260042834,67,TIC260042834_sector67.npy,0.31956187371061706
0.00042321572230754446,0.00279499219745194,0.00037530390458133666,0.9993284079782241,1.0007011061785804,0.14072879471911703,0.3121408238665544,374912345,33,TIC374912345_sector33.npy,0.31954833005796324
0.0004266019138660377,0.0033918048842704884,0.0004358705528792272,0.9993542692926105,1.0007811004589398,0.2112928106150954,0.31114241904016327,141805180,37,TIC141805180_sector37.npy,0.3195473849036311
0.0003722223888877382,0.0024890809396433955,0.00034931209812150214,0.9994021028551154,1.0006416797311684,0.07590214481240154,0.060767597623811564,278865342,1,TIC278865342_sector1.npy,0.3195457315122487
0.0004106205056100349,0.003202517974003727,0.0004198517351090337,0.9993411586325938,1.0006840850212981,0.03320439894840581,0.32045007036772066,260042834,65,TIC260042834_sector65.npy,0.31954334544048824
0.00042436708946640736,0.0031112794625133278,0.00044865813053040235,0.9993212446687239,1.0006905563085158,0.022840929259091307,0.22282905275950293,350343922,64,TIC350343922_sector64.npy,0.3195361133847299
0.0006878304357402662,0.005847889222904135,0.0007442081163576039,0.9988928413387469,1.0011271166933366,0.11657982964718704,0.5930705073694162,149121385,93,TIC149121385_sector93.npy,0.3195353849303175
0.0006979054861490364,0.006074488410845236,0.0007387036207303016,0.9988936479045288,1.0011510326409014,0.09803443880741748,0.5955874234472058,278776865,66,TIC278776865_sector66.npy,0.3195353849303175
0.00037290410215230557,0.0030442707332845043,0.0004124569596813095,0.9993960780016428,1.0005920222472102,0.060715270802457005,0.4421809330649151,278683664,63,TIC278683664_sector63.npy,0.31952954413699525
0.00037883669296996143,0.003359747194916718,0.00041537338204889347,0.9994245444989941,1.0006216709591467,0.1724042201391852,0.827210134355933,141910606,3,TIC141910606_sector3.npy,0.31952879162146247
0.00040339979557886855,0.0030585161949645556,0.0004378669305801509,0.9993198032527966,1.0006772172854965,0.044627014986947273,0.3861735648610205,260042834,66,TIC260042834_sector66.npy,0.3195238018183698
0.0004576186853339602,0.0033635009018924134,0.00037509662548047525,0.9992389970844211,1.000735798148453,0.04823652964980429,0.138360974911647,260128701,90,TIC260128701_sector90.npy,0.31952288381202937
0.00044237538692430147,0.0035487847005248874,0.00048293127430413716,0.9992842402891488,1.0007252994105045,0.16940111426589144,0.49861559063289596,177252842,61,TIC177252842_sector61.npy,0.3195214956563281
0.0005645461271946423,0.004618089579246698,0.0005394835513949011,0.9990874758897181,1.0009213979176679,0.10460431879560876,0.5949601241978688,141911519,28,TIC141911519_sector28.npy,0.31951146560221505
0.000489304184056841,0.0031684724276036524,0.00039701669121175616,0.9992416436221692,1.0008791664862997,0.11884467400518935,-0.015309010786535016,374912345,94,TIC374912345_sector94.npy,0.3195070950452789
0.0006666216596045937,0.0060431376271458115,0.0007279569984681548,0.9989110019531303,1.0011092384032394,0.11574607967403923,0.7048182840075823,260079513,62,TIC260079513_sector62.npy,0.319500679474818
0.0006777980185174743,0.005081470259313048,0.0004997806800638165,0.9989153116496721,1.001059979487311,0.21051969598352915,0.10912073592006521,293268667,30,TIC293268667_sector30.npy,0.3194891232418916
0.00038894935069049604,0.0032249740267329408,0.00042133818735038406,0.999387343320459,1.0006682103292415,0.20132764544363535,0.6372401681991655,149971828,68,TIC149971828_sector68.npy,0.31948742036463196
0.000450838762949599,0.0035568006098029015,0.00048090384299199004,0.9992377882555143,1.0007558622810298,0.17342795269046246,0.5900199339949177,260655847,96,TIC260655847_sector96.npy,0.31948740239983275
0.0006259403214602926,0.004220629678085341,0.0006861004779132661,0.9989923279672603,1.0010756051266108,0.09357103451900887,0.12589546571397836,260419879,5,TIC260419879_sector5.npy,0.31948674449638087
0.0004173689047981735,0.0030588472486599017,0.00045774467010006295,0.9993395101210685,1.0007198138409057,0.20006946902121936,0.5290702819595046,260042834,9,TIC260042834_sector9.npy,0.31948544398761014
0.00039074224552919124,0.0032895752044976856,0.00044130137478774046,0.9993862059700211,1.0006427955304333,0.19381311523029693,0.5016960518134943,278683664,39,TIC278683664_sector39.npy,0.3194852476615411
0.000649912053387055,0.004649648262238126,0.0004706091236641817,0.9989014136412427,1.001018484002488,0.0024586196585922406,-0.016839403651182305,293268667,90,TIC293268667_sector90.npy,0.3194829985585841
0.0004428844007164619,0.0035790080481415965,0.0003800187167738572,0.9993040678382715,1.0007218804344595,-0.042450159169883254,0.5612887185349931,140997242,11,TIC140997242_sector11.npy,0.31947608536665184
0.0003879474893340654,0.003231486316161103,0.0004097295380685223,0.9993885952320231,1.0006345459765764,0.22008592739925567,0.5895824817630331,278683664,36,TIC278683664_sector36.npy,0.319469632051959
0.0003770791787071015,0.0030301058081160237,0.00041782229632143184,0.9993880267822813,1.0006382442924437,0.20035708795941332,0.5353822578189922,350299588,27,TIC350299588_sector27.npy,0.319469632051959
0.00042749589058954483,0.0034310014039758974,0.00046943109306553745,0.9993150147195747,1.0007282879671477,0.09134465490853325,0.4736666605858182,141910606,13,TIC141910606_sector13.npy,0.31946641854814667
0.0003988627665312085,0.003329172646418188,0.000420352468646564,0.9993944589511176,1.0007038064835716,0.05666022158414896,0.3040489247595568,278683664,61,TIC278683664_sector61.npy,0.3194656484740475
0.0003701196088410969,0.0031671577807278473,0.00040766273420466954,0.9994166651807086,1.0006451118359556,0.16476462786717805,0.5612607642789729,278683664,32,TIC278683664_sector32.npy,0.3194613660467094
0.000394673770829674,0.00293250685787394,0.0004400041314380802,0.9993715307791532,1.0006626115173805,0.07876488171217774,0.25045076637664154,141910606,89,TIC141910606_sector89.npy,0.31945858054989795
0.00036155671817316446,0.0034693056706032177,0.0003383633382660846,0.9993886691064359,1.0005770644918135,0.06485785281433556,0.6313827610761105,141865875,61,TIC141865875_sector61.npy,0.31945815134109395
0.00039728023871735786,0.0032416660473807424,0.00040543027421929254,0.9994126165766486,1.0007024972406242,0.1656249455660518,0.7154384787463908,260659557,10,TIC260659557_sector10.npy,0.31945786483895333
0.0006924969545140701,0.004775088267252148,0.0007159643656473664,0.9988316255406625,1.0010571783933864,0.09110532098443494,-0.0677528534422649,141770198,95,TIC141770198_sector95.npy,0.319456423022281
0.000410214228176661,0.0033816440789614655,0.0004359659381402913,0.9993555993685306,1.000699494199694,0.13212155174312976,0.2240781493943671,350343922,3,TIC350343922_sector3.npy,0.31945356409277215
0.00041274466238288334,0.003112257340932345,0.0004516223950482108,0.9993477726488285,1.0007158639209819,0.15076471981189365,0.198932347844897,141910606,65,TIC141910606_sector65.npy,0.31945356409277215
0.0004897098365676443,0.0037730629197464394,0.0003918346722418822,0.9992374422111064,1.000820135804512,0.1417332286842681,0.4034451628042959,374912345,10,TIC374912345_sector10.npy,0.3194501062312263
0.0005031022719732735,0.0037672057451123564,0.00037981428100931415,0.9991837104795709,1.000832330646794,0.07498307817312606,0.1663909680397575,350444342,2,TIC350444342_sector2.npy,0.31944858088526384
0.0003896434023401088,0.0029135966668055735,0.0004210287071084785,0.9993701266929783,1.000662557036152,0.11272028918521304,0.25183652068300555,278683664,12,TIC278683664_sector12.npy,0.31944692703186417
0.00046396485861435597,0.0043888258813096215,0.00044440676751013786,0.9992947548690327,1.000842027046894,0.00356137968814095,0.734045647007552,260128701,11,TIC260128701_sector11.npy,0.31944620675194796
0.00034820954883920064,0.0028165644392638134,0.0003524609539836341,0.9994280584045274,1.0005611023053067,0.08084320598863338,0.5074794584637004,278899461,97,TIC278899461_sector97.npy,0.3194390277645125
0.000411340929763235,0.0034254787779831597,0.00044552287835523735,0.9993275083915247,1.0006981370320478,0.17665373290498193,0.6320049611851628,141910606,10,TIC141910606_sector10.npy,0.31943832644492237
0.00043598463668316094,0.003286847289903805,0.0004674468886549919,0.9993012829297778,1.000763150541955,0.13186772615386338,0.41919157138612606,260655847,93,TIC260655847_sector93.npy,0.319432251692397
0.00038299208162859166,0.003181421255192163,0.0004149837488584572,0.9993912978851373,1.0006479967893127,0.004570443790384302,0.348430773257153,141805180,27,TIC141805180_sector27.npy,0.31942441112400144
0.00045083582288336596,0.003599586592739401,0.0003767971643639104,0.9992601728672725,1.0007361834640622,-0.015093726339757817,0.18643998463215405,260128701,62,TIC260128701_sector62.npy,0.3194156300644735
0.0004649683464716458,0.003581152101066465,0.00044903081933329007,0.9992958919349795,1.0008038612325945,0.14555317004947663,0.15087946148208342,176873028,37,TIC176873028_sector37.npy,0.3194101555779733
0.00038846816677495663,0.002958117677280714,0.00043709688070135385,0.9993935388545799,1.0006498879316885,0.13626233457063877,0.2869395586177319,260042834,63,TIC260042834_sector63.npy,0.3194096440610155
0.0003856564329088707,0.0029066319300293797,0.0004248238440157858,0.9993563032924879,1.0006460768714767,0.15555793848032623,0.3893447544782589,260042834,3,TIC260042834_sector3.npy,0.3194096440610155
0.00044584780146025686,0.0034503200859389294,0.0004806796970837801,0.999319111738453,1.0007543568068993,0.023093924617423964,0.06651235333857253,177252842,90,TIC177252842_sector90.npy,0.31940913509389024
0.0004496836010856581,0.004000474232579543,0.0004745959958816887,0.9992636331879453,1.000728561194935,0.16738648941057135,0.6197967611022404,350343922,33,TIC350343922_sector33.npy,0.3194087136767614
0.0003886050696319171,0.003032962343483936,0.0004345413479224393,0.9993810898696472,1.0006449754632336,0.01502169494965177,0.37475327448089724,149971828,64,TIC149971828_sector64.npy,0.31940487477603646
0.0006760219931384949,0.005745108056463111,0.000698438446574649,0.9989434933301741,1.0010582792136409,0.05876772623205889,0.1889212451777582,278776865,87,TIC278776865_sector87.npy,0.31940408247377
0.000413379047764602,0.0032944069375854257,0.00033540624524614133,0.9993167569436118,1.0006735397701083,0.026257432875609936,0.1189529352437173,374912345,90,TIC374912345_sector90.npy,0.31939637208371585
0.00035950891012282007,0.0026862557921240038,0.00038994498516993796,0.9994347697985261,1.0006156343702115,0.14390974217907918,0.4510854554920041,149971828,28,TIC149971828_sector28.npy,0.319385594985227
0.000586388119443036,0.004644618904240727,0.0005539885287798529,0.9989817725347117,1.0009286683190466,0.10558645875992204,0.44340028084289074,141911519,95,TIC141911519_sector95.npy,0.31938531620886884
0.0003469555271530667,0.003057337993354392,0.00037766739645981196,0.9994510574740304,1.0005634076448613,0.10103834193605317,0.849652995807447,141770198,11,TIC141770198_sector11.npy,0.31938103263736134
0.0004277899175545019,0.0032844199024896215,0.00043838890855097003,0.9993075633629579,1.0006997931641155,0.16294418857367177,0.3226118265975084,260128701,12,TIC260128701_sector12.npy,0.3193793642257437
0.0006447920529505958,0.006063070851945018,0.0006979568229927437,0.9989317792689787,1.0010093778584808,0.1723475194534341,0.707090791636273,350862394,90,TIC350862394_sector90.npy,0.31937689727666907
0.00044377254138240147,0.003063496620462014,0.0003894114319994585,0.9992697868840629,1.0007285752255746,0.023039394211134774,-0.07346614889814251,260128701,96,TIC260128701_sector96.npy,0.31937549519255465
0.00047920541492697675,0.004174811800223943,0.0004892817972024703,0.9992860252839358,1.0008494734955056,0.19286434915322942,0.7620507608341671,176873028,34,TIC176873028_sector34.npy,0.3193724786643997
0.0004924837221711936,0.0035040329145566984,0.000523832547571593,0.999212776431269,1.0008243825336074,0.03296930612965758,0.47514922394448345,177252842,95,TIC177252842_sector95.npy,0.3193648144574528
0.0004291620174746374,0.0031988093912974636,0.0004657725855538059,0.9993188760611345,1.000744164775145,0.1324117783369819,0.4330467123013313,350343922,2,TIC350343922_sector2.npy,0.31935965680298956
0.000651115320400976,0.005207173245496577,0.000665493631525869,0.9989545588609984,1.0010278444821679,0.08667726831833214,0.6898586155013318,167523976,38,TIC167523976_sector38.npy,0.31935469050596343
0.00042252319073629867,0.003216470504184943,0.000388934444171084,0.9992858261686275,1.000670340073937,0.1491252673208034,0.29844161254021895,260128701,34,TIC260128701_sector34.npy,0.31935062242893497
0.0006432322738837641,0.005204317884013987,0.0006956153702172259,0.9990099513541344,1.0010521000757742,0.14592138878911626,0.5235040831505771,350862394,33,TIC350862394_sector33.npy,0.3193499091235294
0.00038402695944509785,0.0036540938837497094,0.0003916262390104339,0.9993813145143864,1.0006423114423044,0.22566797821278767,0.8688899205630651,260659557,34,TIC260659557_sector34.npy,0.31934801142800473
0.000396653754866687,0.003024674116106185,0.0003519270014441314,0.9993631894279033,1.0006853402882065,0.13612558744467226,0.2934468689419134,374912345,63,TIC374912345_sector63.npy,0.3193399909023352
0.0003909669170179568,0.002970810491399245,0.00036325569474495817,0.999299733044708,1.000621215321273,0.08823287473940626,0.1326218870434559,141865875,62,TIC141865875_sector62.npy,0.3193373288123327
0.00038315977054907994,0.002907305633235824,0.0004192585762358602,0.9993854013370032,1.000645419811078,0.16685409257204578,0.5272741787814419,350742475,27,TIC350742475_sector27.npy,0.31933679064493364
0.0003817991638593621,0.0028725401760729685,0.00040655369365835806,0.9993716829101363,1.0006486166580415,0.09231528834976203,0.3430079985653931,260042834,88,TIC260042834_sector88.npy,0.31933545218247134
0.000398636334496106,0.0030065112017583218,0.0003857601529946223,0.9993557990282221,1.0006578162681972,0.17775699767313036,0.4718561175681657,260128701,9,TIC260128701_sector9.npy,0.3193352138508898
0.0004228807341378323,0.0032231439591334787,0.00045247434934330105,0.9993066601834157,1.0007017857329268,0.16545288973161595,0.6228912971363045,177252842,87,TIC177252842_sector87.npy,0.3193196274407724
0.0004093599094868712,0.0028853089799258935,0.00033420225391012163,0.9993360689945758,1.000698737396681,0.08760839442648168,0.03432333916263364,374912345,95,TIC374912345_sector95.npy,0.319307420950992
0.0003795504482936094,0.0028595537000317695,0.00041036806336529303,0.9993717471811128,1.0005960376607577,0.014347519074405244,0.566804484436688,278683664,35,TIC278683664_sector35.npy,0.31929263611458497
0.0004789011335848754,0.0033216526328717633,0.0003615660581499951,0.999241673897432,1.0007748807191046,0.14755279747228076,-0.006637242022607293,350444342,4,TIC350444342_sector4.npy,0.31928956254666946
0.0004065186467868972,0.0032291387659117987,0.0004276553447586285,0.9993724498485967,1.0007283381434542,0.0761045562235641,0.3280016583172398,149971828,95,TIC149971828_sector95.npy,0.3192889972307503
0.0005030728135884929,0.004215444410975988,0.0003849310537469577,0.9991898235418365,1.0008613517465512,0.17655071595009708,0.6151468973883807,350444342,13,TIC350444342_sector13.npy,0.31928704374893874
0.0003952482895151472,0.0029227993520906104,0.00041742248316284944,0.9993824611720734,1.000662256114824,0.09389140292686715,0.3945216285115798,260659557,29,TIC260659557_sector29.npy,0.3192869518416343
0.0003792313508702029,0.0029705585241550647,0.0004177945703521741,0.9994215163570768,1.000649969013816,0.13408155483227,0.40450067725918126,278683664,5,TIC278683664_sector5.npy,0.3192833367919567
0.0004752035771359981,0.0039178014798995076,0.00042125569809999523,0.9992356407894811,1.00077776952826,0.07462877105558616,0.21765642816890018,374912345,97,TIC374912345_sector97.npy,0.31928054780796666
0.00045986058261482935,0.003923486340668081,0.00038679209411385804,0.999247332365658,1.0007827371655273,0.062016455164410025,0.30055665794063735,374912345,11,TIC374912345_sector11.npy,0.3192792558792141
0.00044963987220885706,0.003361531233848525,0.0003847482566527726,0.9992767232056217,1.0007504962167073,0.11554604881698045,0.28127479810930156,140997242,6,TIC140997242_sector6.npy,0.31927348960886
0.00039440235302447247,0.0036011536089296525,0.00043964904353013123,0.9993675360881341,1.0006637493041246,0.19716739568309669,0.6904817970681929,141910606,63,TIC141910606_sector63.npy,0.3192722665682161
0.0006432646125665383,0.005335570575036308,0.0006801448569408582,0.9989221449793799,1.0010373136697317,0.1246269085960224,0.4490606095470975,350862394,69,TIC350862394_sector69.npy,0.31926379099067304
0.0006375695588450029,0.005025134029844391,0.0006873283538689274,0.9989910107363976,1.0010381254305323,0.09095271484287541,0.47330965565866023,260708537,30,TIC260708537_sector30.npy,0.319256203865573
0.000377088338367832,0.0031403587478032735,0.00035102721268925294,0.9993945720763291,1.000630436996629,0.05829722193455385,0.23753450835491163,141865875,95,TIC141865875_sector95.npy,0.31925534575232173
0.0004598951094666929,0.0039360344224878,0.0004890828869519309,0.9992966799847589,1.0007618581820552,0.11537715973625053,0.6229028087561814,260655847,67,TIC260655847_sector67.npy,0.31925418344431783
0.0004066152756773616,0.0037949382039573765,0.00042744364150137677,0.9993853127114791,1.0006717332650235,0.21580722860621596,0.6136791670239123,141910606,35,TIC141910606_sector35.npy,0.3192507929667885
0.00041596297518268544,0.003143339248800392,0.00044217563818693185,0.9993168289079034,1.000682134631319,0.11611364703034756,0.1966482550101789,260042834,69,TIC260042834_sector69.npy,0.3192411585845178
0.0003741196582910259,0.0028736587595209473,0.0003842091683690555,0.9993946374034933,1.000617403059042,0.14583642116946458,0.30832918762448447,141805180,61,TIC141805180_sector61.npy,0.31923770211145847
0.0006619002243242493,0.005194851482436591,0.0007055541449731451,0.9989567272514415,1.0010811116244476,0.11954881118410585,0.4750834299212916,350444342,67,TIC350444342_sector67.npy,0.3192341984172419
0.0003683467934843618,0.0031126259940041923,0.00037667038551023475,0.9994180244673975,1.0006227630774867,0.01841153665031981,0.3838898022246702,141805180,63,TIC141805180_sector63.npy,0.3192329353938414
0.0004005510909470303,0.003015528019195246,0.0004337280438889606,0.9993298182077637,1.0006506620755056,0.029568291298459955,0.4133346965731568,260042834,35,TIC260042834_sector35.npy,0.3192313470107383
0.0004194206924266804,0.0037705049512898325,0.00043531047991522513,0.9993714864223713,1.000748725826542,0.19782660806500377,0.532409443744577,260042834,29,TIC260042834_sector29.npy,0.3192303683176906
0.0005029178507025501,0.004367025421247894,0.0004991740404831981,0.9991907947664415,1.0008275815282621,0.0534839607631461,0.49100592847560254,141911519,68,TIC141911519_sector68.npy,0.3192299562194235
0.00035590070830469845,0.0029627118025966626,0.00034675619032809425,0.9994124550072848,1.000586245050896,0.006854292836177298,0.48198519696631736,278865342,69,TIC278865342_sector69.npy,0.3192299473626692
0.0003703165693664035,0.0032079502854640563,0.00038209404272153446,0.9994380793505718,1.0006004127030634,0.02886383280099992,0.5199003234746415,260659557,2,TIC260659557_sector2.npy,0.3192299473626692
0.00039280452352547944,0.0031080328358745746,0.00041668382882717827,0.999371906866896,1.00068442359696,0.09812003683719987,0.17330776072262788,260659557,89,TIC260659557_sector89.npy,0.31921348584691633
0.0004198202292722725,0.0032858003811688796,0.00045016188392478783,0.9993158580520133,1.00068080629074,0.1478190872777987,0.34294154146579015,141910606,8,TIC141910606_sector8.npy,0.3192038996291107
0.00047855954218179353,0.0035923671764714893,0.0004696424187072196,0.9992914488245499,1.0009276211177514,0.23611270736527862,0.5881197632730135,350343922,37,TIC350343922_sector37.npy,0.31918879697572
0.0004110164876570705,0.003611995431371473,0.0004192405630540598,0.9993337357127233,1.0006710758689186,0.20180372521456136,0.43273948828074715,141805180,36,TIC141805180_sector36.npy,0.31918492493927786
0.00044302811785696685,0.0037370292598786214,0.0004840733588931276,0.9992712488382449,1.0007217252246474,0.14573770485254348,0.49695456434890195,177252842,11,TIC177252842_sector11.npy,0.31918411597291013
0.0004391692578845433,0.0029843190449713175,0.00042401064075494905,0.9992775235466869,1.0007231438523505,0.139176360097312,0.36336995185733123,149121385,12,TIC149121385_sector12.npy,0.319183963388335
0.00042525230136207455,0.0037745659984769198,0.0003784685298447435,0.9992971344719109,1.0007345245745913,0.08010227911681708,0.7785497535090236,260659557,98,TIC260659557_sector98.npy,0.3191835018469957
0.0003809858542719323,0.002936892235758659,0.0003979373829905001,0.9993927629456901,1.000606096018771,0.13692490138337887,0.440862945021971,278683664,4,TIC278683664_sector4.npy,0.3191719114147027
0.000409829883451165,0.003427401004430841,0.0004488348548645793,0.9993192042847177,1.0006505069675495,0.0229260796994818,0.3689366193254493,260042834,89,TIC260042834_sector89.npy,0.3191712475259466
0.00041270473526633275,0.0032421289646251683,0.0004221552045888171,0.9993704480181552,1.0006639977507519,0.03448357038108177,0.28444794141620866,260659557,13,TIC260659557_sector13.npy,0.3191712475259466
0.0004093191036006824,0.002839551404808738,0.0004383228564938864,0.9993597256637796,1.0007028601463805,0.11132477723387305,0.15666678586737026,350343922,63,TIC350343922_sector63.npy,0.31916627309078904
0.0003473289990090712,0.002841681801690643,0.00037833619465227835,0.9994389700076952,1.0005741659992082,0.1219746376688293,0.6133519710428637,260002453,9,TIC260002453_sector9.npy,0.31916454129258687
0.00039960009928880326,0.0031496842708543804,0.0004295793383523023,0.9993451822104077,1.0006525973981582,0.16142067586949135,0.43733579342545736,260042834,7,TIC260042834_sector7.npy,0.3191640704255986
0.00037942578590678607,0.0027743129471706762,0.0003913120026011621,0.9993957128719939,1.000634470070998,0.08159205025050142,0.07638049928354196,141865875,39,TIC141865875_sector39.npy,0.3191625228066273
0.00043347715556776834,0.0035538178060012804,0.0004379142600932195,0.9992731488510083,1.0006918711112263,0.23746040589784015,0.7283013012695934,141805180,12,TIC141805180_sector12.npy,0.3191609831988858
0.0004119880755837333,0.003242436979736696,0.0003357943372569523,0.9993090468746667,1.0006706686884868,0.0730289986787292,0.3028337353987345,374912345,88,TIC374912345_sector88.npy,0.31915577948099827
0.00036042099335671825,0.003102146247274895,0.00038496151816061534,0.9994129923951224,1.0005846886035288,0.057941545037784724,0.4951564394031158,278683664,2,TIC278683664_sector2.npy,0.31915232659897297
0.000420291026179307,0.0035343457828131974,0.0004312028014146938,0.9993323933542541,1.000698048763508,0.17167391417708075,0.5684153126412959,260042834,4,TIC260042834_sector4.npy,0.31915088885182397
0.00048328001654856714,0.003819914016794046,0.0004957888475683395,0.9992234346559264,1.0007772455760005,0.17299597149815063,0.4800447324242567,176873028,7,TIC176873028_sector7.npy,0.31914607921004695
0.0003884089909282038,0.0028868657552294508,0.0003882148576379509,0.9993687805684321,1.0006377133331132,0.03084500315359884,0.06143694574898495,141865875,38,TIC141865875_sector38.npy,0.31913945250724
0.0004605870511882207,0.004281155790258673,0.00047200668125414703,0.9992667460123381,1.0007319402495802,0.1225486717347309,0.5048079793676075,141809220,37,TIC141809220_sector37.npy,0.31913795104074405
0.00041787992067375725,0.003189592686446252,0.00043341063423190496,0.999338483006394,1.0006893929422513,0.03373642541851622,0.06358368912619428,350343922,34,TIC350343922_sector34.npy,0.319136553952012
0.000428651217125884,0.0030169485351504433,0.00043043168568919596,0.9993237153426147,1.000681493621524,-0.01213115547812909,0.11663057829910972,350343922,65,TIC350343922_sector65.npy,0.31913109619117913
0.000511358630070251,0.004379389410376966,0.0005425707632135938,0.9991978823246183,1.000866229434947,0.08092762673729918,0.5920941903860895,350842552,87,TIC350842552_sector87.npy,0.3191270766816856
0.00045231293696758665,0.0035063916364175274,0.00036748778208589534,0.9992676493531497,1.0007723403813114,0.055472577201328484,0.3628014421822976,374912345,27,TIC374912345_sector27.npy,0.31912636741088146
0.0003597262767240709,0.003223839117222793,0.000395123151014816,0.9994206828894587,1.0005939725784863,0.10499432494171243,0.6454916845454242,350299588,6,TIC350299588_sector6.npy,0.3191245194971948
0.00037246521279997365,0.002933325895946526,0.0004004534461723123,0.9993785691504633,1.0006033873824909,0.11465517179517475,0.6880527637571174,260042834,62,TIC260042834_sector62.npy,0.3191245194971948
0.0005896870496392759,0.004826421853160401,0.0006068646488404292,0.9990262723842289,1.0009362143789247,0.08427494977960523,0.6344626776687914,141809220,13,TIC141809220_sector13.npy,0.31912376420377353
0.0003695349388708131,0.0027870693634296506,0.0004045701257686332,0.9993888477752476,1.0006298979302386,0.0632817103969686,0.46962192349651577,260002453,11,TIC260002453_sector11.npy,0.3191225535602659
0.0004008015593328578,0.003102318745592858,0.00039977495784905125,0.9993716677163121,1.0006498706062377,0.14948556169250396,0.23107550899077767,260128701,31,TIC260128701_sector31.npy,0.3191206050656899
0.00042966468307758474,0.003249289017918211,0.00037158032893642057,0.9992987409594494,1.0007190835838584,0.18183116358432258,0.4173954789634502,140997242,2,TIC140997242_sector2.npy,0.31911430267559926
0.0004406071321075864,0.00322542071878551,0.00040087654335155807,0.9993217620192929,1.0006996704902862,0.18570399965001586,0.07029678848204135,260128701,4,TIC260128701_sector4.npy,0.3191114981789547
0.0003882415076306161,0.0029967478195142006,0.00042394732070144325,0.9993756051199966,1.0006662213800621,0.09414989241398079,0.30090999286399,149971828,7,TIC149971828_sector7.npy,0.31911004111849334
0.0004173107609807873,0.0037169769169094202,0.00044789366856760865,0.999358250992631,1.0006887445364394,0.10111577011539377,0.9712759150816543,177252842,93,TIC177252842_sector93.npy,0.3191099690847422
0.0003681583341591754,0.0031473840821842902,0.0003593249248814335,0.9994325510696609,1.0006070845471091,0.16089867398919053,0.4458975950858024,278865342,13,TIC278865342_sector13.npy,0.3191092463654342
0.00040203547219026787,0.0031815374336378044,0.0004144818385831026,0.9993420821884631,1.0006502827892532,0.17245068383154966,0.5161049214083153,141805180,7,TIC141805180_sector7.npy,0.3191032131946733
0.000396418401754979,0.002958965878809061,0.00038498393297324156,0.9993516577769183,1.0006362351823412,0.014896929057539853,0.1026201200162351,260128701,37,TIC260128701_sector37.npy,0.31909098193463253
0.0004336500288756382,0.003569836121934622,0.0003389186070635328,0.9993095538378859,1.0006992773186918,0.07029554408446607,0.2207419964508599,374912345,61,TIC374912345_sector61.npy,0.3190869673949468
0.0003977511260666166,0.0028268765516019645,0.0004403750687706645,0.9993861282499744,1.0006500941051497,0.17254881054311696,0.5303505305577052,141910606,34,TIC141910606_sector34.npy,0.3190836964915266
0.00041545058708645214,0.003183452215877569,0.0003185480459652441,0.9993124157913651,1.0007139205740025,0.1445309620403663,0.01877143183451846,374912345,2,TIC374912345_sector2.npy,0.3190765974750966
0.0003526249535831545,0.003069638720986978,0.0003399347521731232,0.9994564899048269,1.0006147059533201,0.12095278498840832,0.43569016940355265,278865342,90,TIC278865342_sector90.npy,0.31907132721270204
0.0003863592829736203,0.002886640982332045,0.0004103493611832069,0.999383897532666,1.0006558262804603,0.08901019073200192,0.1132224006548892,141910606,68,TIC141910606_sector68.npy,0.31906699360888213
0.0005003524310803436,0.0036740499058309783,0.0005213646539802236,0.9992186127061604,1.0009152867357947,0.19506616207495467,0.5253841842534333,141809220,62,TIC141809220_sector62.npy,0.3190585851787109
0.0003750866666684912,0.0030582323964881697,0.00036221951218405276,0.9994226619409307,1.0006567316015837,0.12074771458172553,0.2691873901157873,278865342,12,TIC278865342_sector12.npy,0.31905381359895235
0.0004371422479106407,0.0033490260212875045,0.00038191286730649576,0.9992977805576772,1.0007093129089724,0.08192700082907083,0.10782630988960173,374912345,5,TIC374912345_sector5.npy,0.3190535367062004
0.0003753942221476022,0.003474528973676283,0.0004106954367432376,0.9993906762743284,1.0006036218922645,0.14300327611659971,0.6225088231154619,278683664,93,TIC278683664_sector93.npy,0.31905167085991826
0.0003870769826875756,0.0037459181783364714,0.0003897049923810929,0.9993955645775269,1.0006232435837914,0.1547437441347364,0.9607397845019618,260659557,94,TIC260659557_sector94.npy,0.31904122534025675
0.0006762070051690027,0.006062478685003203,0.0007012075586285885,0.9988879088890736,1.0010625001845916,0.06418650121184923,0.6813443299955733,278899461,95,TIC278899461_sector95.npy,0.31904111605995905
0.0004051651124680872,0.00319870909415354,0.0004080461882032027,0.9993498302308345,1.0006200764684805,0.0657128497859663,0.21493299887502237,278683664,98,TIC278683664_sector98.npy,0.31903641947292444
0.00045181222891178444,0.004029306764165574,0.0003731232467339843,0.9992717154067511,1.0007264480620417,0.15598727829056713,0.332340532135861,140997242,8,TIC140997242_sector8.npy,0.31903266028759514
0.0003873470766535872,0.002951913800761208,0.00041633487330104224,0.999383810917377,1.0006382618669727,0.08687918446079458,0.10134432289422746,149971828,4,TIC149971828_sector4.npy,0.31903188490837286
0.0003806050746712855,0.0030432404863784956,0.0003752295710076339,0.9993917041722795,1.000630177934692,0.08145753702948468,0.40291117561799084,278865342,38,TIC278865342_sector38.npy,0.31902752551962227
0.0003945941009443593,0.002820767144956715,0.00041038626697049,0.9993737536383015,1.0006476690739083,0.09303634613979453,0.07509979611878137,278683664,88,TIC278683664_sector88.npy,0.3190185340412578
0.0004529921139222221,0.003050480656271448,0.00039067543347296065,0.9992769561292288,1.0007557625588872,0.08693033664223866,0.039278584437527186,374912345,64,TIC374912345_sector64.npy,0.3190050831258983
0.00039373738846219743,0.0030883705386123284,0.00039871605215672487,0.9993652501580538,1.0006806317348715,0.07725254774304513,0.6188744381683962,260128701,28,TIC260128701_sector28.npy,0.3190037227870352
0.00041933382871089,0.0033896188667035254,0.0003764033517220885,0.9993059248317915,1.0007088979523404,0.08488852051451468,0.3119528154064728,140997242,9,TIC140997242_sector9.npy,0.3190027620475413
0.00037746587509709543,0.0032425297156148947,0.0003723069041719263,0.9994134405321263,1.0006478880132474,0.07419600171117845,0.36453294850167994,141865875,13,TIC141865875_sector13.npy,0.31900256601808374
0.00035850219018275764,0.0028629960740157445,0.0003531263464554447,0.9994530168492686,1.0006120976733157,0.12009106512650465,0.41703730357885904,278865342,62,TIC278865342_sector62.npy,0.3190025247280507
0.0006424584222444968,0.00532734793745826,0.000676092487049096,0.9989003354346395,1.0010382993743736,0.10778043187234733,0.5630651688007231,260419879,28,TIC260419879_sector28.npy,0.3190025026101912
0.0004550316524807617,0.0036931036356416813,0.0004696033938661973,0.9992755789981899,1.0007729154015919,0.11998610641525,0.4954088424410399,350343922,98,TIC350343922_sector98.npy,0.3190017645543653
0.00037717753992015104,0.0031226788560536622,0.00040817639442310535,0.9993783942000252,1.0005811849027548,0.09220352997453636,0.6138301843191405,350299588,13,TIC350299588_sector13.npy,0.3190000754502516
0.00039454013738600126,0.002952498478044796,0.00037984494975043905,0.999373868694047,1.0006260072224682,0.003300465703076628,0.16303186894170762,141865875,9,TIC141865875_sector9.npy,0.3189974310221926
0.0005153379871259067,0.004389866132071596,0.0004997843948333475,0.9991962039982816,1.0009191705764113,0.20819656938311548,0.4523200820735047,176873028,65,TIC176873028_sector65.npy,0.3189950366888895
0.00043079100979498554,0.0035603899106771975,0.00040090892980056375,0.9993287736202269,1.0006984336658957,0.05001054020900653,0.3495926730058825,149121385,13,TIC149121385_sector13.npy,0.3189910774711405
0.0003998508068509543,0.0033179863834496004,0.00043504430659099797,0.9993643408602553,1.0006768712825855,0.03163511080534087,0.49733349147302874,260042834,90,TIC260042834_sector90.npy,0.3189831321885089
0.0004064246329468396,0.003257024393369834,0.0004382996488865183,0.9993415800393155,1.0006766304352532,0.04513016970997754,0.4741336168566841,141910606,94,TIC141910606_sector94.npy,0.3189831321885089
0.00040615070428048314,0.003280130663244285,0.0004398740530037259,0.999345601462013,1.0006725313704785,0.05013546423111776,0.4615408247901125,260042834,32,TIC260042834_sector32.npy,0.3189831321885089
0.00037831648141660484,0.002870110224321487,0.00035965304070815536,0.9993273787221473,1.0006203149048103,0.052318288317444936,0.17983535096379333,278865342,10,TIC278865342_sector10.npy,0.3189683113747139
0.000430293343619337,0.0028457519032163425,0.0004430676105367031,0.9992777295951932,1.0006649438741988,0.08339368045347621,-0.04062799858896282,141809220,61,TIC141809220_sector61.npy,0.31896804480942187
0.0003891810134699048,0.0027626339243318476,0.0004295569154004851,0.9993672341093188,1.0006403074628385,0.1462709049327806,0.4258708008325409,278683664,9,TIC278683664_sector9.npy,0.31896620445391566
0.00048018511865018484,0.003846202472015059,0.0004463466679006907,0.999216994330817,1.0008461304938774,-0.03439397178900761,0.44286330540528507,260128701,97,TIC260128701_sector97.npy,0.3189580817888716
0.0004090214167945973,0.003822563702855608,0.0004261951558232899,0.9993566536173001,1.0006507436000327,0.12583808106745484,1.0254140712387656,350343922,61,TIC350343922_sector61.npy,0.3189396694888958
0.0003993381985156706,0.0030944196975078997,0.00043002242351079453,0.9993700405328328,1.0006562694971037,0.1011793406815911,0.4008462819580827,141910606,97,TIC141910606_sector97.npy,0.3189366735317954
0.0004029347973532377,0.0035087719413392504,0.00041775710119509787,0.9993864372619414,1.0006977651359683,0.045760845989546335,0.43602173042860404,141805180,31,TIC141805180_sector31.npy,0.3189165515334107
0.000367153738736703,0.0030864027893341417,0.0003862360044981018,0.9994306551573605,1.000635478357687,0.16057865728581192,0.7750111271656155,260002453,13,TIC260002453_sector13.npy,0.3189055642809114
0.00039834163688978286,0.0039376510384453445,0.0004064007725381576,0.999358124689968,1.0006476760570924,0.014197859746705494,0.8438729497303972,260659557,96,TIC260659557_sector96.npy,0.31890361827724106
0.0003611791903229994,0.0031011841511234817,0.00034494410140703183,0.999427108661771,1.000630859960879,0.13487458141440234,0.6758047810519319,278865342,2,TIC278865342_sector2.npy,0.3188959439664833
0.00040741755661282645,0.003588299909959569,0.0004061310607167235,0.9993413067172203,1.0006194890151334,0.057582256988975344,0.8026128761777556,260128701,5,TIC260128701_sector5.npy,0.3188860718363226
0.0004063810752168058,0.0030933920872275866,0.00041392340285113745,0.9993284143440362,1.000662483001195,0.11861404388661395,0.2986049892598306,141805180,5,TIC141805180_sector5.npy,0.3188830514665312
0.0003635875107800907,0.0031063593625012542,0.0003981516752995363,0.999410500980188,1.0006172056296405,0.03533781129956,0.5550265572995188,350742475,94,TIC350742475_sector94.npy,0.31887968977803816
0.0004361758819309116,0.003446594931911351,0.0004556901555580331,0.9993121328415385,1.000727790120541,0.07894809808647811,0.19935026775886477,260042834,13,TIC260042834_sector13.npy,0.3188679371641231
0.00040875537548245536,0.003052724928593098,0.00044297535295710204,0.9993230062320042,1.0007009404875864,0.13392492005240858,0.4211432606649228,141910606,37,TIC141910606_sector37.npy,0.3188625245122105
0.0003996145524501717,0.003194717063251029,0.0003964716406443546,0.9993307506068849,1.0006399374593498,0.09035489414377758,0.366968373088421,141805180,67,TIC141805180_sector67.npy,0.3188610436612405
0.0004383950791337257,0.003119750578040814,0.0004551019269597491,0.9993177543784522,1.0007594475313737,0.03598384305934415,-0.03572956619853329,260042834,97,TIC260042834_sector97.npy,0.31885576296284485
0.0004294662781995886,0.003557491235024357,0.00043023504226434817,0.9992979753460092,1.0006989574874512,0.2123415904008661,0.5147751026986547,141809220,34,TIC141809220_sector34.npy,0.31884801985041017
0.0004464256909642854,0.003628610310713376,0.0004829786860499701,0.9993048272382524,1.0007494754187407,0.15756340495889365,0.5131321671993057,350343922,62,TIC350343922_sector62.npy,0.31884763363357455
0.0004101392266885342,0.00329499761491836,0.000376901075662231,0.9993427078678206,1.0006574676294238,0.06246366772627063,0.32018620266714937,260128701,1,TIC260128701_sector1.npy,0.3188471887173575
0.00038053355281902185,0.0029398415367598574,0.0003577859455231394,0.9993698249582894,1.000641988473811,0.11334306976878594,0.1786520097986104,141865875,27,TIC141865875_sector27.npy,0.31884486385352895
0.00039031377844046263,0.003065272045771228,0.000413562975814217,0.9993750559134544,1.0006280754713832,0.03750888729172473,0.4438046665073938,141910606,1,TIC141910606_sector1.npy,0.3188356324282675
0.0004302825056009762,0.003614246617169359,0.00045053995535930026,0.9993289272617751,1.000730872433217,0.13809064543191088,0.40446514566594916,260659557,38,TIC260659557_sector38.npy,0.31883069329339064
0.00047713251791304173,0.0038234990143740655,0.0003930011948779332,0.9991990419062174,1.0007757453589987,0.05151889327141066,0.3981110910785972,374912345,12,TIC374912345_sector12.npy,0.31882642149178203
0.00037460744680938815,0.0029232674905559364,0.00041539934934563933,0.9993879084155173,1.0006344207503002,0.08208764974090496,0.44907651639776214,278683664,34,TIC278683664_sector34.npy,0.31881909324270397
0.00040178144301233334,0.0029414689325408805,0.0004224793068314307,0.9993567246305708,1.0006431319572568,0.10556754352387673,0.10095181150926802,141910606,88,TIC141910606_sector88.npy,0.3188141132863096
0.0003874669030865972,0.00334691931884612,0.0003757309630854808,0.9993440481727465,1.0006109542288195,0.09056772468817385,0.49160163539107193,141865875,98,TIC141865875_sector98.npy,0.31881090492543623
0.0004001424624025419,0.0034622146457981007,0.00032964556795805655,0.9993767132510527,1.0006641676211756,-0.004072388250930305,0.4590346974719699,374912345,1,TIC374912345_sector1.npy,0.3188056422433295
0.0004452023464298683,0.0033429680030149234,0.00045295960207580085,0.9993000048784192,1.0007484814999217,0.06378957231123651,0.09961581172625689,350343922,95,TIC350343922_sector95.npy,0.31880555843315983
0.00042649226151594236,0.0030288192804932557,0.000446153931087809,0.9992878399731758,1.0006918189925609,0.12131328007452463,0.44553921865181945,260042834,39,TIC260042834_sector39.npy,0.3188040286062366
0.00044943553338796946,0.003222874527143871,0.0004363033416638764,0.9993105112874485,1.0007975155109512,0.04746040588292562,0.1871001989077361,141809220,87,TIC141809220_sector87.npy,0.31880097505905647
0.0004281015832192993,0.003959341083085488,0.0004346232003212384,0.9993621561896915,1.0007993376015032,0.04681541715842467,0.55855934965173,260659557,93,TIC260659557_sector93.npy,0.3187909979449473
0.00044539662744072397,0.00328852498884713,0.0003555694429418344,0.9992535996639531,1.000721083812589,0.0917650086142691,0.04837756601732002,374912345,13,TIC374912345_sector13.npy,0.3187882156343104
0.00040348482287881247,0.003343586071012261,0.00043639049189701573,0.9993467807526083,1.0006754064660808,0.14884473720802402,0.5745908750322379,141910606,36,TIC141910606_sector36.npy,0.31878222651535576
0.00042533487263489667,0.0030567159721697212,0.0004386010703797502,0.9992447773069583,1.0006519038292112,0.014004771792573137,0.5073617944746696,141910606,69,TIC141910606_sector69.npy,0.3187733537327941
0.00047638428346210584,0.0034243957221914423,0.0004113978899569352,0.999219570482322,1.0007616664218502,0.01645742603076774,0.05017785156183496,140997242,12,TIC140997242_sector12.npy,0.3187578459940585
0.000414516980314897,0.0033819627086474346,0.00041984110923725814,0.9993330420266938,1.0006809746610088,0.07321608327858178,0.5780787330392356,149121385,10,TIC149121385_sector10.npy,0.31872769759669334
0.0003728659028856001,0.002837486323774119,0.0003824293301748553,0.9994181849017282,1.0006286210959174,0.06073852498438262,0.496503569523957,278683664,67,TIC278683664_sector67.npy,0.3187245695053257
0.0004893711005656587,0.004063474393903865,0.0005125683672662376,0.9992109372662887,1.000799488608589,0.010795455296119326,0.6914527010493798,141809220,88,TIC141809220_sector88.npy,0.3187214005235373
0.00042936880728537344,0.003322255513495409,0.00045507904462403233,0.9993202465444249,1.0007300810447612,0.07232084037159532,0.191216070551405,350343922,90,TIC350343922_sector90.npy,0.31871334745803215
0.0004018003201487369,0.0032890612806897312,0.00041413086771722806,0.9993956913204027,1.0006793699534775,0.10292363543499779,0.512208672416921,260659557,37,TIC260659557_sector37.npy,0.31870818037219323
0.00043481064058598724,0.0035040982895532258,0.0004547985509258002,0.9993284233037188,1.000692393149194,0.018894314546061008,0.1841340553948725,350343922,87,TIC350343922_sector87.npy,0.31870341496281357
0.0004320021899619345,0.002985969810219369,0.0003824916188483129,0.9993206241860335,1.0007231185229193,0.03492988716688611,0.11711819525710121,140997242,4,TIC140997242_sector4.npy,0.3187023146257028
0.00047146116425165894,0.00392299060037693,0.0004689562495300647,0.9992625738217069,1.000862732444864,0.12174638970569365,0.6380240719654915,141809220,67,TIC141809220_sector67.npy,0.3186956874732928
0.0003936484753341887,0.0030703973851953226,0.00042067284497791953,0.9993929430465653,1.000639101898034,0.06324526778108196,0.511150710201945,260042834,95,TIC260042834_sector95.npy,0.3186924303919181
0.00040215231294845255,0.0034068426272078067,0.00043618971413740597,0.9993664220496034,1.0006850068583983,0.08733569772584848,0.5396368556341162,141809220,39,TIC141809220_sector39.npy,0.318688687829688
0.0004227467678060145,0.0034279849808224183,0.0004140431696064481,0.9993363230430024,1.0007150751179459,0.1512646028408911,0.5730489433535468,260659557,69,TIC260659557_sector69.npy,0.3186832623276433
0.00039427670460224227,0.0029498498560254216,0.0004123053669846254,0.9993604553248563,1.0006539449942575,0.1506216608762704,0.4994496215592683,141805180,65,TIC141805180_sector65.npy,0.3186830664945206
0.0004343771915304653,0.0036977825819179966,0.0004484932587188272,0.9993470635392038,1.0007769786677825,0.14841816347434192,0.31816434372504077,278683664,38,TIC278683664_sector38.npy,0.31868239999962034
0.0003696002810858643,0.003057277176720108,0.00040143716730733713,0.9994038951226466,1.0006317489672174,0.08695937887323667,0.46619399976591236,278683664,90,TIC278683664_sector90.npy,0.3186787709646598
0.0004352505681418714,0.0034303383461152803,0.0003851450970350269,0.9993077497179776,1.0007449276393727,0.10254003485232258,0.3067333480475951,140997242,7,TIC140997242_sector7.npy,0.3186760336960647
0.0005817222074599357,0.004837620694649436,0.0005589172181317712,0.999025580982015,1.0009500509356937,0.08820363924033905,0.4833284336051018,176873028,10,TIC176873028_sector10.npy,0.3186676768959122
0.0004290248789272517,0.0034117388595079623,0.00043893628032271097,0.9993212641057342,1.0007005775462505,0.16830566326364108,0.554794104409865,260128701,30,TIC260128701_sector30.npy,0.31866640564878035
0.0004068450223757537,0.0034511132742749417,0.00039369712020709144,0.999371292446028,1.0006875630562402,0.13617150551356128,0.46702514966572206,260128701,39,TIC260128701_sector39.npy,0.31863542677536655
0.00041319889725465614,0.003577388609762644,0.0004392941365713137,0.999339659367875,1.000686464893954,0.1492217387022958,0.6202145089074067,141910606,61,TIC141910606_sector61.npy,0.3186181054737876
0.00042686838954524286,0.00350253853890492,0.0004467579646030875,0.999328719453539,1.0007134382225882,0.01236373743857505,0.5196549386118021,350343922,96,TIC350343922_sector96.npy,0.3186042387859762
0.000375869005048453,0.0029096410727349475,0.00040084418907918436,0.999408714211584,1.0006216924953277,0.09261579534934704,0.6487739980770799,278683664,6,TIC278683664_sector6.npy,0.31858750748714926
0.00037223213148954116,0.003024976229555554,0.0003999448110903392,0.9994213703011597,1.0006273941897383,0.08821202744057142,0.7784967548178061,350742475,38,TIC350742475_sector38.npy,0.31858750748714926
0.00043918971442442266,0.003432247695847934,0.00045698303071801054,0.9993071336979322,1.000688954842702,0.04428771126815506,0.5140192057560142,350343922,93,TIC350343922_sector93.npy,0.31858405061480305
0.0003968853268989318,0.0037564316046422297,0.0004297997331125486,0.9993815995710448,1.0006673492017373,0.025055827287684605,0.6610724770487555,350299588,11,TIC350299588_sector11.npy,0.31856360283448804
0.0004287818661078954,0.0032700652353734316,0.0004453829461879936,0.9993151104764049,1.0007078839854235,0.12060121221952597,0.17118883939899865,350343922,88,TIC350343922_sector88.npy,0.318562339815172
0.00037672271876605917,0.003228291734238997,0.0004138004556124036,0.9993812691089686,1.0006218388032502,0.14605504286526497,0.5618107002663786,350299588,37,TIC350299588_sector37.npy,0.3185545790003684
0.00042869923801403464,0.003050764657716809,0.0003729354762733982,0.9993240094246313,1.0006905428432904,0.07251468154891019,0.0976356524105304,374912345,30,TIC374912345_sector30.npy,0.31854599575751447
0.0003819068290683812,0.0030966958358392693,0.00041314014221234964,0.9993703449779284,1.0006332482385185,0.11704435749811481,0.46564324550002834,141910606,62,TIC141910606_sector62.npy,0.31854143265964646
0.00047368309716435005,0.002993851934074643,0.00041659317316451397,0.9992214601902382,1.000807957541567,0.08661947172133251,0.5787047876070757,260128701,29,TIC260128701_sector29.npy,0.31853510075622704
0.00040532735936851637,0.0034497294732649397,0.00040722498289818936,0.9993429199860613,1.0006693266442679,0.06143289295721695,0.5540169366524021,149121385,9,TIC149121385_sector9.npy,0.3185162350462192
0.0004697358946012871,0.003686413874570582,0.0004491339754444632,0.9992605017108379,1.0007441634113328,0.1140887412363282,0.42230223269615896,149971828,98,TIC149971828_sector98.npy,0.31851189466635144
0.0003949924687736262,0.0030704603228927096,0.0004353930630026505,0.9993895421912159,1.000669765029093,0.12053611072368108,0.7599337649473363,260042834,34,TIC260042834_sector34.npy,0.31851078684968187
0.0004339267302330047,0.0032122346293755877,0.0003647209031199144,0.9993108190610788,1.000717129905633,0.13435414646395857,0.1405783327854948,374912345,36,TIC374912345_sector36.npy,0.3185015858203392
0.0003983752666546074,0.0030317216788531276,0.00038226336159137813,0.9993638141348465,1.000652748085348,0.07830620387354795,0.0005373383742335314,260128701,6,TIC260128701_sector6.npy,0.31850125046980954
0.00036572240907852666,0.0028188848363372987,0.00039001682748282583,0.999419354441541,1.0006364174137667,0.10775998275309857,0.5058875090338342,350299588,4,TIC350299588_sector4.npy,0.31849195691026116
0.0004379220851362543,0.0035342041679859992,0.0004597768399922274,0.9993129468962233,1.000735785956808,0.16506159838667683,0.49280703425625605,176873028,64,TIC176873028_sector64.npy,0.3184862089540917
0.00045767593761575543,0.0040374668592022545,0.0003789469253805811,0.9992266966480818,1.000733984230624,0.128837324990659,0.38715997849650474,374912345,62,TIC374912345_sector62.npy,0.3184703957945614
0.0004061282052819947,0.003515232324996065,0.0004427218689641212,0.9993530959028776,1.000666099936665,0.010473427026899036,0.5994181911367318,260042834,64,TIC260042834_sector64.npy,0.3184649654181333
0.0004025048233291071,0.003604509257906674,0.0004436302679980049,0.9993319579136101,1.0006567220528226,0.020467446890935968,0.5219769971874366,260042834,93,TIC260042834_sector93.npy,0.3184649654181333
0.00040259694275856985,0.003312904184745946,0.00043009666196152616,0.999363378640653,1.0006639895013754,0.14745110323634666,0.5013765397929641,278683664,30,TIC278683664_sector30.npy,0.3184304904579271
0.00039098317517980916,0.003526416559629153,0.000409496007579535,0.9993872394323258,1.000654543144954,0.09496502242812568,0.8362168224048667,141805180,11,TIC141805180_sector11.npy,0.318425535056856
0.0004393934414617939,0.0036527256659517615,0.00044547307042392277,0.9992671980794248,1.000707888647538,0.14571553508987756,0.6221687624092471,141809220,5,TIC141809220_sector5.npy,0.3184123693117157
0.00039276551090925674,0.0037272448688102644,0.0003896122759567451,0.9993878693369316,1.000641311549915,0.0143958311136728,0.706049167305907,141805180,6,TIC141805180_sector6.npy,0.3184096545906544
0.0004271509862473531,0.003757583630754291,0.000440454685536355,0.9993378584318201,1.000692514511308,0.06403045293184177,0.47289883194845617,350343922,69,TIC350343922_sector69.npy,0.31835978814290006
0.0004295428403475561,0.0034723442232094115,0.0004522488400002905,0.99932739584674,1.0006960409764827,0.05860017726432832,0.4993916699488068,141809220,30,TIC141809220_sector30.npy,0.31835440573579066
0.0004494367523809411,0.003441042384498494,0.00035911446485247,0.9992738815758214,1.000739956461327,0.09687163438036317,0.47084823071582793,374912345,35,TIC374912345_sector35.npy,0.3183489675211209
0.00040493719639344156,0.0032249163839190853,0.00044014925327158256,0.9993654985782174,1.0006678383005907,0.12008851475989263,0.5163528696700221,260042834,33,TIC260042834_sector33.npy,0.3183239958209914
0.00044651845835119415,0.0032976271912283917,0.000448949799261818,0.9993156062090472,1.0007375212247065,0.0891415288903485,0.42341390149733504,350343922,29,TIC350343922_sector29.npy,0.3183154441782515
0.0004642572500327399,0.003787567836815553,0.0003758190795661119,0.9992845567051887,1.0007392241783497,0.12089178590921128,0.6740705336470607,260128701,68,TIC260128701_sector68.npy,0.31829093505934525
0.0004421964809693071,0.0036914434905515048,0.0003905848547762173,0.9992982953183271,1.0007517537819595,0.12093804731764339,0.4667501239829206,140997242,5,TIC140997242_sector5.npy,0.3182221880431453
0.0004345827419914244,0.0037461861122334295,0.000440139115627109,0.9993317794700107,1.0007397203386057,0.15819895190968916,0.5575032048863435,260128701,38,TIC260128701_sector38.npy,0.3181431541147428
0.00043333459338482425,0.0035711404866248797,0.00044120819753195104,0.9992050252681625,1.0006940065321155,0.0804943798312505,0.5265809426435788,141809220,10,TIC141809220_sector10.npy,0.318029009518788
